"Station Name","PUKASKWA (AUT)"
"Province","ONTARIO"
"Latitude","48.59"
"Longitude","-86.29"
"Elevation","207.60"
"Climate Identifier","6046767"
"WMO Identifier","71750"
"TC Identifier","WCJ"
"All times are specified in Local Standard Time (LST). Add 1 hour to adjust for Daylight Saving Time where and when it is observed."

"Legend"
"E","Estimated"
"M","Missing"
"NA","Not Available"

"Date/Time","Year","Month","Day","Time","Temp (°C)","Temp Flag","Dew Point Temp (°C)","Dew Point Temp Flag","Rel Hum (%)","Rel Hum Flag","Wind Dir (10s deg)","Wind Dir Flag","Wind Spd (km/h)","Wind Spd Flag","Visibility (km)","Visibility Flag","Stn Press (kPa)","Stn Press Flag","Hmdx","Hmdx Flag","Wind Chill","Wind Chill Flag","Weather"
"2011-09-01 00:00","2011","09","01","00:00","18.4","","15.5","","83","","17","","15","","","","99.11","","","","","","NA"
"2011-09-01 01:00","2011","09","01","01:00","18.6","","15.4","","82","","14","","9","","","","99.07","","","","","","NA"
"2011-09-01 02:00","2011","09","01","02:00","18.1","","15.1","","83","","13","","9","","","","99.01","","","","","","NA"
"2011-09-01 03:00","2011","09","01","03:00","18.1","","15.1","","83","","12","","7","","","","98.99","","","","","","NA"
"2011-09-01 04:00","2011","09","01","04:00","17.8","","14.9","","83","","10","","9","","","","98.96","","","","","","NA"
"2011-09-01 05:00","2011","09","01","05:00","17.3","","15.0","","86","","9","","6","","","","99.02","","","","","","NA"
"2011-09-01 06:00","2011","09","01","06:00","17.7","","14.9","","84","","10","","9","","","","98.99","","","","","","NA"
"2011-09-01 07:00","2011","09","01","07:00","17.7","","14.9","","84","","11","","9","","","","99.00","","","","","","NA"
"2011-09-01 08:00","2011","09","01","08:00","20.0","","15.0","","73","","14","","6","","","","98.96","","","","","","NA"
"2011-09-01 09:00","2011","09","01","09:00","19.2","","15.4","","79","","20","","19","","","","98.95","","","","","","NA"
"2011-09-01 10:00","2011","09","01","10:00","19.8","","16.0","","79","","20","","24","","","","98.98","","","","","","NA"
"2011-09-01 11:00","2011","09","01","11:00","20.2","","16.2","","78","","18","","19","","","","98.91","","25","","","","NA"
"2011-09-01 12:00","2011","09","01","12:00","18.1","","16.4","","90","","22","","28","","","","98.93","","","","","","NA"
"2011-09-01 13:00","2011","09","01","13:00","19.5","","16.5","","83","","16","","32","","","","98.44","","","","","","NA"
"2011-09-01 14:00","2011","09","01","14:00","19.7","","16.4","","81","","18","","20","","","","98.55","","","","","","NA"
"2011-09-01 15:00","2011","09","01","15:00","21.7","","16.8","","74","","17","","17","","","","98.57","","27","","","","NA"
"2011-09-01 16:00","2011","09","01","16:00","22.0","","16.0","","69","","18","","26","","","","98.49","","27","","","","NA"
"2011-09-01 17:00","2011","09","01","17:00","21.7","","16.5","","72","","18","","24","","","","98.51","","27","","","","NA"
"2011-09-01 18:00","2011","09","01","18:00","20.8","","16.7","","77","","17","","22","","","","98.50","","26","","","","NA"
"2011-09-01 19:00","2011","09","01","19:00","22.9","","16.3","","66","","15","","26","","","","98.31","","28","","","","NA"
"2011-09-01 20:00","2011","09","01","20:00","22.8","","17.3","","71","","15","","17","","","","98.31","","28","","","","NA"
"2011-09-01 21:00","2011","09","01","21:00","22.0","","17.8","","77","","17","","28","","","","98.37","","28","","","","NA"
"2011-09-01 22:00","2011","09","01","22:00","21.8","","17.3","","76","","17","","32","","","","98.28","","27","","","","NA"
"2011-09-01 23:00","2011","09","01","23:00","21.5","","17.2","","77","","17","","32","","","","98.24","","27","","","","NA"
"2011-09-02 00:00","2011","09","02","00:00","21.2","","17.2","","78","","17","","28","","","","98.23","","27","","","","NA"
"2011-09-02 01:00","2011","09","02","01:00","20.7","","17.5","","82","","17","","30","","","","98.17","","26","","","","NA"
"2011-09-02 02:00","2011","09","02","02:00","20.9","","17.4","","80","","16","","20","","","","98.05","","26","","","","NA"
"2011-09-02 03:00","2011","09","02","03:00","20.2","","17.3","","83","","16","","22","","","","98.04","","26","","","","NA"
"2011-09-02 04:00","2011","09","02","04:00","20.4","","17.5","","83","","17","","13","","","","98.02","","26","","","","NA"
"2011-09-02 05:00","2011","09","02","05:00","21.0","","18.1","","84","","16","","13","","","","97.88","","27","","","","NA"
"2011-09-02 06:00","2011","09","02","06:00","20.6","","18.4","","87","","15","","15","","","","97.73","","27","","","","NA"
"2011-09-02 07:00","2011","09","02","07:00","21.1","","18.3","","84","","19","","11","","","","97.82","","27","","","","NA"
"2011-09-02 08:00","2011","09","02","08:00","19.2","","18.2","","94","","18","","26","","","","97.86","","","","","","NA"
"2011-09-02 09:00","2011","09","02","09:00","19.1","","18.3","","95","","20","","17","","","","97.83","","","","","","NA"
"2011-09-02 10:00","2011","09","02","10:00","18.8","","17.8","","94","","19","","13","","","","97.84","","","","","","NA"
"2011-09-02 11:00","2011","09","02","11:00","18.2","","16.7","","91","","28","","7","","","","97.96","","","","","","NA"
"2011-09-02 12:00","2011","09","02","12:00","19.2","","16.9","","87","","29","","7","","","","98.09","","","","","","NA"
"2011-09-02 13:00","2011","09","02","13:00","21.3","","18.1","","82","","2","","6","","","","98.16","","27","","","","NA"
"2011-09-02 14:00","2011","09","02","14:00","21.4","","17.0","","76","","30","","13","","","","98.23","","27","","","","NA"
"2011-09-02 15:00","2011","09","02","15:00","21.2","","16.8","","76","","27","","17","","","","98.25","","26","","","","NA"
"2011-09-02 16:00","2011","09","02","16:00","19.6","","16.2","","81","","25","","9","","","","98.33","","","","","","NA"
"2011-09-02 17:00","2011","09","02","17:00","20.3","","15.8","","75","","29","","19","","","","98.40","","25","","","","NA"
"2011-09-02 18:00","2011","09","02","18:00","20.9","","14.8","","68","","33","","13","","","","98.42","","25","","","","NA"
"2011-09-02 19:00","2011","09","02","19:00","20.7","","12.2","","58","","35","","9","","","","98.48","","","","","","NA"
"2011-09-02 20:00","2011","09","02","20:00","18.8","","12.0","","65","","34","","9","","","","98.59","","","","","","NA"
"2011-09-02 21:00","2011","09","02","21:00","16.7","","13.0","","79","","6","","7","","","","98.67","","","","","","NA"
"2011-09-02 22:00","2011","09","02","22:00","15.3","","12.5","","83","","8","","6","","","","98.71","","","","","","NA"
"2011-09-02 23:00","2011","09","02","23:00","14.8","","11.8","","82","","3","","7","","","","98.76","","","","","","NA"
"2011-09-03 00:00","2011","09","03","00:00","13.4","","11.6","","89","","7","","7","","","","98.80","","","","","","NA"
"2011-09-03 01:00","2011","09","03","01:00","12.3","","11.0","","92","","7","","7","","","","98.81","","","","","","NA"
"2011-09-03 02:00","2011","09","03","02:00","12.0","","10.8","","92","","7","","11","","","","98.80","","","","","","NA"
"2011-09-03 03:00","2011","09","03","03:00","11.2","","10.0","","92","","7","","11","","","","98.81","","","","","","NA"
"2011-09-03 04:00","2011","09","03","04:00","10.5","","9.2","","92","","4","","11","","","","98.79","","","","","","NA"
"2011-09-03 05:00","2011","09","03","05:00","9.9","","9.0","","94","","5","","13","","","","98.77","","","","","","NA"
"2011-09-03 06:00","2011","09","03","06:00","10.5","","10.0","","97","","7","","13","","","","98.75","","","","","","NA"
"2011-09-03 07:00","2011","09","03","07:00","11.0","","9.6","","91","","7","","9","","","","98.79","","","","","","NA"
"2011-09-03 08:00","2011","09","03","08:00","14.5","","11.5","","82","","8","","11","","","","98.78","","","","","","NA"
"2011-09-03 09:00","2011","09","03","09:00","19.3","","12.6","","65","","13","","6","","","","98.69","","","","","","NA"
"2011-09-03 10:00","2011","09","03","10:00","19.6","","12.3","","63","","24","","6","","","","98.73","","","","","","NA"
"2011-09-03 11:00","2011","09","03","11:00","20.0","","14.2","","69","","21","","15","","","","98.71","","","","","","NA"
"2011-09-03 12:00","2011","09","03","12:00","19.6","","14.7","","73","","21","","11","","","","98.62","","","","","","NA"
"2011-09-03 13:00","2011","09","03","13:00","19.3","","14.8","","75","","23","","17","","","","98.54","","","","","","NA"
"2011-09-03 14:00","2011","09","03","14:00","19.7","","14.9","","74","","21","","13","","","","98.48","","","","","","NA"
"2011-09-03 15:00","2011","09","03","15:00","20.1","","14.7","","71","","19","","9","","","","98.42","","","","","","NA"
"2011-09-03 16:00","2011","09","03","16:00","18.8","","14.1","","74","","25","","6","","","","98.40","","","","","","NA"
"2011-09-03 17:00","2011","09","03","17:00","18.5","","14.5","","78","","20","","11","","","","98.35","","","","","","NA"
"2011-09-03 18:00","2011","09","03","18:00","17.8","","14.9","","83","","20","","9","","","","98.29","","","","","","NA"
"2011-09-03 19:00","2011","09","03","19:00","17.3","","14.9","","86","","17","","9","","","","98.17","","","","","","NA"
"2011-09-03 20:00","2011","09","03","20:00","16.8","","15.9","","94","","21","","15","","","","98.15","","","","","","NA"
"2011-09-03 21:00","2011","09","03","21:00","16.6","","14.3","","86","","14","","13","","","","98.10","","","","","","NA"
"2011-09-03 22:00","2011","09","03","22:00","15.9","","14.4","","91","","9","","9","","","","98.04","","","","","","NA"
"2011-09-03 23:00","2011","09","03","23:00","15.7","","14.2","","91","","8","","9","","","","98.02","","","","","","NA"
"2011-09-04 00:00","2011","09","04","00:00","15.5","","14.4","","93","","6","","6","","","","97.96","","","","","","NA"
"2011-09-04 01:00","2011","09","04","01:00","15.1","","14.1","","94","","3","","11","","","","97.93","","","","","","NA"
"2011-09-04 02:00","2011","09","04","02:00","15.3","","13.5","","89","","5","","9","","","","97.89","","","","","","NA"
"2011-09-04 03:00","2011","09","04","03:00","14.5","","13.0","","91","","4","","7","","","","97.89","","","","","","NA"
"2011-09-04 04:00","2011","09","04","04:00","13.6","","12.5","","93","","4","","13","","","","97.95","","","","","","NA"
"2011-09-04 05:00","2011","09","04","05:00","13.4","","12.1","","92","","2","","9","","","","98.10","","","","","","NA"
"2011-09-04 06:00","2011","09","04","06:00","12.6","","10.5","","87","","4","","17","","","","98.16","","","","","","NA"
"2011-09-04 07:00","2011","09","04","07:00","11.0","","8.5","","85","","2","","19","","","","98.29","","","","","","NA"
"2011-09-04 08:00","2011","09","04","08:00","9.3","","7.4","","88","","2","","20","","","","98.39","","","","","","NA"
"2011-09-04 09:00","2011","09","04","09:00","9.4","","5.8","","78","","4","","28","","","","98.47","","","","","","NA"
"2011-09-04 10:00","2011","09","04","10:00","9.7","","5.9","","77","","3","","24","","","","98.61","","","","","","NA"
"2011-09-04 11:00","2011","09","04","11:00","10.8","","5.3","","69","","3","","26","","","","98.69","","","","","","NA"
"2011-09-04 12:00","2011","09","04","12:00","11.2","","5.0","","66","","3","","19","","","","98.77","","","","","","NA"
"2011-09-04 13:00","2011","09","04","13:00","10.7","","4.8","","67","","3","","22","","","","98.86","","","","","","NA"
"2011-09-04 14:00","2011","09","04","14:00","10.5","","4.8","","68","","1","","19","","","","98.96","","","","","","NA"
"2011-09-04 15:00","2011","09","04","15:00","10.9","","4.4","","64","","2","","19","","","","99.03","","","","","","NA"
"2011-09-04 16:00","2011","09","04","16:00","10.3","","4.1","","65","","1","","22","","","","99.11","","","","","","NA"
"2011-09-04 17:00","2011","09","04","17:00","9.6","","3.8","","67","","2","","20","","","","99.22","","","","","","NA"
"2011-09-04 18:00","2011","09","04","18:00","9.5","","3.0","","64","","4","","17","","","","99.26","","","","","","NA"
"2011-09-04 19:00","2011","09","04","19:00","9.1","","2.6","","64","","4","","13","","","","99.31","","","","","","NA"
"2011-09-04 20:00","2011","09","04","20:00","8.0","","3.2","","72","","36","","6","","","","99.38","","","","","","NA"
"2011-09-04 21:00","2011","09","04","21:00","7.0","","3.1","","76","","4","","7","","","","99.42","","","","","","NA"
"2011-09-04 22:00","2011","09","04","22:00","6.2","","3.6","","83","","2","","7","","","","99.46","","","","","","NA"
"2011-09-04 23:00","2011","09","04","23:00","5.9","","3.8","","86","","4","","9","","","","99.49","","","","","","NA"
"2011-09-05 00:00","2011","09","05","00:00","5.3","","3.8","","90","","3","","9","","","","99.51","","","","","","NA"
"2011-09-05 01:00","2011","09","05","01:00","3.9","","3.3","","96","","6","","6","","","","99.52","","","","","","NA"
"2011-09-05 02:00","2011","09","05","02:00","4.3","","3.2","","93","","3","","11","","","","99.54","","","","","","NA"
"2011-09-05 03:00","2011","09","05","03:00","4.5","","3.1","","91","","4","","9","","","","99.60","","","","","","NA"
"2011-09-05 04:00","2011","09","05","04:00","4.8","","2.7","","86","","4","","9","","","","99.63","","","","","","NA"
"2011-09-05 05:00","2011","09","05","05:00","5.3","","2.6","","83","","3","","11","","","","99.64","","","","","","NA"
"2011-09-05 06:00","2011","09","05","06:00","5.3","","2.8","","84","","3","","11","","","","99.67","","","","","","NA"
"2011-09-05 07:00","2011","09","05","07:00","5.6","","3.0","","83","","2","","9","","","","99.71","","","","","","NA"
"2011-09-05 08:00","2011","09","05","08:00","7.1","","3.4","","77","","3","","9","","","","99.74","","","","","","NA"
"2011-09-05 09:00","2011","09","05","09:00","8.9","","3.3","","68","","3","","6","","","","99.76","","","","","","NA"
"2011-09-05 10:00","2011","09","05","10:00","10.1","","2.3","","58","","1","","7","","","","99.78","","","","","","NA"
"2011-09-05 11:00","2011","09","05","11:00","10.8","","1.9","","54","","2","","9","","","","99.77","","","","","","NA"
"2011-09-05 12:00","2011","09","05","12:00","12.5","","1.6","","47","","33","","9","","","","99.72","","","","","","NA"
"2011-09-05 13:00","2011","09","05","13:00","12.7","","2.2","","49","","28","","15","","","","99.69","","","","","","NA"
"2011-09-05 14:00","2011","09","05","14:00","13.3","","2.7","","49","","28","","17","","","","99.64","","","","","","NA"
"2011-09-05 15:00","2011","09","05","15:00","12.7","","3.3","","53","","28","","19","","","","99.60","","","","","","NA"
"2011-09-05 16:00","2011","09","05","16:00","12.8","","4.1","","55","","28","","17","","","","99.60","","","","","","NA"
"2011-09-05 17:00","2011","09","05","17:00","12.9","","4.4","","56","","28","","15","","","","99.58","","","","","","NA"
"2011-09-05 18:00","2011","09","05","18:00","12.4","","4.9","","60","","29","","13","","","","99.58","","","","","","NA"
"2011-09-05 19:00","2011","09","05","19:00","11.9","","5.3","","64","","29","","13","","","","99.56","","","","","","NA"
"2011-09-05 20:00","2011","09","05","20:00","11.6","","5.6","","67","","29","","11","","","","99.57","","","","","","NA"
"2011-09-05 21:00","2011","09","05","21:00","10.3","","6.0","","75","","28","","4","","","","99.61","","","","","","NA"
"2011-09-05 22:00","2011","09","05","22:00","7.0","","5.3","","89","","7","","9","","","","99.60","","","","","","NA"
"2011-09-05 23:00","2011","09","05","23:00","6.4","","5.4","","93","","7","","9","","","","99.63","","","","","","NA"
"2011-09-06 00:00","2011","09","06","00:00","5.8","","5.0","","95","","7","","13","","","","99.63","","","","","","NA"
"2011-09-06 01:00","2011","09","06","01:00","5.1","","4.6","","97","","7","","11","","","","99.65","","","","","","NA"
"2011-09-06 02:00","2011","09","06","02:00","4.6","","4.0","","96","","7","","13","","","","99.67","","","","","","NA"
"2011-09-06 03:00","2011","09","06","03:00","4.7","","4.3","","97","","7","","13","","","","99.70","","","","","","NA"
"2011-09-06 04:00","2011","09","06","04:00","4.4","","4.1","","98","","8","","13","","","","99.70","","","","","","NA"
"2011-09-06 05:00","2011","09","06","05:00","4.2","","3.9","","98","","8","","11","","","","99.72","","","","","","NA"
"2011-09-06 06:00","2011","09","06","06:00","4.3","","4.0","","98","","8","","13","","","","99.75","","","","","","NA"
"2011-09-06 07:00","2011","09","06","07:00","5.3","","4.7","","96","","8","","13","","","","99.79","","","","","","NA"
"2011-09-06 08:00","2011","09","06","08:00","8.5","","6.2","","85","","7","","7","","","","99.86","","","","","","NA"
"2011-09-06 09:00","2011","09","06","09:00","13.0","","7.3","","68","","20","","19","","","","99.84","","","","","","NA"
"2011-09-06 10:00","2011","09","06","10:00","13.5","","7.3","","66","","21","","19","","","","99.87","","","","","","NA"
"2011-09-06 11:00","2011","09","06","11:00","14.3","","7.1","","62","","21","","17","","","","99.88","","","","","","NA"
"2011-09-06 12:00","2011","09","06","12:00","15.2","","7.0","","58","","20","","19","","","","99.89","","","","","","NA"
"2011-09-06 13:00","2011","09","06","13:00","14.5","","7.2","","62","","22","","19","","","","99.87","","","","","","NA"
"2011-09-06 14:00","2011","09","06","14:00","14.5","","7.2","","62","","22","","19","","","","99.87","","","","","","NA"
"2011-09-06 15:00","2011","09","06","15:00","14.7","","7.8","","63","","22","","19","","","","99.82","","","","","","NA"
"2011-09-06 16:00","2011","09","06","16:00","15.0","","9.3","","69","","22","","19","","","","99.79","","","","","","NA"
"2011-09-06 17:00","2011","09","06","17:00","14.8","","9.5","","71","","23","","19","","","","99.79","","","","","","NA"
"2011-09-06 18:00","2011","09","06","18:00","13.8","","9.2","","74","","22","","17","","","","99.77","","","","","","NA"
"2011-09-06 19:00","2011","09","06","19:00","13.2","","9.0","","76","","22","","15","","","","99.75","","","","","","NA"
"2011-09-06 20:00","2011","09","06","20:00","12.9","","9.5","","80","","21","","19","","","","99.76","","","","","","NA"
"2011-09-06 21:00","2011","09","06","21:00","13.0","","9.0","","77","","20","","17","","","","99.74","","","","","","NA"
"2011-09-06 22:00","2011","09","06","22:00","12.5","","7.9","","74","","19","","13","","","","99.77","","","","","","NA"
"2011-09-06 23:00","2011","09","06","23:00","8.7","","7.2","","90","","10","","6","","","","99.76","","","","","","NA"
"2011-09-07 00:00","2011","09","07","00:00","13.0","","8.8","","76","","21","","22","","","","99.77","","","","","","NA"
"2011-09-07 01:00","2011","09","07","01:00","13.7","","8.3","","70","","22","","22","","","","99.79","","","","","","NA"
"2011-09-07 02:00","2011","09","07","02:00","13.7","","8.1","","69","","21","","22","","","","99.79","","","","","","NA"
"2011-09-07 03:00","2011","09","07","03:00","13.7","","9.4","","75","","21","","22","","","","99.76","","","","","","NA"
"2011-09-07 04:00","2011","09","07","04:00","14.1","","9.9","","76","","21","","24","","","","99.76","","","","","","NA"
"2011-09-07 05:00","2011","09","07","05:00","14.1","","10.6","","79","","21","","24","","","","99.77","","","","","","NA"
"2011-09-07 06:00","2011","09","07","06:00","14.6","","10.8","","78","","22","","22","","","","99.78","","","","","","NA"
"2011-09-07 07:00","2011","09","07","07:00","14.8","","11.9","","83","","21","","20","","","","99.82","","","","","","NA"
"2011-09-07 08:00","2011","09","07","08:00","15.5","","12.2","","81","","21","","20","","","","99.81","","","","","","NA"
"2011-09-07 09:00","2011","09","07","09:00","16.2","","12.3","","78","","21","","20","","","","99.80","","","","","","NA"
"2011-09-07 10:00","2011","09","07","10:00","17.0","","13.1","","78","","20","","22","","","","99.81","","","","","","NA"
"2011-09-07 11:00","2011","09","07","11:00","17.7","","13.3","","75","","19","","20","","","","99.82","","","","","","NA"
"2011-09-07 12:00","2011","09","07","12:00","17.6","","13.4","","76","","20","","17","","","","99.80","","","","","","NA"
"2011-09-07 13:00","2011","09","07","13:00","17.6","","13.6","","77","","21","","15","","","","99.77","","","","","","NA"
"2011-09-07 14:00","2011","09","07","14:00","17.5","","13.8","","79","","22","","15","","","","99.77","","","","","","NA"
"2011-09-07 15:00","2011","09","07","15:00","17.6","","13.7","","78","","22","","13","","","","99.73","","","","","","NA"
"2011-09-07 16:00","2011","09","07","16:00","17.7","","14.1","","79","","23","","13","","","","99.72","","","","","","NA"
"2011-09-07 17:00","2011","09","07","17:00","17.5","","13.6","","78","","22","","9","","","","99.72","","","","","","NA"
"2011-09-07 18:00","2011","09","07","18:00","17.2","","13.3","","78","","21","","9","","","","99.72","","","","","","NA"
"2011-09-07 19:00","2011","09","07","19:00","16.7","","13.7","","82","","19","","6","","","","99.72","","","","","","NA"
"2011-09-07 20:00","2011","09","07","20:00","15.9","","13.8","","87","","18","","4","","","","99.77","","","","","","NA"
"2011-09-07 21:00","2011","09","07","21:00","13.9","","12.6","","92","","7","","7","","","","99.81","","","","","","NA"
"2011-09-07 22:00","2011","09","07","22:00","12.9","","11.9","","94","","6","","7","","","","99.82","","","","","","NA"
"2011-09-07 23:00","2011","09","07","23:00","13.6","","12.5","","93","","8","","6","","","","99.81","","","","","","NA"
"2011-09-08 00:00","2011","09","08","00:00","13.4","","12.2","","92","","6","","9","","","","99.79","","","","","","NA"
"2011-09-08 01:00","2011","09","08","01:00","13.1","","11.9","","92","","5","","17","","","","99.81","","","","","","NA"
"2011-09-08 02:00","2011","09","08","02:00","13.8","","12.2","","90","","5","","15","","","","99.80","","","","","","NA"
"2011-09-08 03:00","2011","09","08","03:00","13.2","","11.9","","92","","6","","13","","","","99.80","","","","","","NA"
"2011-09-08 04:00","2011","09","08","04:00","11.5","","10.7","","95","","6","","11","","","","99.85","","","","","","NA"
"2011-09-08 05:00","2011","09","08","05:00","10.9","","10.4","","97","","6","","11","","","","99.85","","","","","","NA"
"2011-09-08 06:00","2011","09","08","06:00","10.0","","9.4","","96","","5","","11","","","","99.86","","","","","","NA"
"2011-09-08 07:00","2011","09","08","07:00","10.3","","9.2","","93","","6","","11","","","","99.89","","","","","","NA"
"2011-09-08 08:00","2011","09","08","08:00","12.4","","9.9","","85","","5","","11","","","","99.87","","","","","","NA"
"2011-09-08 09:00","2011","09","08","09:00","18.0","","13.3","","74","","6","","6","","","","99.84","","","","","","NA"
"2011-09-08 10:00","2011","09","08","10:00","19.2","","12.8","","66","","24","","4","","","","99.85","","","","","","NA"
"2011-09-08 11:00","2011","09","08","11:00","19.1","","14.5","","75","","21","","9","","","","99.85","","","","","","NA"
"2011-09-08 12:00","2011","09","08","12:00","20.8","","15.2","","70","","19","","11","","","","99.81","","25","","","","NA"
"2011-09-08 13:00","2011","09","08","13:00","19.2","","14.6","","75","","21","","9","","","","99.75","","","","","","NA"
"2011-09-08 14:00","2011","09","08","14:00","19.9","","14.9","","73","","22","","6","","","","99.72","","","","","","NA"
"2011-09-08 15:00","2011","09","08","15:00","19.2","","14.4","","74","","23","","7","","","","99.60","","","","","","NA"
"2011-09-08 16:00","2011","09","08","16:00","19.8","","14.8","","73","","21","","9","","","","99.53","","","","","","NA"
"2011-09-08 17:00","2011","09","08","17:00","18.9","","14.4","","75","","22","","9","","","","99.44","","","","","","NA"
"2011-09-08 18:00","2011","09","08","18:00","18.8","","14.5","","76","","20","","9","","","","99.36","","","","","","NA"
"2011-09-08 19:00","2011","09","08","19:00","17.4","","14.4","","83","","21","","9","","","","99.31","","","","","","NA"
"2011-09-08 20:00","2011","09","08","20:00","16.7","","14.9","","89","","18","","11","","","","99.31","","","","","","NA"
"2011-09-08 21:00","2011","09","08","21:00","16.6","","15.2","","91","","18","","9","","","","99.32","","","","","","NA"
"2011-09-08 22:00","2011","09","08","22:00","16.6","","15.3","","92","","19","","11","","","","99.28","","","","","","NA"
"2011-09-08 23:00","2011","09","08","23:00","16.4","","15.3","","93","","19","","17","","","","99.26","","","","","","NA"
"2011-09-09 00:00","2011","09","09","00:00","16.4","","15.4","","94","","18","","15","","","","99.22","","","","","","NA"
"2011-09-09 01:00","2011","09","09","01:00","16.1","","15.2","","94","","18","","15","","","","99.18","","","","","","NA"
"2011-09-09 02:00","2011","09","09","02:00","15.7","","14.4","","92","","17","","6","","","","99.16","","","","","","NA"
"2011-09-09 03:00","2011","09","09","03:00","13.7","","13.0","","96","","8","","6","","","","99.17","","","","","","NA"
"2011-09-09 04:00","2011","09","09","04:00","12.8","","12.3","","97","","8","","7","","","","99.15","","","","","","NA"
"2011-09-09 05:00","2011","09","09","05:00","12.4","","11.9","","97","","4","","9","","","","99.15","","","","","","NA"
"2011-09-09 06:00","2011","09","09","06:00","12.0","","11.6","","97","","5","","11","","","","99.16","","","","","","NA"
"2011-09-09 07:00","2011","09","09","07:00","11.7","","10.9","","95","","4","","7","","","","99.19","","","","","","NA"
"2011-09-09 08:00","2011","09","09","08:00","15.8","","13.4","","86","","7","","6","","","","99.18","","","","","","NA"
"2011-09-09 09:00","2011","09","09","09:00","19.1","","14.3","","74","","8","","11","","","","99.19","","","","","","NA"
"2011-09-09 10:00","2011","09","09","10:00","22.4","","14.8","","62","","6","","9","","","","99.21","","26","","","","NA"
"2011-09-09 11:00","2011","09","09","11:00","25.6","","15.5","","54","","3","","11","","","","99.20","","30","","","","NA"
"2011-09-09 12:00","2011","09","09","12:00","27.1","","13.4","","43","","7","","15","","","","99.17","","30","","","","NA"
"2011-09-09 13:00","2011","09","09","13:00","28.7","","12.1","","36","","4","","9","","","","99.11","","31","","","","NA"
"2011-09-09 14:00","2011","09","09","14:00","29.0","","10.0","","31","","5","","11","","","","99.07","","30","","","","NA"
"2011-09-09 15:00","2011","09","09","15:00","29.9","","9.9","","29","","5","","9","","","","99.01","","31","","","","NA"
"2011-09-09 16:00","2011","09","09","16:00","29.2","","8.9","","28","","5","","15","","","","98.98","","30","","","","NA"
"2011-09-09 17:00","2011","09","09","17:00","29.0","","8.3","","27","","36","","15","","","","99.00","","30","","","","NA"
"2011-09-09 18:00","2011","09","09","18:00","27.4","","9.1","","32","","3","","13","","","","99.02","","28","","","","NA"
"2011-09-09 19:00","2011","09","09","19:00","25.2","","8.5","","35","","5","","11","","","","99.05","","26","","","","NA"
"2011-09-09 20:00","2011","09","09","20:00","22.7","","9.5","","43","","4","","11","","","","99.14","","","","","","NA"
"2011-09-09 21:00","2011","09","09","21:00","20.9","","9.1","","47","","4","","13","","","","99.19","","","","","","NA"
"2011-09-09 22:00","2011","09","09","22:00","20.1","","8.2","","46","","8","","9","","","","99.21","","","","","","NA"
"2011-09-09 23:00","2011","09","09","23:00","19.1","","8.2","","49","","9","","15","","","","99.23","","","","","","NA"
"2011-09-10 00:00","2011","09","10","00:00","16.9","","8.4","","57","","6","","15","","","","99.23","","","","","","NA"
"2011-09-10 01:00","2011","09","10","01:00","15.4","","8.5","","63","","5","","15","","","","99.23","","","","","","NA"
"2011-09-10 02:00","2011","09","10","02:00","14.6","","8.5","","67","","6","","11","","","","99.24","","","","","","NA"
"2011-09-10 03:00","2011","09","10","03:00","13.3","","8.4","","72","","8","","6","","","","99.26","","","","","","NA"
"2011-09-10 04:00","2011","09","10","04:00","11.7","","8.3","","80","","4","","11","","","","99.30","","","","","","NA"
"2011-09-10 05:00","2011","09","10","05:00","12.1","","8.4","","78","","7","","15","","","","99.32","","","","","","NA"
"2011-09-10 06:00","2011","09","10","06:00","10.7","","7.9","","83","","5","","13","","","","99.34","","","","","","NA"
"2011-09-10 07:00","2011","09","10","07:00","11.9","","7.3","","73","","5","","15","","","","99.35","","","","","","NA"
"2011-09-10 08:00","2011","09","10","08:00","14.7","","8.4","","66","","6","","15","","","","99.34","","","","","","NA"
"2011-09-10 09:00","2011","09","10","09:00","19.3","","8.6","","50","","6","","7","","","","99.37","","","","","","NA"
"2011-09-10 10:00","2011","09","10","10:00","20.7","","6.1","","39","","20","","6","","","","99.36","","","","","","NA"
"2011-09-10 11:00","2011","09","10","11:00","21.8","","4.3","","32","","24","","7","","","","99.35","","","","","","NA"
"2011-09-10 12:00","2011","09","10","12:00","21.7","","9.0","","44","","22","","7","","","","99.32","","","","","","NA"
"2011-09-10 13:00","2011","09","10","13:00","21.2","","11.7","","55","","23","","7","","","","99.26","","","","","","NA"
"2011-09-10 14:00","2011","09","10","14:00","20.7","","13.2","","62","","24","","9","","","","99.23","","","","","","NA"
"2011-09-10 15:00","2011","09","10","15:00","20.0","","13.5","","66","","24","","9","","","","99.17","","","","","","NA"
"2011-09-10 16:00","2011","09","10","16:00","20.0","","13.3","","65","","23","","7","","","","99.11","","","","","","NA"
"2011-09-10 17:00","2011","09","10","17:00","19.9","","13.4","","66","","21","","11","","","","99.05","","","","","","NA"
"2011-09-10 18:00","2011","09","10","18:00","19.3","","13.9","","71","","18","","9","","","","98.98","","","","","","NA"
"2011-09-10 19:00","2011","09","10","19:00","17.8","","14.4","","80","","17","","13","","","","98.92","","","","","","NA"
"2011-09-10 20:00","2011","09","10","20:00","17.5","","13.9","","79","","18","","13","","","","98.90","","","","","","NA"
"2011-09-10 21:00","2011","09","10","21:00","17.5","","14.2","","81","","20","","15","","","","98.91","","","","","","NA"
"2011-09-10 22:00","2011","09","10","22:00","17.5","","13.3","","76","","19","","17","","","","98.88","","","","","","NA"
"2011-09-10 23:00","2011","09","10","23:00","17.5","","13.7","","78","","18","","15","","","","98.84","","","","","","NA"
"2011-09-11 00:00","2011","09","11","00:00","17.6","","13.4","","76","","20","","19","","","","98.83","","","","","","NA"
"2011-09-11 01:00","2011","09","11","01:00","17.4","","13.3","","77","","19","","17","","","","98.77","","","","","","NA"
"2011-09-11 02:00","2011","09","11","02:00","17.4","","13.3","","77","","20","","17","","","","98.68","","","","","","NA"
"2011-09-11 03:00","2011","09","11","03:00","17.9","","13.4","","75","","19","","19","","","","98.62","","","","","","NA"
"2011-09-11 04:00","2011","09","11","04:00","18.1","","14.5","","79","","19","","20","","","","98.59","","","","","","NA"
"2011-09-11 05:00","2011","09","11","05:00","17.5","","15.1","","86","","18","","20","","","","98.56","","","","","","NA"
"2011-09-11 06:00","2011","09","11","06:00","17.4","","15.3","","87","","18","","24","","","","98.51","","","","","","NA"
"2011-09-11 07:00","2011","09","11","07:00","17.6","","15.3","","86","","19","","20","","","","98.50","","","","","","NA"
"2011-09-11 08:00","2011","09","11","08:00","17.7","","15.4","","86","","19","","20","","","","98.48","","","","","","NA"
"2011-09-11 09:00","2011","09","11","09:00","18.5","","15.4","","82","","19","","22","","","","98.46","","","","","","NA"
"2011-09-11 10:00","2011","09","11","10:00","19.5","","15.7","","79","","18","","19","","","","98.42","","","","","","NA"
"2011-09-11 11:00","2011","09","11","11:00","20.0","","16.0","","78","","18","","19","","","","98.41","","25","","","","NA"
"2011-09-11 12:00","2011","09","11","12:00","20.5","","16.1","","76","","18","","26","","","","98.36","","25","","","","NA"
"2011-09-11 13:00","2011","09","11","13:00","20.6","","16.0","","75","","18","","22","","","","98.33","","25","","","","NA"
"2011-09-11 14:00","2011","09","11","14:00","20.9","","16.0","","74","","20","","22","","","","98.30","","26","","","","NA"
"2011-09-11 15:00","2011","09","11","15:00","21.2","","15.9","","72","","20","","20","","","","98.28","","26","","","","NA"
"2011-09-11 16:00","2011","09","11","16:00","20.7","","15.8","","74","","20","","22","","","","98.24","","25","","","","NA"
"2011-09-11 17:00","2011","09","11","17:00","20.1","","15.8","","76","","19","","19","","","","98.26","","25","","","","NA"
"2011-09-11 18:00","2011","09","11","18:00","19.2","","15.8","","81","","20","","15","","","","98.26","","","","","","NA"
"2011-09-11 19:00","2011","09","11","19:00","18.0","","15.8","","87","","20","","9","","","","98.31","","","","","","NA"
"2011-09-11 20:00","2011","09","11","20:00","17.1","","15.8","","92","","25","","4","","","","98.40","","","","","","NA"
"2011-09-11 21:00","2011","09","11","21:00","16.4","","15.2","","93","","5","","4","","","","98.51","","","","","","NA"
"2011-09-11 22:00","2011","09","11","22:00","17.8","","10.8","","64","","6","","9","","","","98.52","","","","","","NA"
"2011-09-11 23:00","2011","09","11","23:00","16.8","","8.4","","58","","4","","19","","","","98.61","","","","","","NA"
"2011-09-12 00:00","2011","09","12","00:00","15.8","","7.0","","56","","5","","22","","","","98.63","","","","","","NA"
"2011-09-12 01:00","2011","09","12","01:00","14.3","","7.1","","62","","5","","17","","","","98.67","","","","","","NA"
"2011-09-12 02:00","2011","09","12","02:00","13.3","","7.6","","68","","6","","19","","","","98.70","","","","","","NA"
"2011-09-12 03:00","2011","09","12","03:00","12.3","","7.3","","71","","6","","19","","","","98.74","","","","","","NA"
"2011-09-12 04:00","2011","09","12","04:00","11.7","","7.4","","75","","7","","20","","","","98.69","","","","","","NA"
"2011-09-12 05:00","2011","09","12","05:00","11.2","","7.2","","76","","7","","19","","","","98.67","","","","","","NA"
"2011-09-12 06:00","2011","09","12","06:00","10.7","","7.4","","80","","8","","22","","","","98.64","","","","","","NA"
"2011-09-12 07:00","2011","09","12","07:00","10.7","","7.3","","79","","7","","20","","","","98.63","","","","","","NA"
"2011-09-12 08:00","2011","09","12","08:00","12.3","","7.5","","72","","8","","17","","","","98.59","","","","","","NA"
"2011-09-12 09:00","2011","09","12","09:00","15.4","","8.0","","61","","10","","19","","","","98.48","","","","","","NA"
"2011-09-12 10:00","2011","09","12","10:00","18.3","","9.0","","55","","10","","9","","","","98.40","","","","","","NA"
"2011-09-12 11:00","2011","09","12","11:00","20.0","","9.6","","51","","16","","11","","","","98.23","","","","","","NA"
"2011-09-12 12:00","2011","09","12","12:00","20.9","","13.8","","64","","17","","22","","","","98.09","","","","","","NA"
"2011-09-12 13:00","2011","09","12","13:00","20.0","","13.9","","68","","18","","30","","","","97.96","","","","","","NA"
"2011-09-12 14:00","2011","09","12","14:00","19.3","","14.7","","75","","18","","33","","","","97.83","","","","","","NA"
"2011-09-12 15:00","2011","09","12","15:00","19.2","","14.5","","74","","17","","39","","","","97.64","","","","","","NA"
"2011-09-12 16:00","2011","09","12","16:00","21.0","","14.0","","64","","17","","41","","","","97.43","","","","","","NA"
"2011-09-12 17:00","2011","09","12","17:00","20.4","","15.1","","72","","17","","46","","","","97.23","","","","","","NA"
"2011-09-12 18:00","2011","09","12","18:00","21.0","","15.3","","70","","18","","46","","","","97.11","","25","","","","NA"
"2011-09-12 19:00","2011","09","12","19:00","19.1","","13.9","","72","","26","","41","","","","97.29","","","","","","NA"
"2011-09-12 20:00","2011","09","12","20:00","16.0","","15.1","","94","","21","","13","","","","97.24","","","","","","NA"
"2011-09-12 21:00","2011","09","12","21:00","16.0","","14.6","","91","","22","","26","","","","97.32","","","","","","NA"
"2011-09-12 22:00","2011","09","12","22:00","16.0","","15.0","","94","","28","","24","","","","97.43","","","","","","NA"
"2011-09-12 23:00","2011","09","12","23:00","13.2","","10.8","","85","","33","","26","","","","97.58","","","","","","NA"
"2011-09-13 00:00","2011","09","13","00:00","9.8","","6.9","","82","","34","","26","","","","97.77","","","","","","NA"
"2011-09-13 01:00","2011","09","13","01:00","8.2","","4.9","","80","","34","","22","","","","97.87","","","","","","NA"
"2011-09-13 02:00","2011","09","13","02:00","7.6","","4.7","","82","","34","","15","","","","97.96","","","","","","NA"
"2011-09-13 03:00","2011","09","13","03:00","7.2","","4.2","","81","","35","","13","","","","98.04","","","","","","NA"
"2011-09-13 04:00","2011","09","13","04:00","6.5","","3.5","","81","","35","","13","","","","98.18","","","","","","NA"
"2011-09-13 05:00","2011","09","13","05:00","6.5","","3.1","","79","","35","","17","","","","98.24","","","","","","NA"
"2011-09-13 06:00","2011","09","13","06:00","6.2","","3.3","","82","","35","","11","","","","98.36","","","","","","NA"
"2011-09-13 07:00","2011","09","13","07:00","6.4","","3.1","","79","","35","","9","","","","98.43","","","","","","NA"
"2011-09-13 08:00","2011","09","13","08:00","7.0","","3.3","","77","","35","","6","","","","98.49","","","","","","NA"
"2011-09-13 09:00","2011","09","13","09:00","8.0","","3.3","","72","","35","","11","","","","98.52","","","","","","NA"
"2011-09-13 10:00","2011","09","13","10:00","8.5","","3.1","","69","","35","","7","","","","98.55","","","","","","NA"
"2011-09-13 11:00","2011","09","13","11:00","10.5","","3.8","","63","","28","","7","","","","98.54","","","","","","NA"
"2011-09-13 12:00","2011","09","13","12:00","11.2","","4.8","","65","","24","","15","","","","98.52","","","","","","NA"
"2011-09-13 13:00","2011","09","13","13:00","12.3","","5.1","","61","","25","","15","","","","98.50","","","","","","NA"
"2011-09-13 14:00","2011","09","13","14:00","12.8","","5.8","","62","","23","","19","","","","98.46","","","","","","NA"
"2011-09-13 15:00","2011","09","13","15:00","12.6","","7.4","","71","","21","","22","","","","98.45","","","","","","NA"
"2011-09-13 16:00","2011","09","13","16:00","13.1","","8.8","","75","","21","","30","","","","98.40","","","","","","NA"
"2011-09-13 17:00","2011","09","13","17:00","13.0","","8.3","","73","","21","","32","","","","98.36","","","","","","NA"
"2011-09-13 18:00","2011","09","13","18:00","13.5","","9.6","","77","","20","","39","","","","98.27","","","","","","NA"
"2011-09-13 19:00","2011","09","13","19:00","12.8","","10.8","","88","","20","","46","","","","98.16","","","","","","NA"
"2011-09-13 20:00","2011","09","13","20:00","12.0","","10.6","","91","","23","","39","","","","98.17","","","","","","NA"
"2011-09-13 21:00","2011","09","13","21:00","11.6","","9.2","","85","","29","","41","","","","98.14","","","","","","NA"
"2011-09-13 22:00","2011","09","13","22:00","12.3","","8.7","","79","","28","","30","","","","98.09","","","","","","NA"
"2011-09-13 23:00","2011","09","13","23:00","12.5","","8.7","","78","","28","","32","","","","98.07","","","","","","NA"
"2011-09-14 00:00","2011","09","14","00:00","12.1","","8.5","","79","","28","","32","","","","98.05","","","","","","NA"
"2011-09-14 01:00","2011","09","14","01:00","11.1","","5.7","","69","","29","","35","","","","98.07","","","","","","NA"
"2011-09-14 02:00","2011","09","14","02:00","9.8","","6.0","","77","","31","","28","","","","98.10","","","","","","NA"
"2011-09-14 03:00","2011","09","14","03:00","9.0","","4.3","","72","","30","","26","","","","98.17","","","","","","NA"
"2011-09-14 04:00","2011","09","14","04:00","7.1","","2.8","","74","","29","","41","","","","98.25","","","","","","NA"
"2011-09-14 05:00","2011","09","14","05:00","6.7","","3.2","","78","","30","","22","","","","98.33","","","","","","NA"
"2011-09-14 06:00","2011","09","14","06:00","6.6","","3.0","","78","","30","","30","","","","98.38","","","","","","NA"
"2011-09-14 07:00","2011","09","14","07:00","6.2","","2.5","","77","","30","","28","","","","98.43","","","","","","NA"
"2011-09-14 08:00","2011","09","14","08:00","5.9","","1.7","","74","","32","","32","","","","98.51","","","","","","NA"
"2011-09-14 09:00","2011","09","14","09:00","6.1","","0.4","","67","","32","","28","","","","98.62","","","","","","NA"
"2011-09-14 10:00","2011","09","14","10:00","6.8","","1.0","","66","","31","","30","","","","98.69","","","","","","NA"
"2011-09-14 11:00","2011","09","14","11:00","7.9","","0.4","","59","","31","","33","","","","98.74","","","","","","NA"
"2011-09-14 12:00","2011","09","14","12:00","8.3","","1.0","","60","","31","","19","","","","98.85","","","","","","NA"
"2011-09-14 13:00","2011","09","14","13:00","5.9","","3.2","","83","","31","","37","","","","98.93","","","","","","NA"
"2011-09-14 14:00","2011","09","14","14:00","8.1","","0.6","","59","","32","","30","","","","98.97","","","","","","NA"
"2011-09-14 15:00","2011","09","14","15:00","8.4","","1.3","","61","","32","","26","","","","98.99","","","","","","NA"
"2011-09-14 16:00","2011","09","14","16:00","8.6","","0.1","","55","","31","","19","","","","99.04","","","","","","NA"
"2011-09-14 17:00","2011","09","14","17:00","7.8","","-0.2","","57","","35","","13","","","","99.08","","","","","","NA"
"2011-09-14 18:00","2011","09","14","18:00","6.9","","-1.3","","56","","34","","19","","","","99.14","","","","","","NA"
"2011-09-14 19:00","2011","09","14","19:00","5.9","","-0.7","","63","","35","","15","","","","99.20","","","","","","NA"
"2011-09-14 20:00","2011","09","14","20:00","5.9","","1.0","","71","","34","","19","","","","99.27","","","","","","NA"
"2011-09-14 21:00","2011","09","14","21:00","5.9","","0.3","","67","","33","","19","","","","99.31","","","","","","NA"
"2011-09-14 22:00","2011","09","14","22:00","5.6","","0.5","","70","","34","","19","","","","99.33","","","","","","NA"
"2011-09-14 23:00","2011","09","14","23:00","5.2","","0.7","","73","","33","","19","","","","99.34","","","","","","NA"
"2011-09-15 00:00","2011","09","15","00:00","5.2","","0.8","","73","","33","","19","","","","99.39","","","","","","NA"
"2011-09-15 01:00","2011","09","15","01:00","5.1","","0.9","","74","","34","","15","","","","99.41","","","","","","NA"
"2011-09-15 02:00","2011","09","15","02:00","4.9","","0.8","","75","","34","","19","","","","99.44","","","","","","NA"
"2011-09-15 03:00","2011","09","15","03:00","4.4","","0.8","","77","","34","","11","","","","99.48","","","","","","NA"
"2011-09-15 04:00","2011","09","15","04:00","4.5","","1.1","","79","","33","","11","","","","99.55","","","","","","NA"
"2011-09-15 05:00","2011","09","15","05:00","3.8","","1.0","","82","","35","","7","","","","99.61","","","","","","NA"
"2011-09-15 06:00","2011","09","15","06:00","3.7","","1.3","","84","","34","","11","","","","99.67","","","","","","NA"
"2011-09-15 07:00","2011","09","15","07:00","4.7","","1.6","","80","","34","","13","","","","99.78","","","","","","NA"
"2011-09-15 08:00","2011","09","15","08:00","4.5","","0.2","","74","","34","","9","","","","99.85","","","","","","NA"
"2011-09-15 09:00","2011","09","15","09:00","4.8","","0.7","","75","","3","","15","","","","99.95","","","","","","NA"
"2011-09-15 10:00","2011","09","15","10:00","6.3","","-0.6","","61","","2","","20","","","","99.99","","","","","","NA"
"2011-09-15 11:00","2011","09","15","11:00","6.9","","-1.6","","55","","3","","15","","","","100.04","","","","","","NA"
"2011-09-15 12:00","2011","09","15","12:00","8.0","","-1.9","","50","","1","","11","","","","100.03","","","","","","NA"
"2011-09-15 13:00","2011","09","15","13:00","8.9","","-1.1","","49","","30","","17","","","","100.02","","","","","","NA"
"2011-09-15 14:00","2011","09","15","14:00","9.6","","-1.9","","44","","28","","17","","","","100.01","","","","","","NA"
"2011-09-15 15:00","2011","09","15","15:00","9.6","","0.4","","53","","26","","9","","","","99.98","","","","","","NA"
"2011-09-15 16:00","2011","09","15","16:00","8.6","","0.8","","58","","25","","9","","","","99.98","","","","","","NA"
"2011-09-15 17:00","2011","09","15","17:00","9.2","","0.2","","53","","26","","6","","","","99.96","","","","","","NA"
"2011-09-15 18:00","2011","09","15","18:00","9.1","","-0.8","","50","","24","","4","","","","99.96","","","","","","NA"
"2011-09-15 19:00","2011","09","15","19:00","8.6","","-0.9","","51","","36","","6","","","","99.94","","","","","","NA"
"2011-09-15 20:00","2011","09","15","20:00","6.1","","2.8","","79","","8","","6","","","","99.97","","","","","","NA"
"2011-09-15 21:00","2011","09","15","21:00","4.3","","2.2","","86","","3","","7","","","","99.99","","","","","","NA"
"2011-09-15 22:00","2011","09","15","22:00","3.1","","1.8","","91","","4","","7","","","","100.01","","","","","","NA"
"2011-09-15 23:00","2011","09","15","23:00","2.6","","1.7","","94","","8","","9","","","","100.00","","","","","","NA"
"2011-09-16 00:00","2011","09","16","00:00","2.1","","1.0","","92","","7","","9","","","","100.01","","","","","","NA"
"2011-09-16 01:00","2011","09","16","01:00","1.7","","0.8","","94","","8","","11","","","","100.01","","","","","","NA"
"2011-09-16 02:00","2011","09","16","02:00","3.0","","0.9","","86","","8","","11","","","","100.02","","","","","","NA"
"2011-09-16 03:00","2011","09","16","03:00","2.5","","1.0","","90","","7","","11","","","","100.02","","","","","","NA"
"2011-09-16 04:00","2011","09","16","04:00","2.4","","1.2","","92","","7","","11","","","","100.03","","","","","","NA"
"2011-09-16 05:00","2011","09","16","05:00","2.5","","1.8","","95","","7","","11","","","","100.04","","","","","","NA"
"2011-09-16 06:00","2011","09","16","06:00","2.0","","1.5","","96","","7","","13","","","","100.05","","","","","","NA"
"2011-09-16 07:00","2011","09","16","07:00","2.1","","1.7","","97","","7","","15","","","","100.08","","","","","","NA"
"2011-09-16 08:00","2011","09","16","08:00","5.0","","3.2","","88","","7","","9","","","","100.11","","","","","","NA"
"2011-09-16 09:00","2011","09","16","09:00","10.2","","4.2","","66","","15","","2","","","","100.12","","","","","","NA"
"2011-09-16 10:00","2011","09","16","10:00","11.1","","4.2","","62","","21","","6","","","","100.14","","","","","","NA"
"2011-09-16 11:00","2011","09","16","11:00","11.4","","3.3","","57","","23","","13","","","","100.14","","","","","","NA"
"2011-09-16 12:00","2011","09","16","12:00","11.2","","3.0","","57","","24","","20","","","","100.14","","","","","","NA"
"2011-09-16 13:00","2011","09","16","13:00","10.9","","3.3","","59","","24","","20","","","","100.10","","","","","","NA"
"2011-09-16 14:00","2011","09","16","14:00","11.6","","3.7","","58","","23","","22","","","","100.08","","","","","","NA"
"2011-09-16 15:00","2011","09","16","15:00","11.7","","4.6","","62","","23","","20","","","","100.05","","","","","","NA"
"2011-09-16 16:00","2011","09","16","16:00","11.6","","4.7","","63","","23","","20","","","","100.01","","","","","","NA"
"2011-09-16 17:00","2011","09","16","17:00","12.0","","4.0","","58","","24","","19","","","","99.99","","","","","","NA"
"2011-09-16 18:00","2011","09","16","18:00","10.6","","4.2","","65","","24","","24","","","","99.96","","","","","","NA"
"2011-09-16 19:00","2011","09","16","19:00","10.2","","2.2","","58","","24","","19","","","","99.92","","","","","","NA"
"2011-09-16 20:00","2011","09","16","20:00","9.3","","4.1","","70","","21","","15","","","","99.92","","","","","","NA"
"2011-09-16 21:00","2011","09","16","21:00","8.2","","4.4","","77","","17","","13","","","","99.94","","","","","","NA"
"2011-09-16 22:00","2011","09","16","22:00","8.2","","4.9","","80","","17","","19","","","","99.94","","","","","","NA"
"2011-09-16 23:00","2011","09","16","23:00","7.9","","4.9","","81","","17","","19","","","","99.96","","","","","","NA"
"2011-09-17 00:00","2011","09","17","00:00","7.4","","4.6","","82","","17","","19","","","","99.97","","","","","","NA"
"2011-09-17 01:00","2011","09","17","01:00","7.3","","4.8","","84","","17","","19","","","","100.00","","","","","","NA"
"2011-09-17 02:00","2011","09","17","02:00","7.7","","4.9","","82","","16","","15","","","","100.01","","","","","","NA"
"2011-09-17 03:00","2011","09","17","03:00","6.2","","4.0","","86","","9","","9","","","","100.03","","","","","","NA"
"2011-09-17 04:00","2011","09","17","04:00","5.2","","3.6","","89","","8","","9","","","","100.04","","","","","","NA"
"2011-09-17 05:00","2011","09","17","05:00","5.2","","3.8","","91","","10","","9","","","","100.06","","","","","","NA"
"2011-09-17 06:00","2011","09","17","06:00","4.1","","3.2","","94","","10","","7","","","","100.10","","","","","","NA"
"2011-09-17 07:00","2011","09","17","07:00","5.0","","4.1","","94","","8","","11","","","","100.14","","","","","","NA"
"2011-09-17 08:00","2011","09","17","08:00","8.0","","5.5","","84","","8","","9","","","","100.16","","","","","","NA"
"2011-09-17 09:00","2011","09","17","09:00","12.9","","7.8","","71","","15","","11","","","","100.15","","","","","","NA"
"2011-09-17 10:00","2011","09","17","10:00","13.7","","7.7","","67","","17","","17","","","","100.17","","","","","","NA"
"2011-09-17 11:00","2011","09","17","11:00","13.2","","8.0","","71","","19","","19","","","","100.18","","","","","","NA"
"2011-09-17 12:00","2011","09","17","12:00","12.5","","8.1","","75","","18","","19","","","","100.19","","","","","","NA"
"2011-09-17 13:00","2011","09","17","13:00","14.0","","9.1","","72","","18","","17","","","","100.17","","","","","","NA"
"2011-09-17 14:00","2011","09","17","14:00","14.9","","9.2","","69","","18","","13","","","","100.15","","","","","","NA"
"2011-09-17 15:00","2011","09","17","15:00","14.3","","8.7","","69","","18","","13","","","","100.13","","","","","","NA"
"2011-09-17 16:00","2011","09","17","16:00","14.3","","9.0","","70","","18","","15","","","","100.10","","","","","","NA"
"2011-09-17 17:00","2011","09","17","17:00","12.5","","8.9","","79","","18","","17","","","","100.08","","","","","","NA"
"2011-09-17 18:00","2011","09","17","18:00","11.4","","9.0","","85","","17","","17","","","","100.05","","","","","","NA"
"2011-09-17 19:00","2011","09","17","19:00","10.5","","8.0","","84","","17","","13","","","","99.99","","","","","","NA"
"2011-09-17 20:00","2011","09","17","20:00","11.8","","4.1","","59","","14","","9","","","","99.97","","","","","","NA"
"2011-09-17 21:00","2011","09","17","21:00","11.5","","4.7","","63","","14","","11","","","","99.99","","","","","","NA"
"2011-09-17 22:00","2011","09","17","22:00","11.0","","4.6","","65","","13","","15","","","","99.96","","","","","","NA"
"2011-09-17 23:00","2011","09","17","23:00","11.9","","6.6","","70","","16","","17","","","","99.95","","","","","","NA"
"2011-09-18 00:00","2011","09","18","00:00","12.4","","9.3","","81","","18","","24","","","","99.95","","","","","","NA"
"2011-09-18 01:00","2011","09","18","01:00","11.9","","9.2","","84","","17","","22","","","","99.93","","","","","","NA"
"2011-09-18 02:00","2011","09","18","02:00","11.3","","9.0","","86","","17","","28","","","","99.92","","","","","","NA"
"2011-09-18 03:00","2011","09","18","03:00","11.0","","8.5","","85","","17","","26","","","","99.91","","","","","","NA"
"2011-09-18 04:00","2011","09","18","04:00","11.4","","8.0","","80","","17","","26","","","","99.90","","","","","","NA"
"2011-09-18 05:00","2011","09","18","05:00","11.5","","9.0","","85","","17","","24","","","","99.91","","","","","","NA"
"2011-09-18 06:00","2011","09","18","06:00","11.8","","9.7","","87","","17","","28","","","","99.89","","","","","","NA"
"2011-09-18 07:00","2011","09","18","07:00","12.5","","10.2","","86","","17","","30","","","","99.89","","","","","","NA"
"2011-09-18 08:00","2011","09","18","08:00","13.0","","10.5","","85","","17","","35","","","","99.85","","","","","","NA"
"2011-09-18 09:00","2011","09","18","09:00","13.0","","10.4","","84","","17","","37","","","","99.83","","","","","","NA"
"2011-09-18 10:00","2011","09","18","10:00","14.3","","10.5","","78","","18","","37","","","","99.80","","","","","","NA"
"2011-09-18 11:00","2011","09","18","11:00","13.9","","10.2","","78","","18","","39","","","","99.80","","","","","","NA"
"2011-09-18 12:00","2011","09","18","12:00","14.7","","10.1","","74","","18","","33","","","","99.76","","","","","","NA"
"2011-09-18 13:00","2011","09","18","13:00","15.4","","9.9","","70","","18","","33","","","","99.68","","","","","","NA"
"2011-09-18 14:00","2011","09","18","14:00","14.8","","9.8","","72","","17","","30","","","","99.60","","","","","","NA"
"2011-09-18 15:00","2011","09","18","15:00","14.7","","9.5","","71","","18","","30","","","","99.52","","","","","","NA"
"2011-09-18 16:00","2011","09","18","16:00","15.2","","9.4","","68","","18","","24","","","","99.41","","","","","","NA"
"2011-09-18 17:00","2011","09","18","17:00","15.9","","8.8","","63","","17","","32","","","","99.31","","","","","","NA"
"2011-09-18 18:00","2011","09","18","18:00","15.8","","8.0","","60","","16","","26","","","","99.23","","","","","","NA"
"2011-09-18 19:00","2011","09","18","19:00","15.9","","7.8","","59","","15","","24","","","","99.14","","","","","","NA"
"2011-09-18 20:00","2011","09","18","20:00","15.3","","9.8","","70","","17","","28","","","","99.13","","","","","","NA"
"2011-09-18 21:00","2011","09","18","21:00","15.4","","9.8","","69","","17","","26","","","","99.10","","","","","","NA"
"2011-09-18 22:00","2011","09","18","22:00","14.2","","11.3","","83","","19","","24","","","","99.08","","","","","","NA"
"2011-09-18 23:00","2011","09","18","23:00","14.1","","11.8","","86","","17","","26","","","","98.97","","","","","","NA"
"2011-09-19 00:00","2011","09","19","00:00","13.7","","12.1","","90","","17","","35","","","","98.87","","","","","","NA"
"2011-09-19 01:00","2011","09","19","01:00","13.1","","12.3","","95","","18","","39","","","","98.83","","","","","","NA"
"2011-09-19 02:00","2011","09","19","02:00","12.8","","12.2","","96","","17","","37","","","","98.71","","","","","","NA"
"2011-09-19 03:00","2011","09","19","03:00","12.6","","11.9","","95","","17","","41","","","","98.61","","","","","","NA"
"2011-09-19 04:00","2011","09","19","04:00","12.5","","11.9","","96","","17","","35","","","","98.55","","","","","","NA"
"2011-09-19 05:00","2011","09","19","05:00","12.7","","12.2","","97","","17","","32","","","","98.52","","","","","","NA"
"2011-09-19 06:00","2011","09","19","06:00","12.7","","12.2","","97","","18","","30","","","","98.48","","","","","","NA"
"2011-09-19 07:00","2011","09","19","07:00","12.7","","12.3","","97","","19","","26","","","","98.44","","","","","","NA"
"2011-09-19 08:00","2011","09","19","08:00","12.7","","12.3","","97","","19","","22","","","","98.40","","","","","","NA"
"2011-09-19 09:00","2011","09","19","09:00","13.1","","12.8","","98","","26","","13","","","","98.39","","","","","","NA"
"2011-09-19 10:00","2011","09","19","10:00","13.1","","12.0","","93","","29","","20","","","","98.41","","","","","","NA"
"2011-09-19 11:00","2011","09","19","11:00","13.9","","12.6","","92","","28","","9","","","","98.39","","","","","","NA"
"2011-09-19 12:00","2011","09","19","12:00","15.3","","12.7","","84","","29","","9","","","","98.40","","","","","","NA"
"2011-09-19 13:00","2011","09","19","13:00","15.1","","12.5","","84","","28","","17","","","","98.38","","","","","","NA"
"2011-09-19 14:00","2011","09","19","14:00","15.9","","12.5","","80","","27","","15","","","","98.38","","","","","","NA"
"2011-09-19 15:00","2011","09","19","15:00","15.8","","12.1","","79","","27","","11","","","","98.38","","","","","","NA"
"2011-09-19 16:00","2011","09","19","16:00","15.7","","11.9","","78","","27","","19","","","","98.38","","","","","","NA"
"2011-09-19 17:00","2011","09","19","17:00","15.3","","11.8","","80","","26","","24","","","","98.40","","","","","","NA"
"2011-09-19 18:00","2011","09","19","18:00","14.3","","11.7","","84","","26","","32","","","","98.44","","","","","","NA"
"2011-09-19 19:00","2011","09","19","19:00","13.5","","11.2","","86","","27","","20","","","","98.49","","","","","","NA"
"2011-09-19 20:00","2011","09","19","20:00","12.9","","11.1","","89","","29","","6","","","","98.57","","","","","","NA"
"2011-09-19 21:00","2011","09","19","21:00","12.8","","11.0","","89","","30","","6","","","","98.60","","","","","","NA"
"2011-09-19 22:00","2011","09","19","22:00","13.2","","11.3","","88","","27","","7","","","","98.60","","","","","","NA"
"2011-09-19 23:00","2011","09","19","23:00","13.1","","11.2","","88","","29","","11","","","","98.61","","","","","","NA"
"2011-09-20 00:00","2011","09","20","00:00","11.7","","10.5","","92","","27","","4","","","","98.61","","","","","","NA"
"2011-09-20 01:00","2011","09","20","01:00","11.7","","10.7","","94","","24","","6","","","","98.62","","","","","","NA"
"2011-09-20 02:00","2011","09","20","02:00","11.5","","10.4","","93","","24","","7","","","","98.63","","","","","","NA"
"2011-09-20 03:00","2011","09","20","03:00","11.2","","10.2","","94","","16","","7","","","","98.69","","","","","","NA"
"2011-09-20 04:00","2011","09","20","04:00","11.2","","10.4","","95","","19","","7","","","","98.71","","","","","","NA"
"2011-09-20 05:00","2011","09","20","05:00","9.2","","8.7","","97","","13","","6","","","","98.73","","","","","","NA"
"2011-09-20 06:00","2011","09","20","06:00","10.2","","9.4","","95","","13","","7","","","","98.77","","","","","","NA"
"2011-09-20 07:00","2011","09","20","07:00","10.3","","9.0","","92","","13","","7","","","","98.81","","","","","","NA"
"2011-09-20 08:00","2011","09","20","08:00","12.9","","10.8","","87","","17","","15","","","","98.82","","","","","","NA"
"2011-09-20 09:00","2011","09","20","09:00","13.8","","11.1","","84","","18","","17","","","","98.87","","","","","","NA"
"2011-09-20 10:00","2011","09","20","10:00","14.9","","11.7","","81","","18","","15","","","","98.87","","","","","","NA"
"2011-09-20 11:00","2011","09","20","11:00","15.3","","11.5","","78","","18","","17","","","","98.93","","","","","","NA"
"2011-09-20 12:00","2011","09","20","12:00","15.9","","11.7","","76","","18","","19","","","","98.92","","","","","","NA"
"2011-09-20 13:00","2011","09","20","13:00","15.9","","12.1","","78","","18","","19","","","","98.91","","","","","","NA"
"2011-09-20 14:00","2011","09","20","14:00","16.7","","12.3","","75","","17","","17","","","","98.87","","","","","","NA"
"2011-09-20 15:00","2011","09","20","15:00","16.6","","11.6","","72","","18","","17","","","","98.82","","","","","","NA"
"2011-09-20 16:00","2011","09","20","16:00","16.4","","8.9","","61","","15","","13","","","","98.78","","","","","","NA"
"2011-09-20 17:00","2011","09","20","17:00","16.2","","7.5","","56","","17","","9","","","","98.76","","","","","","NA"
"2011-09-20 18:00","2011","09","20","18:00","16.9","","8.1","","56","","10","","11","","","","98.73","","","","","","NA"
"2011-09-20 19:00","2011","09","20","19:00","16.5","","7.3","","54","","11","","17","","","","98.72","","","","","","NA"
"2011-09-20 20:00","2011","09","20","20:00","16.2","","7.8","","57","","11","","22","","","","98.72","","","","","","NA"
"2011-09-20 21:00","2011","09","20","21:00","15.7","","8.2","","61","","10","","17","","","","98.70","","","","","","NA"
"2011-09-20 22:00","2011","09","20","22:00","14.3","","11.6","","84","","18","","24","","","","98.75","","","","","","NA"
"2011-09-20 23:00","2011","09","20","23:00","13.2","","10.8","","85","","12","","20","","","","98.60","","","","","","NA"
"2011-09-21 00:00","2011","09","21","00:00","12.5","","11.3","","92","","10","","22","","","","98.55","","","","","","NA"
"2011-09-21 01:00","2011","09","21","01:00","12.7","","11.5","","92","","10","","32","","","","98.40","","","","","","NA"
"2011-09-21 02:00","2011","09","21","02:00","13.5","","12.3","","92","","12","","20","","","","98.37","","","","","","NA"
"2011-09-21 03:00","2011","09","21","03:00","14.5","","12.2","","86","","14","","30","","","","98.26","","","","","","NA"
"2011-09-21 04:00","2011","09","21","04:00","15.0","","12.1","","83","","15","","28","","","","98.22","","","","","","NA"
"2011-09-21 05:00","2011","09","21","05:00","15.2","","12.1","","82","","15","","24","","","","98.17","","","","","","NA"
"2011-09-21 06:00","2011","09","21","06:00","15.2","","12.4","","83","","16","","32","","","","98.09","","","","","","NA"
"2011-09-21 07:00","2011","09","21","07:00","15.4","","12.8","","84","","16","","22","","","","98.10","","","","","","NA"
"2011-09-21 08:00","2011","09","21","08:00","15.2","","12.9","","86","","17","","35","","","","98.07","","","","","","NA"
"2011-09-21 09:00","2011","09","21","09:00","14.9","","12.9","","88","","17","","32","","","","98.08","","","","","","NA"
"2011-09-21 10:00","2011","09","21","10:00","14.7","","13.0","","90","","19","","26","","","","98.07","","","","","","NA"
"2011-09-21 11:00","2011","09","21","11:00","14.8","","13.2","","90","","19","","30","","","","98.02","","","","","","NA"
"2011-09-21 12:00","2011","09","21","12:00","15.3","","13.0","","86","","18","","28","","","","98.00","","","","","","NA"
"2011-09-21 13:00","2011","09","21","13:00","15.8","","12.8","","82","","19","","24","","","","97.98","","","","","","NA"
"2011-09-21 14:00","2011","09","21","14:00","14.8","","12.0","","83","","19","","22","","","","97.96","","","","","","NA"
"2011-09-21 15:00","2011","09","21","15:00","16.0","","11.0","","72","","20","","19","","","","97.96","","","","","","NA"
"2011-09-21 16:00","2011","09","21","16:00","14.2","","11.2","","82","","18","","13","","","","97.97","","","","","","NA"
"2011-09-21 17:00","2011","09","21","17:00","13.6","","11.0","","84","","20","","9","","","","98.01","","","","","","NA"
"2011-09-21 18:00","2011","09","21","18:00","13.1","","11.4","","89","","23","","6","","","","98.05","","","","","","NA"
"2011-09-21 19:00","2011","09","21","19:00","12.4","","11.3","","93","","28","","9","","","","98.10","","","","","","NA"
"2011-09-21 20:00","2011","09","21","20:00","12.1","","11.2","","94","","27","","7","","","","98.14","","","","","","NA"
"2011-09-21 21:00","2011","09","21","21:00","11.7","","10.6","","93","","27","","6","","","","98.15","","","","","","NA"
"2011-09-21 22:00","2011","09","21","22:00","11.6","","10.5","","93","","25","","6","","","","98.19","","","","","","NA"
"2011-09-21 23:00","2011","09","21","23:00","11.6","","10.7","","94","","1","","2","","","","98.23","","","","","","NA"
"2011-09-22 00:00","2011","09","22","00:00","9.5","","8.8","","95","","1","","15","","","","98.28","","","","","","NA"
"2011-09-22 01:00","2011","09","22","01:00","8.4","","7.5","","94","","3","","13","","","","98.34","","","","","","NA"
"2011-09-22 02:00","2011","09","22","02:00","7.9","","6.9","","93","","2","","15","","","","98.38","","","","","","NA"
"2011-09-22 03:00","2011","09","22","03:00","7.5","","6.7","","95","","3","","9","","","","98.42","","","","","","NA"
"2011-09-22 04:00","2011","09","22","04:00","7.5","","6.8","","95","","3","","9","","","","98.47","","","","","","NA"
"2011-09-22 05:00","2011","09","22","05:00","7.6","","6.7","","94","","4","","6","","","","98.56","","","","","","NA"
"2011-09-22 06:00","2011","09","22","06:00","7.5","","6.8","","95","","36","","6","","","","98.63","","","","","","NA"
"2011-09-22 07:00","2011","09","22","07:00","7.4","","6.8","","96","","1","","4","","","","98.68","","","","","","NA"
"2011-09-22 08:00","2011","09","22","08:00","8.0","","7.1","","94","","1","","4","","","","98.75","","","","","","NA"
"2011-09-22 09:00","2011","09","22","09:00","8.3","","6.5","","88","","3","","11","","","","98.83","","","","","","NA"
"2011-09-22 10:00","2011","09","22","10:00","9.0","","7.3","","89","","2","","9","","","","98.90","","","","","","NA"
"2011-09-22 11:00","2011","09","22","11:00","9.9","","7.3","","84","","3","","11","","","","98.95","","","","","","NA"
"2011-09-22 12:00","2011","09","22","12:00","10.2","","8.1","","87","","2","","7","","","","98.99","","","","","","NA"
"2011-09-22 13:00","2011","09","22","13:00","10.4","","7.8","","84","","3","","15","","","","99.02","","","","","","NA"
"2011-09-22 14:00","2011","09","22","14:00","11.7","","7.2","","74","","6","","17","","","","99.03","","","","","","NA"
"2011-09-22 15:00","2011","09","22","15:00","11.7","","7.6","","76","","2","","15","","","","99.06","","","","","","NA"
"2011-09-22 16:00","2011","09","22","16:00","12.1","","7.0","","71","","5","","15","","","","99.08","","","","","","NA"
"2011-09-22 17:00","2011","09","22","17:00","10.6","","7.7","","82","","2","","13","","","","99.18","","","","","","NA"
"2011-09-22 18:00","2011","09","22","18:00","10.3","","7.1","","81","","4","","9","","","","99.22","","","","","","NA"
"2011-09-22 19:00","2011","09","22","19:00","9.6","","7.3","","86","","4","","9","","","","99.28","","","","","","NA"
"2011-09-22 20:00","2011","09","22","20:00","9.0","","7.0","","87","","4","","9","","","","99.34","","","","","","NA"
"2011-09-22 21:00","2011","09","22","21:00","8.7","","6.3","","85","","5","","7","","","","99.36","","","","","","NA"
"2011-09-22 22:00","2011","09","22","22:00","8.1","","6.0","","87","","5","","9","","","","99.38","","","","","","NA"
"2011-09-22 23:00","2011","09","22","23:00","7.7","","5.9","","88","","5","","9","","","","99.42","","","","","","NA"
"2011-09-23 00:00","2011","09","23","00:00","7.0","","5.8","","92","","4","","13","","","","99.42","","","","","","NA"
"2011-09-23 01:00","2011","09","23","01:00","6.8","","5.3","","90","","6","","11","","","","99.44","","","","","","NA"
"2011-09-23 02:00","2011","09","23","02:00","6.7","","5.4","","91","","5","","9","","","","99.45","","","","","","NA"
"2011-09-23 03:00","2011","09","23","03:00","6.3","","5.0","","91","","5","","9","","","","99.48","","","","","","NA"
"2011-09-23 04:00","2011","09","23","04:00","5.7","","4.7","","93","","4","","13","","","","99.48","","","","","","NA"
"2011-09-23 05:00","2011","09","23","05:00","5.8","","4.7","","93","","5","","13","","","","99.47","","","","","","NA"
"2011-09-23 06:00","2011","09","23","06:00","5.8","","4.7","","93","","7","","13","","","","99.47","","","","","","NA"
"2011-09-23 07:00","2011","09","23","07:00","6.2","","5.0","","92","","6","","11","","","","99.48","","","","","","NA"
"2011-09-23 08:00","2011","09","23","08:00","6.8","","5.4","","91","","7","","15","","","","99.55","","","","","","NA"
"2011-09-23 09:00","2011","09","23","09:00","8.3","","5.8","","84","","6","","13","","","","99.54","","","","","","NA"
"2011-09-23 10:00","2011","09","23","10:00","9.7","","6.6","","81","","6","","13","","","","99.55","","","","","","NA"
"2011-09-23 11:00","2011","09","23","11:00","12.8","","7.2","","69","","7","","7","","","","99.51","","","","","","NA"
"2011-09-23 12:00","2011","09","23","12:00","14.9","","7.9","","63","","9","","15","","","","99.46","","","","","","NA"
"2011-09-23 13:00","2011","09","23","13:00","15.3","","7.2","","58","","10","","11","","","","99.42","","","","","","NA"
"2011-09-23 14:00","2011","09","23","14:00","15.4","","7.6","","60","","9","","7","","","","99.35","","","","","","NA"
"2011-09-23 15:00","2011","09","23","15:00","14.8","","7.6","","62","","32","","4","","","","99.31","","","","","","NA"
"2011-09-23 16:00","2011","09","23","16:00","14.2","","8.2","","67","","32","","9","","","","99.32","","","","","","NA"
"2011-09-23 17:00","2011","09","23","17:00","15.8","","8.7","","63","","30","","9","","","","99.29","","","","","","NA"
"2011-09-23 18:00","2011","09","23","18:00","13.6","","9.5","","76","","26","","15","","","","99.34","","","","","","NA"
"2011-09-23 19:00","2011","09","23","19:00","12.4","","9.6","","83","","21","","11","","","","99.35","","","","","","NA"
"2011-09-23 20:00","2011","09","23","20:00","12.1","","9.5","","84","","29","","9","","","","99.35","","","","","","NA"
"2011-09-23 21:00","2011","09","23","21:00","10.1","","8.4","","89","","2","","13","","","","99.33","","","","","","NA"
"2011-09-23 22:00","2011","09","23","22:00","9.7","","7.6","","87","","6","","13","","","","99.36","","","","","","NA"
"2011-09-23 23:00","2011","09","23","23:00","9.2","","7.3","","88","","9","","15","","","","99.36","","","","","","NA"
"2011-09-24 00:00","2011","09","24","00:00","8.1","","6.5","","90","","4","","11","","","","99.35","","","","","","NA"
"2011-09-24 01:00","2011","09","24","01:00","8.1","","7.0","","93","","6","","9","","","","99.32","","","","","","NA"
"2011-09-24 02:00","2011","09","24","02:00","8.5","","6.8","","89","","5","","13","","","","99.31","","","","","","NA"
"2011-09-24 03:00","2011","09","24","03:00","8.1","","6.9","","92","","5","","15","","","","99.34","","","","","","NA"
"2011-09-24 04:00","2011","09","24","04:00","8.2","","6.8","","91","","5","","17","","","","99.28","","","","","","NA"
"2011-09-24 05:00","2011","09","24","05:00","7.8","","6.5","","91","","6","","13","","","","99.28","","","","","","NA"
"2011-09-24 06:00","2011","09","24","06:00","6.4","","5.5","","94","","4","","13","","","","99.32","","","","","","NA"
"2011-09-24 07:00","2011","09","24","07:00","7.2","","6.3","","94","","5","","11","","","","99.35","","","","","","NA"
"2011-09-24 08:00","2011","09","24","08:00","7.5","","5.9","","90","","5","","9","","","","99.37","","","","","","NA"
"2011-09-24 09:00","2011","09","24","09:00","11.0","","8.3","","83","","7","","9","","","","99.36","","","","","","NA"
"2011-09-24 10:00","2011","09","24","10:00","12.0","","8.2","","78","","5","","11","","","","99.34","","","","","","NA"
"2011-09-24 11:00","2011","09","24","11:00","13.7","","8.8","","72","","6","","11","","","","99.33","","","","","","NA"
"2011-09-24 12:00","2011","09","24","12:00","15.9","","9.0","","64","","2","","9","","","","99.27","","","","","","NA"
"2011-09-24 13:00","2011","09","24","13:00","15.6","","9.8","","68","","35","","6","","","","99.25","","","","","","NA"
"2011-09-24 14:00","2011","09","24","14:00","16.9","","9.6","","62","","36","","7","","","","99.21","","","","","","NA"
"2011-09-24 15:00","2011","09","24","15:00","17.3","","9.5","","60","","6","","13","","","","99.16","","","","","","NA"
"2011-09-24 16:00","2011","09","24","16:00","17.2","","9.8","","62","","5","","11","","","","99.13","","","","","","NA"
"2011-09-24 17:00","2011","09","24","17:00","16.8","","9.9","","64","","9","","15","","","","99.15","","","","","","NA"
"2011-09-24 18:00","2011","09","24","18:00","16.2","","10.2","","68","","9","","13","","","","99.19","","","","","","NA"
"2011-09-24 19:00","2011","09","24","19:00","15.3","","10.3","","72","","11","","6","","","","99.19","","","","","","NA"
"2011-09-24 20:00","2011","09","24","20:00","14.4","","10.5","","77","","17","","7","","","","99.20","","","","","","NA"
"2011-09-24 21:00","2011","09","24","21:00","14.2","","10.3","","77","","11","","20","","","","99.19","","","","","","NA"
"2011-09-24 22:00","2011","09","24","22:00","13.3","","10.2","","81","","7","","4","","","","99.25","","","","","","NA"
"2011-09-24 23:00","2011","09","24","23:00","11.5","","9.7","","89","","9","","7","","","","99.26","","","","","","NA"
"2011-09-25 00:00","2011","09","25","00:00","12.5","","10.4","","87","","12","","6","","","","99.29","","","","","","NA"
"2011-09-25 01:00","2011","09","25","01:00","13.2","","10.5","","84","","13","","4","","","","99.31","","","","","","NA"
"2011-09-25 02:00","2011","09","25","02:00","13.3","","11.7","","90","","16","","4","","","","99.29","","","","","","NA"
"2011-09-25 03:00","2011","09","25","03:00","14.1","","12.7","","91","","20","","17","","","","99.33","","","","","","NA"
"2011-09-25 04:00","2011","09","25","04:00","13.6","","12.1","","91","","20","","22","","","","99.37","","","","","","NA"
"2011-09-25 05:00","2011","09","25","05:00","12.9","","11.7","","92","","22","","15","","","","99.37","","","","","","NA"
"2011-09-25 06:00","2011","09","25","06:00","10.5","","9.7","","95","","6","","6","","","","99.40","","","","","","NA"
"2011-09-25 07:00","2011","09","25","07:00","9.6","","8.9","","95","","8","","7","","","","99.46","","","","","","NA"
"2011-09-25 08:00","2011","09","25","08:00","10.6","","9.5","","93","","9","","9","","","","99.48","","","","","","NA"
"2011-09-25 09:00","2011","09","25","09:00","12.5","","10.3","","86","","12","","9","","","","99.54","","","","","","NA"
"2011-09-25 10:00","2011","09","25","10:00","13.2","","10.8","","85","","21","","20","","","","99.57","","","","","","NA"
"2011-09-25 11:00","2011","09","25","11:00","13.6","","10.9","","84","","22","","20","","","","99.59","","","","","","NA"
"2011-09-25 12:00","2011","09","25","12:00","14.6","","11.1","","80","","23","","13","","","","99.55","","","","","","NA"
"2011-09-25 13:00","2011","09","25","13:00","15.1","","10.7","","75","","25","","7","","","","99.51","","","","","","NA"
"2011-09-25 14:00","2011","09","25","14:00","15.0","","10.5","","74","","22","","6","","","","99.46","","","","","","NA"
"2011-09-25 15:00","2011","09","25","15:00","15.2","","10.5","","74","","24","","7","","","","99.43","","","","","","NA"
"2011-09-25 16:00","2011","09","25","16:00","15.5","","11.0","","75","","28","","6","","","","99.38","","","","","","NA"
"2011-09-25 17:00","2011","09","25","17:00","15.4","","10.8","","74","","31","","4","","","","99.34","","","","","","NA"
"2011-09-25 18:00","2011","09","25","18:00","14.3","","11.3","","82","","30","","6","","","","99.31","","","","","","NA"
"2011-09-25 19:00","2011","09","25","19:00","13.0","","11.3","","89","","33","","7","","","","99.31","","","","","","NA"
"2011-09-25 20:00","2011","09","25","20:00","10.9","","9.6","","92","","6","","6","","","","99.32","","","","","","NA"
"2011-09-25 21:00","2011","09","25","21:00","9.9","","8.6","","92","","7","","7","","","","99.31","","","","","","NA"
"2011-09-25 22:00","2011","09","25","22:00","9.3","","8.2","","93","","5","","9","","","","99.30","","","","","","NA"
"2011-09-25 23:00","2011","09","25","23:00","9.0","","7.7","","92","","7","","11","","","","99.31","","","","","","NA"
"2011-09-26 00:00","2011","09","26","00:00","8.7","","7.3","","91","","6","","13","","","","99.29","","","","","","NA"
"2011-09-26 01:00","2011","09","26","01:00","8.0","","6.7","","91","","5","","7","","","","99.26","","","","","","NA"
"2011-09-26 02:00","2011","09","26","02:00","8.2","","6.7","","90","","7","","15","","","","99.24","","","","","","NA"
"2011-09-26 03:00","2011","09","26","03:00","8.0","","6.6","","91","","5","","15","","","","99.24","","","","","","NA"
"2011-09-26 04:00","2011","09","26","04:00","7.9","","6.8","","93","","6","","11","","","","99.23","","","","","","NA"
"2011-09-26 05:00","2011","09","26","05:00","6.8","","5.9","","94","","3","","20","","","","99.20","","","","","","NA"
"2011-09-26 06:00","2011","09","26","06:00","8.4","","6.3","","87","","5","","13","","","","99.25","","","","","","NA"
"2011-09-26 07:00","2011","09","26","07:00","8.9","","7.4","","90","","6","","7","","","","99.25","","","","","","NA"
"2011-09-26 08:00","2011","09","26","08:00","9.7","","6.5","","80","","5","","11","","","","99.22","","","","","","NA"
"2011-09-26 09:00","2011","09","26","09:00","14.0","","9.0","","72","","5","","9","","","","99.18","","","","","","NA"
"2011-09-26 10:00","2011","09","26","10:00","16.4","","9.3","","63","","8","","19","","","","99.17","","","","","","NA"
"2011-09-26 11:00","2011","09","26","11:00","19.1","","9.0","","52","","8","","20","","","","99.12","","","","","","NA"
"2011-09-26 12:00","2011","09","26","12:00","20.4","","8.2","","45","","8","","22","","","","99.09","","","","","","NA"
"2011-09-26 13:00","2011","09","26","13:00","21.7","","7.8","","41","","7","","22","","","","99.05","","","","","","NA"
"2011-09-26 14:00","2011","09","26","14:00","22.6","","7.1","","37","","5","","22","","","","98.97","","","","","","NA"
"2011-09-26 15:00","2011","09","26","15:00","23.3","","6.2","","33","","5","","19","","","","98.88","","","","","","NA"
"2011-09-26 16:00","2011","09","26","16:00","23.3","","6.7","","34","","6","","17","","","","98.83","","","","","","NA"
"2011-09-26 17:00","2011","09","26","17:00","22.9","","7.1","","36","","7","","17","","","","98.83","","","","","","NA"
"2011-09-26 18:00","2011","09","26","18:00","21.6","","8.2","","42","","7","","11","","","","98.84","","","","","","NA"
"2011-09-26 19:00","2011","09","26","19:00","19.9","","8.9","","49","","6","","13","","","","98.82","","","","","","NA"
"2011-09-26 20:00","2011","09","26","20:00","18.1","","9.3","","56","","7","","9","","","","98.79","","","","","","NA"
"2011-09-26 21:00","2011","09","26","21:00","18.1","","9.3","","56","","9","","15","","","","98.78","","","","","","NA"
"2011-09-26 22:00","2011","09","26","22:00","17.9","","9.1","","56","","9","","24","","","","98.78","","","","","","NA"
"2011-09-26 23:00","2011","09","26","23:00","17.5","","9.2","","58","","8","","24","","","","98.79","","","","","","NA"
"2011-09-27 00:00","2011","09","27","00:00","17.4","","8.9","","57","","8","","26","","","","98.75","","","","","","NA"
"2011-09-27 01:00","2011","09","27","01:00","15.7","","9.4","","66","","7","","20","","","","98.73","","","","","","NA"
"2011-09-27 02:00","2011","09","27","02:00","14.6","","9.2","","70","","7","","15","","","","98.74","","","","","","NA"
"2011-09-27 03:00","2011","09","27","03:00","14.1","","9.0","","71","","6","","17","","","","98.68","","","","","","NA"
"2011-09-27 04:00","2011","09","27","04:00","13.7","","9.1","","74","","6","","19","","","","98.68","","","","","","NA"
"2011-09-27 05:00","2011","09","27","05:00","13.3","","9.1","","76","","7","","19","","","","98.68","","","","","","NA"
"2011-09-27 06:00","2011","09","27","06:00","12.8","","8.9","","77","","6","","20","","","","98.68","","","","","","NA"
"2011-09-27 07:00","2011","09","27","07:00","12.3","","8.8","","79","","5","","17","","","","98.72","","","","","","NA"
"2011-09-27 08:00","2011","09","27","08:00","13.0","","9.3","","78","","6","","13","","","","98.73","","","","","","NA"
"2011-09-27 09:00","2011","09","27","09:00","14.5","","9.5","","72","","6","","15","","","","98.68","","","","","","NA"
"2011-09-27 10:00","2011","09","27","10:00","16.7","","10.2","","65","","7","","15","","","","98.65","","","","","","NA"
"2011-09-27 11:00","2011","09","27","11:00","19.1","","11.7","","62","","8","","11","","","","98.65","","","","","","NA"
"2011-09-27 12:00","2011","09","27","12:00","21.6","","12.7","","57","","9","","15","","","","98.62","","","","","","NA"
"2011-09-27 13:00","2011","09","27","13:00","23.0","","13.6","","55","","12","","2","","","","98.58","","26","","","","NA"
"2011-09-27 14:00","2011","09","27","14:00","19.0","","13.5","","70","","18","","11","","","","98.55","","","","","","NA"
"2011-09-27 15:00","2011","09","27","15:00","18.4","","13.2","","72","","18","","6","","","","98.53","","","","","","NA"
"2011-09-27 16:00","2011","09","27","16:00","18.9","","11.9","","64","","23","","4","","","","98.52","","","","","","NA"
"2011-09-27 17:00","2011","09","27","17:00","17.1","","13.5","","79","","18","","7","","","","98.58","","","","","","NA"
"2011-09-27 18:00","2011","09","27","18:00","16.0","","13.0","","82","","21","","6","","","","98.62","","","","","","NA"
"2011-09-27 19:00","2011","09","27","19:00","15.4","","12.8","","84","","36","","4","","","","98.65","","","","","","NA"
"2011-09-27 20:00","2011","09","27","20:00","15.1","","12.8","","86","","14","","4","","","","98.65","","","","","","NA"
"2011-09-27 21:00","2011","09","27","21:00","15.0","","12.9","","87","","2","","4","","","","98.66","","","","","","NA"
"2011-09-27 22:00","2011","09","27","22:00","14.8","","12.9","","88","","7","","2","","","","98.62","","","","","","NA"
"2011-09-27 23:00","2011","09","27","23:00","14.1","","12.6","","91","","12","","2","","","","98.61","","","","","","NA"
"2011-09-28 00:00","2011","09","28","00:00","13.1","","12.0","","93","","8","","4","","","","98.62","","","","","","NA"
"2011-09-28 01:00","2011","09","28","01:00","13.7","","12.5","","92","","8","","4","","","","98.60","","","","","","NA"
"2011-09-28 02:00","2011","09","28","02:00","14.0","","12.9","","93","","34","","6","","","","98.56","","","","","","NA"
"2011-09-28 03:00","2011","09","28","03:00","14.1","","13.4","","96","","36","","2","","","","98.52","","","","","","NA"
"2011-09-28 04:00","2011","09","28","04:00","13.7","","13.0","","96","","6","","2","","","","98.51","","","","","","NA"
"2011-09-28 05:00","2011","09","28","05:00","13.9","","13.2","","96","","11","","2","","","","98.53","","","","","","NA"
"2011-09-28 06:00","2011","09","28","06:00","14.7","","13.8","","94","","23","","15","","","","98.53","","","","","","NA"
"2011-09-28 07:00","2011","09","28","07:00","13.9","","13.4","","97","","21","","20","","","","98.55","","","","","","NA"
"2011-09-28 08:00","2011","09","28","08:00","14.1","","13.5","","96","","22","","11","","","","98.58","","","","","","NA"
"2011-09-28 09:00","2011","09","28","09:00","15.3","","13.6","","90","","14","","9","","","","98.55","","","","","","NA"
"2011-09-28 10:00","2011","09","28","10:00","15.6","","13.2","","86","","17","","15","","","","98.52","","","","","","NA"
"2011-09-28 11:00","2011","09","28","11:00","14.8","","13.2","","90","","21","","19","","","","98.56","","","","","","NA"
"2011-09-28 12:00","2011","09","28","12:00","15.4","","13.2","","87","","20","","20","","","","98.51","","","","","","NA"
"2011-09-28 13:00","2011","09","28","13:00","14.5","","12.7","","89","","19","","19","","","","98.45","","","","","","NA"
"2011-09-28 14:00","2011","09","28","14:00","13.3","","12.6","","96","","20","","20","","","","98.42","","","","","","NA"
"2011-09-28 15:00","2011","09","28","15:00","12.2","","11.8","","97","","21","","22","","","","98.44","","","","","","NA"
"2011-09-28 16:00","2011","09","28","16:00","12.5","","11.6","","94","","20","","20","","","","98.39","","","","","","NA"
"2011-09-28 17:00","2011","09","28","17:00","12.4","","11.4","","94","","20","","19","","","","98.36","","","","","","NA"
"2011-09-28 18:00","2011","09","28","18:00","12.3","","11.4","","94","","17","","17","","","","98.36","","","","","","NA"
"2011-09-28 19:00","2011","09","28","19:00","12.3","","11.4","","94","","17","","19","","","","98.34","","","","","","NA"
"2011-09-28 20:00","2011","09","28","20:00"
"2011-09-28 21:00","2011","09","28","21:00"
"2011-09-28 22:00","2011","09","28","22:00"
"2011-09-28 23:00","2011","09","28","23:00","12.9","","12.3","","96","","18","","19","","","","98.13","","","","","","NA"
"2011-09-29 00:00","2011","09","29","00:00","12.9","","12.2","","96","","19","","15","","","","98.09","","","","","","NA"
"2011-09-29 01:00","2011","09","29","01:00","12.2","","11.7","","97","","19","","17","","","","98.05","","","","","","NA"
"2011-09-29 02:00","2011","09","29","02:00","13.2","","11.3","","88","","17","","13","","","","97.96","","","","","","NA"
"2011-09-29 03:00","2011","09","29","03:00","12.1","","10.5","","90","","11","","6","","","","97.85","","","","","","NA"
"2011-09-29 04:00","2011","09","29","04:00","14.0","","11.9","","87","","18","","24","","","","97.77","","","","","","NA"
"2011-09-29 05:00","2011","09","29","05:00","13.5","","11.3","","87","","13","","9","","","","97.72","","","","","","NA"
"2011-09-29 06:00","2011","09","29","06:00","12.9","","11.2","","89","","12","","4","","","","97.64","","","","","","NA"
"2011-09-29 07:00","2011","09","29","07:00","12.9","","11.1","","89","","9","","11","","","","97.64","","","","","","NA"
"2011-09-29 08:00","2011","09","29","08:00","12.5","","10.6","","88","","9","","15","","","","97.57","","","","","","NA"
"2011-09-29 09:00","2011","09","29","09:00","12.4","","10.8","","90","","9","","15","","","","97.54","","","","","","NA"
"2011-09-29 10:00","2011","09","29","10:00","11.7","","11.3","","97","","9","","19","","","","97.45","","","","","","NA"
"2011-09-29 11:00","2011","09","29","11:00","11.7","","11.4","","98","","3","","17","","","","97.50","","","","","","NA"
"2011-09-29 12:00","2011","09","29","12:00","10.6","","10.2","","97","","4","","28","","","","97.53","","","","","","NA"
"2011-09-29 13:00","2011","09","29","13:00","10.4","","9.9","","97","","4","","28","","","","97.54","","","","","","NA"
"2011-09-29 14:00","2011","09","29","14:00","9.7","","9.1","","96","","5","","33","","","","97.58","","","","","","NA"
"2011-09-29 15:00","2011","09","29","15:00","8.6","","8.1","","97","","4","","35","","","","97.65","","","","","","NA"
"2011-09-29 16:00","2011","09","29","16:00","8.1","","7.5","","96","","4","","33","","","","97.78","","","","","","NA"
"2011-09-29 17:00","2011","09","29","17:00","7.4","","6.8","","96","","4","","28","","","","97.89","","","","","","NA"
"2011-09-29 18:00","2011","09","29","18:00","6.6","","6.0","","96","","3","","28","","","","98.04","","","","","","NA"
"2011-09-29 19:00","2011","09","29","19:00","5.9","","5.3","","96","","2","","24","","","","98.17","","","","","","NA"
"2011-09-29 20:00","2011","09","29","20:00","5.3","","4.6","","95","","4","","30","","","","98.28","","","","","","NA"
"2011-09-29 21:00","2011","09","29","21:00","5.3","","4.6","","95","","3","","24","","","","98.38","","","","","","NA"
"2011-09-29 22:00","2011","09","29","22:00","5.3","","4.2","","93","","3","","28","","","","98.46","","","","","","NA"
"2011-09-29 23:00","2011","09","29","23:00","5.0","","3.7","","91","","3","","28","","","","98.54","","","","","","NA"
"2011-09-30 00:00","2011","09","30","00:00","5.0","","3.2","","88","","4","","26","","","","98.56","","","","","","NA"
"2011-09-30 01:00","2011","09","30","01:00","4.9","","3.1","","88","","5","","24","","","","98.63","","","","","","NA"
"2011-09-30 02:00","2011","09","30","02:00","4.8","","3.0","","88","","3","","15","","","","98.69","","","","","","NA"
"2011-09-30 03:00","2011","09","30","03:00","4.5","","2.8","","89","","1","","17","","","","98.74","","","","","","NA"
"2011-09-30 04:00","2011","09","30","04:00","4.3","","2.4","","87","","2","","17","","","","98.77","","","","","","NA"
"2011-09-30 05:00","2011","09","30","05:00","4.2","","1.9","","85","","3","","17","","","","98.85","","","","","","NA"
"2011-09-30 06:00","2011","09","30","06:00","4.1","","1.9","","86","","3","","15","","","","98.91","","","","","","NA"
"2011-09-30 07:00","2011","09","30","07:00","2.9","","1.6","","91","","2","","22","","","","99.01","","","","","","NA"
"2011-09-30 08:00","2011","09","30","08:00","2.8","","1.3","","90","","1","","19","","","","99.07","","","","","","NA"
"2011-09-30 09:00","2011","09","30","09:00","3.5","","1.8","","89","","2","","19","","","","99.15","","","","","","NA"
"2011-09-30 10:00","2011","09","30","10:00","3.6","","1.2","","84","","1","","19","","","","99.21","","","","","","NA"
"2011-09-30 11:00","2011","09","30","11:00","4.6","","1.3","","79","","1","","22","","","","99.30","","","","","","NA"
"2011-09-30 12:00","2011","09","30","12:00","5.9","","2.1","","77","","1","","20","","","","99.34","","","","","","NA"
"2011-09-30 13:00","2011","09","30","13:00","6.5","","0.5","","65","","1","","26","","","","99.35","","","","","","NA"
"2011-09-30 14:00","2011","09","30","14:00","7.5","","-0.8","","56","","1","","28","","","","99.38","","","","","","NA"
"2011-09-30 15:00","2011","09","30","15:00","7.4","","-0.4","","58","","2","","20","","","","99.45","","","","","","NA"
"2011-09-30 16:00","2011","09","30","16:00","7.5","","-0.9","","55","","1","","20","","","","99.51","","","","","","NA"
"2011-09-30 17:00","2011","09","30","17:00","6.9","","0.5","","64","","2","","17","","","","99.61","","","","","","NA"
"2011-09-30 18:00","2011","09","30","18:00","5.7","","-0.2","","66","","36","","15","","","","99.68","","","","","","NA"
"2011-09-30 19:00","2011","09","30","19:00","4.1","","0.2","","76","","3","","7","","","","99.76","","","","","","NA"
"2011-09-30 20:00","2011","09","30","20:00","2.8","","0.2","","83","","1","","9","","","","99.84","","","","","","NA"
"2011-09-30 21:00","2011","09","30","21:00","2.1","","-0.3","","84","","3","","7","","","","99.90","","","","","","NA"
"2011-09-30 22:00","2011","09","30","22:00","1.5","","-0.5","","87","","3","","7","","","","99.96","","","","","","NA"
"2011-09-30 23:00","2011","09","30","23:00","1.3","","-0.9","","85","","3","","7","","","","100.00","","","","","","NA"
