"Station Name","TORONTO INTL A"
"Province","ONTARIO"
"Current Station Operator","NAV Canada"
"Latitude","43.68"
"Longitude","-79.63"
"Elevation","173.40"
"Climate Identifier","6158731"
"WMO Identifier","71624"
"TC Identifier","YYZ"
"All times are specified in Local Standard Time (LST). Add 1 hour to adjust for Daylight Saving Time where and when it is observed."

"Legend"
"E","Estimated"
"M","Missing"
"NA","Not Available"

"Date/Time","Year","Month","Day","Time","Temp (°C)","Temp Flag","Dew Point Temp (°C)","Dew Point Temp Flag","Rel Hum (%)","Rel Hum Flag","Wind Dir (10s deg)","Wind Dir Flag","Wind Spd (km/h)","Wind Spd Flag","Visibility (km)","Visibility Flag","Stn Press (kPa)","Stn Press Flag","Hmdx","Hmdx Flag","Wind Chill","Wind Chill Flag","Weather"
"2018-05-01 00:00","2018","05","01","00:00","8.9","","-2.8","","44","","24","","9","","24.1","","99.64","","","","","","NA"
"2018-05-01 01:00","2018","05","01","01:00","9.7","","-4.0","","38","","28","","5","","24.1","","99.59","","","","","","Clear"
"2018-05-01 02:00","2018","05","01","02:00","10.1","","-3.4","","38","","23","","5","","24.1","","99.57","","","","","","NA"
"2018-05-01 03:00","2018","05","01","03:00","9.2","","-2.8","","43","","14","","9","","24.1","","99.58","","","","","","NA"
"2018-05-01 04:00","2018","05","01","04:00","8.8","","-2.3","","45","","24","","8","","24.1","","99.56","","","","","","Mainly Clear"
"2018-05-01 05:00","2018","05","01","05:00","9.0","","-2.3","","45","","24","","14","","24.1","","99.54","","","","","","NA"
"2018-05-01 06:00","2018","05","01","06:00","10.8","","-1.1","","43","","24","","9","","24.1","","99.57","","","","","","NA"
"2018-05-01 07:00","2018","05","01","07:00","12.1","","0.0","","43","","13","","7","","24.1","","99.61","","","","","","Mostly Cloudy"
"2018-05-01 08:00","2018","05","01","08:00","13.5","","1.6","","44","","16","","7","","24.1","","99.62","","","","","","NA"
"2018-05-01 09:00","2018","05","01","09:00","17.7","","0.2","","31","","20","","7","","24.1","","99.58","","","","","","NA"
"2018-05-01 10:00","2018","05","01","10:00","20.3","","1.3","","28","","22","","11","","24.1","","99.55","","","","","","Mostly Cloudy"
"2018-05-01 11:00","2018","05","01","11:00","22.7","","1.7","","25","","24","","7","","24.1","","99.49","","","","","","NA"
"2018-05-01 12:00","2018","05","01","12:00","20.9","","3.7","","32","","14","","17","","24.1","","99.46","","","","","","NA"
"2018-05-01 13:00","2018","05","01","13:00","22.2","","6.2","","35","","15","","20","","24.1","","99.42","","","","","","Mostly Cloudy"
"2018-05-01 14:00","2018","05","01","14:00","25.0","","6.9","","31","","15","","8","","24.1","","99.35","","25","","","","NA"
"2018-05-01 15:00","2018","05","01","15:00","27.4","","5.6","","24","","22","","21","","24.1","","99.28","","27","","","","NA"
"2018-05-01 16:00","2018","05","01","16:00","26.6","","3.7","","22","","21","","33","","24.1","","99.24","","25","","","","Mainly Clear"
"2018-05-01 17:00","2018","05","01","17:00","25.6","","1.6","","20","","23","","35","","24.1","","99.24","","","","","","NA"
"2018-05-01 18:00","2018","05","01","18:00","24.7","","1.5","","22","","23","","25","","24.1","","99.24","","","","","","NA"
"2018-05-01 19:00","2018","05","01","19:00","22.9","","2.3","","25","","23","","26","","24.1","","99.26","","","","","","Mainly Clear"
"2018-05-01 20:00","2018","05","01","20:00","21.6","","2.9","","29","","23","","19","","24.1","","99.27","","","","","","NA"
"2018-05-01 21:00","2018","05","01","21:00","20.7","","1.9","","28","","23","","20","","24.1","","99.32","","","","","","NA"
"2018-05-01 22:00","2018","05","01","22:00","20.5","","1.5","","28","","23","","25","","24.1","","99.32","","","","","","Clear"
"2018-05-01 23:00","2018","05","01","23:00","20.3","","2.1","","30","","23","","16","","24.1","","99.33","","","","","","NA"
"2018-05-02 00:00","2018","05","02","00:00","20.1","","3.1","","32","","23","","24","","24.1","","99.32","","","","","","NA"
"2018-05-02 01:00","2018","05","02","01:00","19.4","","3.5","","35","","24","","26","","24.1","","99.29","","","","","","Mainly Clear"
"2018-05-02 02:00","2018","05","02","02:00","18.7","","3.4","","36","","24","","19","","24.1","","99.34","","","","","","NA"
"2018-05-02 03:00","2018","05","02","03:00","18.5","","3.3","","36","","24","","18","","24.1","","99.31","","","","","","NA"
"2018-05-02 04:00","2018","05","02","04:00","18.3","","3.7","","37","","25","","25","","24.1","","99.29","","","","","","Mainly Clear"
"2018-05-02 05:00","2018","05","02","05:00","18.1","","3.7","","38","","25","","26","","24.1","","99.32","","","","","","NA"
"2018-05-02 06:00","2018","05","02","06:00","17.8","","4.3","","41","","24","","23","","24.1","","99.34","","","","","","NA"
"2018-05-02 07:00","2018","05","02","07:00","18.6","","4.7","","39","","25","","27","","24.1","","99.32","","","","","","Mostly Cloudy"
"2018-05-02 08:00","2018","05","02","08:00","20.6","","5.9","","38","","24","","30","","24.1","","99.30","","","","","","NA"
"2018-05-02 09:00","2018","05","02","09:00","22.8","","7.8","","38","","24","","32","","24.1","","99.29","","","","","","NA"
"2018-05-02 10:00","2018","05","02","10:00","23.9","","8.8","","38","","23","","33","","24.1","","99.21","","25","","","","Mostly Cloudy"
"2018-05-02 11:00","2018","05","02","11:00","25.8","","10.1","","37","","23","","33","","24.1","","99.19","","27","","","","NA"
"2018-05-02 12:00","2018","05","02","12:00","24.9","","10.3","","39","","24","","22","","24.1","","99.18","","26","","","","NA"
"2018-05-02 13:00","2018","05","02","13:00","25.8","","10.8","","38","","24","","23","","24.1","","99.14","","27","","","","Cloudy"
"2018-05-02 14:00","2018","05","02","14:00","26.9","","10.4","","35","","21","","29","","24.1","","99.08","","28","","","","NA"
"2018-05-02 15:00","2018","05","02","15:00","27.5","","10.7","","34","","22","","34","","24.1","","99.01","","29","","","","NA"
"2018-05-02 16:00","2018","05","02","16:00","27.1","","10.8","","35","","22","","38","","24.1","","99.01","","29","","","","Mostly Cloudy"
"2018-05-02 17:00","2018","05","02","17:00","26.3","","11.4","","39","","24","","29","","24.1","","99.08","","28","","","","NA"
"2018-05-02 18:00","2018","05","02","18:00","26.2","","11.8","","40","","24","","30","","24.1","","99.09","","28","","","","NA"
"2018-05-02 19:00","2018","05","02","19:00","24.5","","12.0","","45","","24","","23","","24.1","","99.13","","27","","","","Mostly Cloudy"
"2018-05-02 20:00","2018","05","02","20:00","24.0","","12.6","","48","","23","","18","","24.1","","99.15","","27","","","","NA"
"2018-05-02 21:00","2018","05","02","21:00","23.5","","13.2","","52","","21","","19","","24.1","","99.13","","26","","","","NA"
"2018-05-02 22:00","2018","05","02","22:00","22.3","","13.8","","58","","24","","19","","24.1","","99.10","","26","","","","Cloudy"
"2018-05-02 23:00","2018","05","02","23:00","21.1","","13.7","","62","","26","","18","","24.1","","99.10","","","","","","NA"
"2018-05-03 00:00","2018","05","03","00:00","20.1","","14.0","","67","","25","","13","","24.1","","99.12","","","","","","NA"
"2018-05-03 01:00","2018","05","03","01:00","21.2","","14.7","","66","","24","","24","","24.1","","99.08","","25","","","","Cloudy"
"2018-05-03 02:00","2018","05","03","02:00","19.4","","15.2","","76","","26","","40","","24.1","","99.15","","","","","","Rain Showers"
"2018-05-03 03:00","2018","05","03","03:00","18.1","","15.7","","86","","27","","16","","24.1","","99.12","","","","","","Rain Showers"
"2018-05-03 04:00","2018","05","03","04:00","18.6","","16.5","","87","","20","","8","","24.1","","99.15","","","","","","Cloudy"
"2018-05-03 05:00","2018","05","03","05:00","18.6","","15.9","","84","","19","","14","","24.1","","99.09","","","","","","Rain"
"2018-05-03 06:00","2018","05","03","06:00","16.6","","14.4","","87","","17","","7","","24.1","","99.17","","","","","","NA"
"2018-05-03 07:00","2018","05","03","07:00","18.7","","16.1","","85","","24","","21","","24.1","","99.18","","","","","","Cloudy"
"2018-05-03 08:00","2018","05","03","08:00","20.0","","16.7","","81","","26","","27","","24.1","","99.17","","25","","","","NA"
"2018-05-03 09:00","2018","05","03","09:00","21.0","","16.5","","75","","29","","25","","24.1","","99.17","","26","","","","NA"
"2018-05-03 10:00","2018","05","03","10:00","21.6","","15.4","","67","","28","","36","","24.1","","99.23","","26","","","","Cloudy"
"2018-05-03 11:00","2018","05","03","11:00","21.0","","15.1","","69","","27","","30","","24.1","","99.28","","25","","","","NA"
"2018-05-03 12:00","2018","05","03","12:00","20.0","","15.7","","76","","26","","25","","24.1","","99.29","","","","","","Rain Showers"
"2018-05-03 13:00","2018","05","03","13:00","19.2","","15.3","","78","","25","","24","","9.7","","99.29","","","","","","Rain Showers"
"2018-05-03 14:00","2018","05","03","14:00","19.5","","16.7","","83","","28","","14","","12.9","","99.23","","","","","","Rain Showers"
"2018-05-03 15:00","2018","05","03","15:00","19.2","","17.0","","87","","24","","11","","9.7","","99.22","","","","","","Rain Showers"
"2018-05-03 16:00","2018","05","03","16:00","18.2","","16.4","","89","","28","","13","","16.1","","99.21","","","","","","Rain Showers"
"2018-05-03 17:00","2018","05","03","17:00","14.5","","13.0","","91","","35","","20","","9.7","","99.29","","","","","","Rain Showers"
"2018-05-03 18:00","2018","05","03","18:00","13.9","","12.5","","91","","1","","10","","16.1","","99.30","","","","","","Rain"
"2018-05-03 19:00","2018","05","03","19:00","13.1","","11.9","","92","","34","","13","","16.1","","99.36","","","","","","Rain"
"2018-05-03 20:00","2018","05","03","20:00","13.1","","11.7","","91","","36","","14","","24.1","","99.39","","","","","","NA"
"2018-05-03 21:00","2018","05","03","21:00","12.7","","11.1","","90","","1","","15","","24.1","","99.43","","","","","","NA"
"2018-05-03 22:00","2018","05","03","22:00","11.9","","10.2","","90","","35","","17","","24.1","","99.43","","","","","","Cloudy"
"2018-05-03 23:00","2018","05","03","23:00","10.4","","8.6","","89","","36","","18","","24.1","","99.47","","","","","","NA"
"2018-05-04 00:00","2018","05","04","00:00","9.9","","7.4","","84","","36","","16","","24.1","","99.42","","","","","","NA"
"2018-05-04 01:00","2018","05","04","01:00","10.0","","7.6","","85","","2","","8","","24.1","","99.41","","","","","","Cloudy"
"2018-05-04 02:00","2018","05","04","02:00","10.4","","8.4","","87","","33","","6","","24.1","","99.36","","","","","","NA"
"2018-05-04 03:00","2018","05","04","03:00","10.1","","8.1","","88","","35","","4","","24.1","","99.23","","","","","","Rain"
"2018-05-04 04:00","2018","05","04","04:00","10.5","","8.7","","89","","12","","7","","8.1","","99.12","","","","","","Rain,Fog"
"2018-05-04 05:00","2018","05","04","05:00","9.8","","8.4","","91","","13","","12","","4.8","","99.01","","","","","","Moderate Rain,Fog"
"2018-05-04 06:00","2018","05","04","06:00","9.8","","8.6","","92","","12","","14","","9.7","","98.97","","","","","","Fog"
"2018-05-04 07:00","2018","05","04","07:00","9.6","","8.6","","93","","11","","12","","8.1","","98.90","","","","","","Rain,Fog"
"2018-05-04 08:00","2018","05","04","08:00","10.6","","9.7","","94","","11","","13","","0.6","","98.74","","","","","","Fog"
"2018-05-04 09:00","2018","05","04","09:00","11.9","","11.2","","95","","15","","10","","0.4","","98.61","","","","","","Fog"
"2018-05-04 10:00","2018","05","04","10:00","12.4","","11.8","","96","","16","","16","","0.4","","98.41","","","","","","Fog"
"2018-05-04 11:00","2018","05","04","11:00","13.1","","12.4","","96","","14","","15","","6.4","","98.25","","","","","","Fog"
"2018-05-04 12:00","2018","05","04","12:00","16.1","","15.0","","93","","19","","13","","24.1","","98.21","","","","","","NA"
"2018-05-04 13:00","2018","05","04","13:00","23.4","","16.5","","65","","22","","36","","24.1","","98.10","","28","","","","Mostly Cloudy"
"2018-05-04 14:00","2018","05","04","14:00","24.1","","14.9","","56","","22","","50","","24.1","","97.95","","28","","","","Rain Showers"
"2018-05-04 15:00","2018","05","04","15:00","19.2","","15.0","","76","","24","","37","","24.1","","97.87","","","","","","NA"
"2018-05-04 16:00","2018","05","04","16:00","21.5","","11.1","","51","","27","","65","","24.1","","97.83","","","","","","Mostly Cloudy"
"2018-05-04 17:00","2018","05","04","17:00","12.2","","5.8","","65","","28","","66","","24.1","","98.28","","","","","","NA"
"2018-05-04 18:00","2018","05","04","18:00","10.9","","5.0","","67","","28","","68","","24.1","","98.60","","","","","","NA"
"2018-05-04 19:00","2018","05","04","19:00","9.8","","4.7","","70","","29","","63","","24.1","","98.94","","","","","","Mostly Cloudy"
"2018-05-04 20:00","2018","05","04","20:00","10.3","","5.0","","70","","30","","36","","24.1","","99.15","","","","","","NA"
"2018-05-04 21:00","2018","05","04","21:00","10.4","","5.2","","70","","31","","28","","24.1","","99.35","","","","","","NA"
"2018-05-04 22:00","2018","05","04","22:00","10.1","","5.2","","71","","31","","23","","24.1","","99.38","","","","","","Clear"
"2018-05-04 23:00","2018","05","04","23:00","8.8","","4.7","","76","","29","","4","","24.1","","99.43","","","","","","NA"
"2018-05-05 00:00","2018","05","05","00:00","9.0","","4.7","","74","","25","","10","","24.1","","99.45","","","","","","NA"
"2018-05-05 01:00","2018","05","05","01:00","8.3","","4.9","","79","","25","","16","","24.1","","99.47","","","","","","Clear"
"2018-05-05 02:00","2018","05","05","02:00","8.5","","5.9","","83","","24","","13","","24.1","","99.47","","","","","","NA"
"2018-05-05 03:00","2018","05","05","03:00","8.6","","6.0","","84","","25","","17","","24.1","","99.50","","","","","","NA"
"2018-05-05 04:00","2018","05","05","04:00","8.7","","6.2","","84","","24","","8","","24.1","","99.51","","","","","","Mainly Clear"
"2018-05-05 05:00","2018","05","05","05:00","9.3","","6.7","","84","","25","","9","","24.1","","99.50","","","","","","NA"
"2018-05-05 06:00","2018","05","05","06:00","10.2","","7.5","","84","","24","","8","","24.1","","99.56","","","","","","NA"
"2018-05-05 07:00","2018","05","05","07:00","12.0","","8.4","","79","","25","","17","","24.1","","99.58","","","","","","Mostly Cloudy"
"2018-05-05 08:00","2018","05","05","08:00","14.7","","8.8","","68","","22","","20","","24.1","","99.57","","","","","","NA"
"2018-05-05 09:00","2018","05","05","09:00","17.7","","9.9","","60","","22","","28","","24.1","","99.55","","","","","","NA"
"2018-05-05 10:00","2018","05","05","10:00","19.7","","11.0","","57","","24","","36","","24.1","","99.49","","","","","","Mainly Clear"
"2018-05-05 11:00","2018","05","05","11:00","21.1","","10.7","","51","","24","","34","","24.1","","99.47","","","","","","NA"
"2018-05-05 12:00","2018","05","05","12:00","22.2","","10.5","","47","","24","","23","","24.1","","99.43","","","","","","NA"
"2018-05-05 13:00","2018","05","05","13:00","23.5","","10.1","","42","","25","","23","","24.1","","99.38","","25","","","","Mainly Clear"
"2018-05-05 14:00","2018","05","05","14:00","23.4","","8.2","","37","","30","","33","","24.1","","99.32","","","","","","NA"
"2018-05-05 15:00","2018","05","05","15:00","22.4","","9.3","","43","","27","","31","","24.1","","99.37","","","","","","NA"
"2018-05-05 16:00","2018","05","05","16:00","23.6","","9.8","","41","","27","","19","","24.1","","99.31","","25","","","","Mostly Cloudy"
"2018-05-05 17:00","2018","05","05","17:00","21.5","","9.2","","45","","26","","16","","24.1","","99.35","","","","","","Rain Showers"
"2018-05-05 18:00","2018","05","05","18:00","20.4","","7.8","","44","","21","","23","","24.1","","99.40","","","","","","NA"
"2018-05-05 19:00","2018","05","05","19:00","19.2","","9.0","","51","","25","","21","","24.1","","99.41","","","","","","Cloudy"
"2018-05-05 20:00","2018","05","05","20:00","17.9","","8.1","","52","","28","","10","","24.1","","99.47","","","","","","NA"
"2018-05-05 21:00","2018","05","05","21:00","16.1","","9.8","","66","","22","","5","","24.1","","99.53","","","","","","NA"
"2018-05-05 22:00","2018","05","05","22:00","15.7","","11.5","","76","","2","","12","","24.1","","99.50","","","","","","Rain"
"2018-05-05 23:00","2018","05","05","23:00","15.9","","10.2","","69","","36","","8","","24.1","","99.49","","","","","","NA"
"2018-05-06 00:00","2018","05","06","00:00","14.6","","7.4","","62","","30","","3","","24.1","","99.47","","","","","","NA"
"2018-05-06 01:00","2018","05","06","01:00","13.3","","7.1","","66","","28","","5","","24.1","","99.44","","","","","","Cloudy"
"2018-05-06 02:00","2018","05","06","02:00","14.2","","7.5","","63","","36","","7","","24.1","","99.44","","","","","","NA"
"2018-05-06 03:00","2018","05","06","03:00","13.8","","5.1","","55","","6","","4","","24.1","","99.44","","","","","","NA"
"2018-05-06 04:00","2018","05","06","04:00","13.0","","6.6","","65","","32","","4","","24.1","","99.46","","","","","","Mostly Cloudy"
"2018-05-06 05:00","2018","05","06","05:00","11.8","","4.8","","62","","36","","9","","24.1","","99.47","","","","","","NA"
"2018-05-06 06:00","2018","05","06","06:00","12.0","","4.7","","61","","1","","10","","24.1","","99.45","","","","","","NA"
"2018-05-06 07:00","2018","05","06","07:00","13.3","","4.5","","55","","4","","10","","24.1","","99.46","","","","","","Mostly Cloudy"
"2018-05-06 08:00","2018","05","06","08:00","14.4","","7.4","","63","","10","","7","","24.1","","99.44","","","","","","NA"
"2018-05-06 09:00","2018","05","06","09:00","15.9","","4.7","","47","","10","","10","","24.1","","99.46","","","","","","NA"
"2018-05-06 10:00","2018","05","06","10:00","15.1","","2.3","","42","","8","","16","","24.1","","99.45","","","","","","Cloudy"
"2018-05-06 11:00","2018","05","06","11:00","14.5","","3.3","","47","","10","","19","","24.1","","99.48","","","","","","NA"
"2018-05-06 12:00","2018","05","06","12:00","15.3","","4.8","","49","","7","","19","","24.1","","99.46","","","","","","NA"
"2018-05-06 13:00","2018","05","06","13:00","16.5","","5.6","","48","","9","","14","","24.1","","99.39","","","","","","Cloudy"
"2018-05-06 14:00","2018","05","06","14:00","17.3","","5.0","","44","","5","","4","","24.1","","99.37","","","","","","NA"
"2018-05-06 15:00","2018","05","06","15:00","16.8","","5.7","","48","","15","","12","","24.1","","99.33","","","","","","NA"
"2018-05-06 16:00","2018","05","06","16:00","15.1","","6.7","","57","","36","","2","","24.1","","99.37","","","","","","Cloudy"
"2018-05-06 17:00","2018","05","06","17:00","15.5","","8.9","","64","","1","","17","","24.1","","99.41","","","","","","Rain"
"2018-05-06 18:00","2018","05","06","18:00","15.0","","8.8","","66","","1","","8","","24.1","","99.41","","","","","","Rain"
"2018-05-06 19:00","2018","05","06","19:00","15.5","","8.0","","61","","36","","1","","24.1","","99.45","","","","","","Mostly Cloudy"
"2018-05-06 20:00","2018","05","06","20:00","14.3","","8.8","","69","","26","","7","","24.1","","99.49","","","","","","NA"
"2018-05-06 21:00","2018","05","06","21:00","14.1","","5.4","","56","","34","","22","","24.1","","99.54","","","","","","Rain"
"2018-05-06 22:00","2018","05","06","22:00","13.5","","6.0","","60","","2","","18","","24.1","","99.59","","","","","","Cloudy"
"2018-05-06 23:00","2018","05","06","23:00","13.4","","4.8","","56","","1","","15","","24.1","","99.66","","","","","","NA"
"2018-05-07 00:00","2018","05","07","00:00","13.0","","4.5","","56","","1","","13","","24.1","","99.72","","","","","","NA"
"2018-05-07 01:00","2018","05","07","01:00","12.6","","3.5","","54","","4","","13","","24.1","","99.74","","","","","","Cloudy"
"2018-05-07 02:00","2018","05","07","02:00","11.8","","2.9","","54","","5","","12","","24.1","","99.76","","","","","","NA"
"2018-05-07 03:00","2018","05","07","03:00","10.8","","2.6","","56","","3","","13","","24.1","","99.84","","","","","","NA"
"2018-05-07 04:00","2018","05","07","04:00","9.9","","2.3","","59","","5","","12","","24.1","","99.88","","","","","","Mostly Cloudy"
"2018-05-07 05:00","2018","05","07","05:00","10.1","","1.1","","54","","3","","19","","24.1","","99.95","","","","","","NA"
"2018-05-07 06:00","2018","05","07","06:00","10.2","","1.0","","53","","3","","15","","24.1","","100.04","","","","","","NA"
"2018-05-07 07:00","2018","05","07","07:00","11.6","","0.9","","47","","4","","16","","24.1","","100.10","","","","","","Mainly Clear"
"2018-05-07 08:00","2018","05","07","08:00","12.9","","-0.1","","41","","6","","14","","24.1","","100.16","","","","","","NA"
"2018-05-07 09:00","2018","05","07","09:00","14.2","","1.2","","41","","6","","7","","24.1","","100.20","","","","","","NA"
"2018-05-07 10:00","2018","05","07","10:00","15.0","","0.2","","36","","10","","8","","24.1","","100.20","","","","","","Clear"
"2018-05-07 11:00","2018","05","07","11:00","13.6","","0.0","","39","","14","","17","","24.1","","100.23","","","","","","NA"
"2018-05-07 12:00","2018","05","07","12:00","14.2","","-0.2","","37","","15","","18","","24.1","","100.23","","","","","","NA"
"2018-05-07 13:00","2018","05","07","13:00","14.6","","-0.8","","35","","16","","17","","24.1","","100.19","","","","","","Mainly Clear"
"2018-05-07 14:00","2018","05","07","14:00","14.6","","-1.8","","32","","16","","15","","24.1","","100.17","","","","","","NA"
"2018-05-07 15:00","2018","05","07","15:00","15.1","","-1.6","","31","","17","","11","","24.1","","100.14","","","","","","NA"
"2018-05-07 16:00","2018","05","07","16:00","15.8","","-0.8","","32","","13","","17","","24.1","","100.13","","","","","","Clear"
"2018-05-07 17:00","2018","05","07","17:00","15.7","","-1.2","","31","","15","","17","","24.1","","100.14","","","","","","NA"
"2018-05-07 18:00","2018","05","07","18:00","14.7","","-1.9","","32","","14","","14","","24.1","","100.11","","","","","","NA"
"2018-05-07 19:00","2018","05","07","19:00","13.4","","-2.7","","32","","16","","14","","24.1","","100.12","","","","","","Clear"
"2018-05-07 20:00","2018","05","07","20:00","12.6","","-3.1","","33","","19","","6","","24.1","","100.14","","","","","","NA"
"2018-05-07 21:00","2018","05","07","21:00","12.5","","-3.1","","33","","19","","3","","24.1","","100.16","","","","","","NA"
"2018-05-07 22:00","2018","05","07","22:00","12.0","","-2.9","","35","","11","","6","","24.1","","100.18","","","","","","Clear"
"2018-05-07 23:00","2018","05","07","23:00","11.7","","-2.7","","36","","11","","4","","24.1","","100.19","","","","","","NA"
"2018-05-08 00:00","2018","05","08","00:00","11.1","","-2.7","","38","","0","","1","","24.1","","100.20","","","","","","NA"
"2018-05-08 01:00","2018","05","08","01:00","10.4","","-2.3","","41","","36","","3","","24.1","","100.18","","","","","","Clear"
"2018-05-08 02:00","2018","05","08","02:00","9.2","","-0.8","","49","","36","","3","","24.1","","100.14","","","","","","NA"
"2018-05-08 03:00","2018","05","08","03:00","9.2","","-0.8","","50","","29","","5","","24.1","","100.17","","","","","","NA"
"2018-05-08 04:00","2018","05","08","04:00","8.6","","-1.1","","51","","36","","3","","24.1","","100.14","","","","","","Clear"
"2018-05-08 05:00","2018","05","08","05:00","8.4","","0.6","","58","","2","","7","","24.1","","100.15","","","","","","NA"
"2018-05-08 06:00","2018","05","08","06:00","8.1","","1.8","","64","","2","","8","","24.1","","100.21","","","","","","NA"
"2018-05-08 07:00","2018","05","08","07:00","11.5","","2.1","","52","","3","","5","","24.1","","100.22","","","","","","Clear"
"2018-05-08 08:00","2018","05","08","08:00","13.8","","0.9","","41","","36","","1","","24.1","","100.23","","","","","","NA"
"2018-05-08 09:00","2018","05","08","09:00","16.2","","1.4","","36","","36","","2","","24.1","","100.26","","","","","","NA"
"2018-05-08 10:00","2018","05","08","10:00","17.0","","0.0","","31","","10","","7","","24.1","","100.24","","","","","","Clear"
"2018-05-08 11:00","2018","05","08","11:00","17.3","","-0.6","","29","","15","","16","","24.1","","100.22","","","","","","NA"
"2018-05-08 12:00","2018","05","08","12:00","17.2","","1.0","","33","","14","","14","","24.1","","100.18","","","","","","NA"
"2018-05-08 13:00","2018","05","08","13:00","17.0","","0.3","","32","","16","","14","","24.1","","100.14","","","","","","Clear"
"2018-05-08 14:00","2018","05","08","14:00","17.4","","-0.2","","30","","16","","18","","24.1","","100.08","","","","","","NA"
"2018-05-08 15:00","2018","05","08","15:00","17.7","","0.8","","32","","12","","16","","24.1","","100.02","","","","","","NA"
"2018-05-08 16:00","2018","05","08","16:00","18.5","","1.9","","33","","16","","8","","24.1","","99.95","","","","","","Clear"
"2018-05-08 17:00","2018","05","08","17:00","18.2","","2.0","","34","","14","","11","","24.1","","99.94","","","","","","NA"
"2018-05-08 18:00","2018","05","08","18:00","16.8","","1.5","","35","","16","","11","","24.1","","99.93","","","","","","NA"
"2018-05-08 19:00","2018","05","08","19:00","14.4","","0.4","","38","","15","","14","","24.1","","99.91","","","","","","Mainly Clear"
"2018-05-08 20:00","2018","05","08","20:00","12.3","","0.5","","44","","16","","10","","24.1","","99.94","","","","","","NA"
"2018-05-08 21:00","2018","05","08","21:00","11.5","","1.8","","51","","15","","6","","24.1","","99.97","","","","","","NA"
"2018-05-08 22:00","2018","05","08","22:00","12.1","","2.8","","53","","28","","3","","24.1","","99.95","","","","","","Clear"
"2018-05-08 23:00","2018","05","08","23:00","11.4","","2.4","","54","","27","","4","","24.1","","99.92","","","","","","NA"
"2018-05-09 00:00","2018","05","09","00:00","11.8","","2.8","","54","","36","","2","","24.1","","99.92","","","","","","NA"
"2018-05-09 01:00","2018","05","09","01:00","11.7","","3.1","","56","","32","","7","","24.1","","99.88","","","","","","Clear"
"2018-05-09 02:00","2018","05","09","02:00","10.9","","3.2","","59","","3","","9","","24.1","","99.84","","","","","","NA"
"2018-05-09 03:00","2018","05","09","03:00","10.2","","1.9","","56","","35","","7","","24.1","","99.82","","","","","","NA"
"2018-05-09 04:00","2018","05","09","04:00","10.2","","3.5","","63","","36","","2","","24.1","","99.78","","","","","","Clear"
"2018-05-09 05:00","2018","05","09","05:00","10.2","","3.5","","63","","36","","4","","24.1","","99.76","","","","","","NA"
"2018-05-09 06:00","2018","05","09","06:00","11.4","","4.4","","62","","6","","4","","24.1","","99.78","","","","","","NA"
"2018-05-09 07:00","2018","05","09","07:00","13.3","","5.5","","59","","5","","5","","24.1","","99.78","","","","","","Mainly Clear"
"2018-05-09 08:00","2018","05","09","08:00","14.9","","6.2","","56","","14","","7","","24.1","","99.78","","","","","","NA"
"2018-05-09 09:00","2018","05","09","09:00","16.9","","7.6","","54","","11","","8","","24.1","","99.74","","","","","","NA"
"2018-05-09 10:00","2018","05","09","10:00","18.4","","7.6","","49","","18","","9","","24.1","","99.69","","","","","","Mostly Cloudy"
"2018-05-09 11:00","2018","05","09","11:00","20.2","","8.3","","46","","18","","9","","24.1","","99.63","","","","","","NA"
"2018-05-09 12:00","2018","05","09","12:00","19.5","","9.4","","52","","13","","18","","24.1","","99.55","","","","","","NA"
"2018-05-09 13:00","2018","05","09","13:00","20.9","","9.7","","48","","15","","17","","24.1","","99.49","","","","","","Mostly Cloudy"
"2018-05-09 14:00","2018","05","09","14:00","22.4","","11.7","","50","","15","","10","","24.1","","99.40","","25","","","","NA"
"2018-05-09 15:00","2018","05","09","15:00","21.4","","10.5","","49","","14","","14","","24.1","","99.29","","","","","","NA"
"2018-05-09 16:00","2018","05","09","16:00","19.4","","9.7","","53","","15","","19","","24.1","","99.19","","","","","","Mostly Cloudy"
"2018-05-09 17:00","2018","05","09","17:00","18.6","","9.4","","55","","16","","15","","24.1","","99.15","","","","","","NA"
"2018-05-09 18:00","2018","05","09","18:00","20.4","","9.8","","50","","13","","13","","24.1","","99.07","","","","","","NA"
"2018-05-09 19:00","2018","05","09","19:00","19.3","","9.3","","52","","13","","14","","24.1","","98.99","","","","","","Cloudy"
"2018-05-09 20:00","2018","05","09","20:00","18.8","","9.0","","53","","13","","17","","24.1","","98.91","","","","","","NA"
"2018-05-09 21:00","2018","05","09","21:00","16.6","","8.9","","60","","14","","10","","24.1","","98.87","","","","","","NA"
"2018-05-09 22:00","2018","05","09","22:00","15.7","","9.2","","65","","13","","10","","24.1","","98.81","","","","","","Mostly Cloudy"
"2018-05-09 23:00","2018","05","09","23:00","15.5","","9.4","","67","","15","","9","","24.1","","98.71","","","","","","NA"
"2018-05-10 00:00","2018","05","10","00:00","16.3","","9.5","","64","","14","","9","","19.3","","98.67","","","","","","NA"
"2018-05-10 01:00","2018","05","10","01:00","16.2","","10.4","","68","","14","","12","","24.1","","98.53","","","","","","Cloudy"
"2018-05-10 02:00","2018","05","10","02:00","15.9","","10.3","","69","","18","","21","","16.1","","98.50","","","","","","Thunderstorms,Rain Showers"
"2018-05-10 03:00","2018","05","10","03:00","16.1","","12.9","","81","","16","","11","","24.1","","98.36","","","","","","NA"
"2018-05-10 04:00","2018","05","10","04:00","17.1","","14.1","","82","","16","","9","","24.1","","98.31","","","","","","Cloudy"
"2018-05-10 05:00","2018","05","10","05:00","16.4","","13.3","","82","","19","","19","","24.1","","98.32","","","","","","NA"
"2018-05-10 06:00","2018","05","10","06:00","16.6","","14.5","","88","","21","","16","","24.1","","98.32","","","","","","NA"
"2018-05-10 07:00","2018","05","10","07:00","17.6","","15.3","","87","","22","","24","","24.1","","98.34","","","","","","Mostly Cloudy"
"2018-05-10 08:00","2018","05","10","08:00","18.6","","15.5","","82","","24","","27","","24.1","","98.35","","","","","","NA"
"2018-05-10 09:00","2018","05","10","09:00","19.1","","12.5","","65","","27","","46","","24.1","","98.40","","","","","","NA"
"2018-05-10 10:00","2018","05","10","10:00","19.6","","12.8","","64","","28","","33","","24.1","","98.50","","","","","","Mostly Cloudy"
"2018-05-10 11:00","2018","05","10","11:00","19.6","","11.4","","59","","28","","41","","24.1","","98.58","","","","","","NA"
"2018-05-10 12:00","2018","05","10","12:00","18.6","","11.1","","61","","28","","35","","24.1","","98.67","","","","","","NA"
"2018-05-10 13:00","2018","05","10","13:00","19.6","","10.7","","56","","28","","40","","24.1","","98.68","","","","","","Mostly Cloudy"
"2018-05-10 14:00","2018","05","10","14:00","19.1","","11.2","","60","","29","","38","","24.1","","98.75","","","","","","NA"
"2018-05-10 15:00","2018","05","10","15:00","18.0","","10.6","","61","","29","","36","","24.1","","98.80","","","","","","NA"
"2018-05-10 16:00","2018","05","10","16:00","17.6","","10.2","","61","","29","","28","","24.1","","98.82","","","","","","Mostly Cloudy"
"2018-05-10 17:00","2018","05","10","17:00","16.7","","9.5","","62","","32","","34","","24.1","","98.92","","","","","","NA"
"2018-05-10 18:00","2018","05","10","18:00","15.6","","6.1","","53","","31","","34","","24.1","","98.98","","","","","","NA"
"2018-05-10 19:00","2018","05","10","19:00","14.0","","2.2","","45","","30","","27","","24.1","","99.06","","","","","","Mainly Clear"
"2018-05-10 20:00","2018","05","10","20:00","12.7","","1.6","","47","","32","","40","","24.1","","99.17","","","","","","NA"
"2018-05-10 21:00","2018","05","10","21:00","10.7","","-6.0","","30","","32","","37","","24.1","","99.31","","","","","","NA"
"2018-05-10 22:00","2018","05","10","22:00","8.6","","-8.5","","29","","31","","37","","24.1","","99.38","","","","","","Mainly Clear"
"2018-05-10 23:00","2018","05","10","23:00","6.3","","-6.2","","41","","31","","26","","24.1","","99.48","","","","","","NA"
"2018-05-11 00:00","2018","05","11","00:00","5.5","","-3.6","","52","","33","","28","","24.1","","99.56","","","","","","NA"
"2018-05-11 01:00","2018","05","11","01:00","5.1","","-2.4","","58","","33","","22","","24.1","","99.68","","","","","","Clear"
"2018-05-11 02:00","2018","05","11","02:00","5.5","","-0.6","","65","","35","","26","","24.1","","99.65","","","","","","NA"
"2018-05-11 03:00","2018","05","11","03:00","5.7","","-0.6","","64","","36","","21","","24.1","","99.74","","","","","","NA"
"2018-05-11 04:00","2018","05","11","04:00","5.5","","-2.5","","56","","36","","22","","24.1","","99.83","","","","","","Mostly Cloudy"
"2018-05-11 05:00","2018","05","11","05:00","5.5","","-3.6","","52","","36","","17","","24.1","","99.91","","","","","","NA"
"2018-05-11 06:00","2018","05","11","06:00","5.4","","-4.4","","49","","1","","20","","24.1","","100.04","","","","","","NA"
"2018-05-11 07:00","2018","05","11","07:00","6.4","","-4.0","","48","","2","","18","","24.1","","100.08","","","","","","Mainly Clear"
"2018-05-11 08:00","2018","05","11","08:00","7.3","","-3.3","","47","","1","","15","","24.1","","100.09","","","","","","NA"
"2018-05-11 09:00","2018","05","11","09:00","7.7","","-3.2","","46","","6","","5","","24.1","","100.13","","","","","","NA"
"2018-05-11 10:00","2018","05","11","10:00","8.7","","-2.9","","44","","36","","2","","24.1","","100.16","","","","","","Mostly Cloudy"
"2018-05-11 11:00","2018","05","11","11:00","9.7","","-3.6","","39","","1","","9","","24.1","","100.13","","","","","","NA"
"2018-05-11 12:00","2018","05","11","12:00","9.0","","-2.3","","45","","15","","18","","24.1","","100.15","","","","","","NA"
"2018-05-11 13:00","2018","05","11","13:00","9.3","","-2.2","","44","","15","","19","","24.1","","100.16","","","","","","Cloudy"
"2018-05-11 14:00","2018","05","11","14:00","9.5","","-1.5","","46","","16","","16","","24.1","","100.12","","","","","","NA"
"2018-05-11 15:00","2018","05","11","15:00","10.2","","-1.4","","44","","13","","14","","24.1","","100.04","","","","","","NA"
"2018-05-11 16:00","2018","05","11","16:00","10.2","","-1.8","","43","","15","","14","","24.1","","99.98","","","","","","Cloudy"
"2018-05-11 17:00","2018","05","11","17:00","9.1","","-2.6","","43","","15","","13","","24.1","","99.98","","","","","","NA"
"2018-05-11 18:00","2018","05","11","18:00","9.1","","-3.5","","41","","14","","14","","24.1","","99.97","","","","","","NA"
"2018-05-11 19:00","2018","05","11","19:00","9.4","","-4.7","","37","","16","","10","","24.1","","100.01","","","","","","Cloudy"
"2018-05-11 20:00","2018","05","11","20:00","9.2","","-4.9","","36","","18","","7","","24.1","","100.01","","","","","","NA"
"2018-05-11 21:00","2018","05","11","21:00","9.1","","-4.9","","37","","12","","4","","24.1","","100.03","","","","","","NA"
"2018-05-11 22:00","2018","05","11","22:00","9.4","","-6.8","","31","","13","","4","","24.1","","100.02","","","","","","Mostly Cloudy"
"2018-05-11 23:00","2018","05","11","23:00","9.4","","-6.2","","32","","12","","3","","24.1","","100.01","","","","","","NA"
"2018-05-12 00:00","2018","05","12","00:00","9.1","","-5.9","","34","","8","","4","","24.1","","99.98","","","","","","NA"
"2018-05-12 01:00","2018","05","12","01:00","8.8","","-4.9","","38","","11","","8","","24.1","","99.92","","","","","","Mostly Cloudy"
"2018-05-12 02:00","2018","05","12","02:00","8.4","","-3.4","","43","","12","","5","","24.1","","99.87","","","","","","NA"
"2018-05-12 03:00","2018","05","12","03:00","8.2","","-2.3","","47","","8","","7","","24.1","","99.84","","","","","","NA"
"2018-05-12 04:00","2018","05","12","04:00","8.1","","-4.5","","41","","7","","9","","24.1","","99.80","","","","","","Mostly Cloudy"
"2018-05-12 05:00","2018","05","12","05:00","8.1","","-3.4","","44","","5","","9","","24.1","","99.83","","","","","","Rain"
"2018-05-12 06:00","2018","05","12","06:00","8.1","","-1.6","","50","","5","","13","","24.1","","99.86","","","","","","NA"
"2018-05-12 07:00","2018","05","12","07:00","8.5","","-1.4","","50","","7","","7","","24.1","","99.89","","","","","","Mostly Cloudy"
"2018-05-12 08:00","2018","05","12","08:00","8.7","","-0.8","","51","","5","","11","","24.1","","99.92","","","","","","Rain"
"2018-05-12 09:00","2018","05","12","09:00","9.6","","-1.6","","45","","8","","17","","24.1","","99.89","","","","","","NA"
"2018-05-12 10:00","2018","05","12","10:00","11.3","","-1.6","","41","","7","","12","","24.1","","99.90","","","","","","Mostly Cloudy"
"2018-05-12 11:00","2018","05","12","11:00","12.2","","-1.9","","37","","8","","14","","24.1","","99.88","","","","","","NA"
"2018-05-12 12:00","2018","05","12","12:00","13.2","","-1.2","","37","","11","","9","","24.1","","99.89","","","","","","NA"
"2018-05-12 13:00","2018","05","12","13:00","14.0","","-0.8","","36","","14","","13","","24.1","","99.82","","","","","","Mostly Cloudy"
"2018-05-12 14:00","2018","05","12","14:00","13.1","","-1.7","","36","","15","","14","","24.1","","99.88","","","","","","NA"
"2018-05-12 15:00","2018","05","12","15:00","13.6","","-0.8","","37","","15","","17","","24.1","","99.85","","","","","","NA"
"2018-05-12 16:00","2018","05","12","16:00","13.2","","-1.2","","37","","16","","14","","24.1","","99.84","","","","","","Mainly Clear"
"2018-05-12 17:00","2018","05","12","17:00","13.1","","-1.6","","36","","16","","13","","24.1","","99.85","","","","","","NA"
"2018-05-12 18:00","2018","05","12","18:00","12.8","","-2.9","","34","","16","","10","","24.1","","99.83","","","","","","NA"
"2018-05-12 19:00","2018","05","12","19:00","12.3","","-6.5","","26","","15","","9","","24.1","","99.82","","","","","","Mostly Cloudy"
"2018-05-12 20:00","2018","05","12","20:00","12.0","","-11.2","","19","","15","","5","","24.1","","99.86","","","","","","NA"
"2018-05-12 21:00","2018","05","12","21:00","11.9","","-10.7","","19","","36","","2","","24.1","","99.94","","","","","","NA"
"2018-05-12 22:00","2018","05","12","22:00","12.2","","-6.6","","26","","34","","5","","24.1","","99.97","","","","","","Mostly Cloudy"
"2018-05-12 23:00","2018","05","12","23:00","11.0","","-4.4","","34","","36","","11","","24.1","","99.98","","","","","","NA"
"2018-05-13 00:00","2018","05","13","00:00","9.4","","-1.6","","46","","36","","9","","24.1","","99.94","","","","","","NA"
"2018-05-13 01:00","2018","05","13","01:00","8.5","","-3.5","","43","","2","","4","","24.1","","99.88","","","","","","Mostly Cloudy"
"2018-05-13 02:00","2018","05","13","02:00","8.3","","-6.1","","35","","35","","14","","24.1","","99.87","","","","","","NA"
"2018-05-13 03:00","2018","05","13","03:00","8.6","","-7.2","","32","","34","","15","","24.1","","99.89","","","","","","NA"
"2018-05-13 04:00","2018","05","13","04:00","7.8","","-6.1","","37","","1","","7","","24.1","","99.84","","","","","","Cloudy"
"2018-05-13 05:00","2018","05","13","05:00","7.8","","-3.6","","44","","15","","5","","24.1","","99.85","","","","","","NA"
"2018-05-13 06:00","2018","05","13","06:00","8.2","","-1.9","","49","","1","","3","","24.1","","99.89","","","","","","NA"
"2018-05-13 07:00","2018","05","13","07:00","9.0","","-0.8","","50","","6","","4","","24.1","","99.93","","","","","","Mostly Cloudy"
"2018-05-13 08:00","2018","05","13","08:00","11.7","","-0.2","","44","","9","","8","","24.1","","99.91","","","","","","NA"
"2018-05-13 09:00","2018","05","13","09:00","14.7","","0.7","","38","","10","","14","","24.1","","99.85","","","","","","NA"
"2018-05-13 10:00","2018","05","13","10:00","15.4","","4.0","","46","","8","","15","","24.1","","99.79","","","","","","Clear"
"2018-05-13 11:00","2018","05","13","11:00","16.4","","4.5","","45","","11","","19","","24.1","","99.73","","","","","","NA"
"2018-05-13 12:00","2018","05","13","12:00","16.9","","5.0","","45","","7","","16","","24.1","","99.68","","","","","","NA"
"2018-05-13 13:00","2018","05","13","13:00","17.4","","6.6","","49","","13","","11","","24.1","","99.60","","","","","","Mainly Clear"
"2018-05-13 14:00","2018","05","13","14:00","17.6","","7.2","","50","","13","","7","","24.1","","99.53","","","","","","NA"
"2018-05-13 15:00","2018","05","13","15:00","17.4","","6.9","","50","","19","","12","","24.1","","99.46","","","","","","NA"
"2018-05-13 16:00","2018","05","13","16:00","17.0","","6.8","","51","","17","","13","","24.1","","99.42","","","","","","Mainly Clear"
"2018-05-13 17:00","2018","05","13","17:00","15.2","","5.3","","52","","16","","17","","24.1","","99.42","","","","","","NA"
"2018-05-13 18:00","2018","05","13","18:00","13.2","","5.1","","57","","14","","16","","24.1","","99.38","","","","","","NA"
"2018-05-13 19:00","2018","05","13","19:00","12.3","","5.4","","62","","14","","11","","24.1","","99.38","","","","","","Clear"
"2018-05-13 20:00","2018","05","13","20:00","11.7","","5.3","","65","","14","","9","","24.1","","99.33","","","","","","NA"
"2018-05-13 21:00","2018","05","13","21:00","11.8","","5.5","","65","","13","","6","","24.1","","99.35","","","","","","NA"
"2018-05-13 22:00","2018","05","13","22:00","11.7","","5.6","","66","","14","","5","","24.1","","99.38","","","","","","Clear"
"2018-05-13 23:00","2018","05","13","23:00","11.4","","5.6","","67","","8","","5","","24.1","","99.38","","","","","","NA"
"2018-05-14 00:00","2018","05","14","00:00","11.0","","5.5","","69","","10","","3","","24.1","","99.34","","","","","","NA"
"2018-05-14 01:00","2018","05","14","01:00","10.9","","5.7","","70","","36","","3","","24.1","","99.29","","","","","","Clear"
"2018-05-14 02:00","2018","05","14","02:00","10.8","","6.3","","73","","28","","7","","24.1","","99.27","","","","","","NA"
"2018-05-14 03:00","2018","05","14","03:00","10.6","","6.3","","75","","31","","5","","24.1","","99.29","","","","","","NA"
"2018-05-14 04:00","2018","05","14","04:00","10.3","","6.0","","74","","25","","5","","24.1","","99.31","","","","","","Clear"
"2018-05-14 05:00","2018","05","14","05:00","11.0","","6.5","","74","","31","","4","","24.1","","99.33","","","","","","NA"
"2018-05-14 06:00","2018","05","14","06:00","11.5","","7.0","","74","","23","","7","","24.1","","99.30","","","","","","NA"
"2018-05-14 07:00","2018","05","14","07:00","14.9","","9.1","","68","","20","","7","","24.1","","99.32","","","","","","Mainly Clear"
"2018-05-14 08:00","2018","05","14","08:00","17.2","","11.1","","67","","22","","7","","24.1","","99.32","","","","","","NA"
"2018-05-14 09:00","2018","05","14","09:00","19.4","","11.9","","62","","20","","10","","24.1","","99.32","","","","","","NA"
"2018-05-14 10:00","2018","05","14","10:00","18.5","","11.3","","63","","14","","15","","24.1","","99.33","","","","","","Mostly Cloudy"
"2018-05-14 11:00","2018","05","14","11:00","19.9","","12.5","","62","","13","","16","","24.1","","99.34","","","","","","NA"
"2018-05-14 12:00","2018","05","14","12:00","22.9","","13.6","","55","","24","","15","","24.1","","99.34","","26","","","","NA"
"2018-05-14 13:00","2018","05","14","13:00","24.1","","12.6","","48","","25","","13","","24.1","","99.23","","27","","","","Mostly Cloudy"
"2018-05-14 14:00","2018","05","14","14:00","22.3","","13.8","","58","","16","","18","","24.1","","99.14","","26","","","","NA"
"2018-05-14 15:00","2018","05","14","15:00","22.3","","13.7","","58","","13","","17","","24.1","","99.00","","25","","","","NA"
"2018-05-14 16:00","2018","05","14","16:00","22.4","","13.5","","56","","14","","21","","24.1","","98.88","","25","","","","Mostly Cloudy"
"2018-05-14 17:00","2018","05","14","17:00","21.7","","13.4","","59","","16","","21","","24.1","","98.85","","25","","","","NA"
"2018-05-14 18:00","2018","05","14","18:00","21.2","","13.4","","61","","17","","19","","24.1","","98.92","","","","","","NA"
"2018-05-14 19:00","2018","05","14","19:00","20.4","","14.0","","66","","19","","19","","24.1","","98.95","","","","","","Mostly Cloudy"
"2018-05-14 20:00","2018","05","14","20:00","20.6","","14.4","","67","","24","","21","","24.1","","98.94","","","","","","NA"
"2018-05-14 21:00","2018","05","14","21:00","19.5","","14.4","","72","","24","","14","","24.1","","98.93","","","","","","NA"
"2018-05-14 22:00","2018","05","14","22:00","18.9","","14.7","","76","","24","","10","","24.1","","98.99","","","","","","Cloudy"
"2018-05-14 23:00","2018","05","14","23:00","18.7","","14.5","","76","","20","","7","","24.1","","98.94","","","","","","NA"
"2018-05-15 00:00","2018","05","15","00:00","18.4","","14.5","","78","","19","","7","","16.1","","98.93","","","","","","NA"
"2018-05-15 01:00","2018","05","15","01:00","18.0","","14.4","","79","","14","","9","","16.1","","98.82","","","","","","Cloudy"
"2018-05-15 02:00","2018","05","15","02:00","17.5","","14.2","","80","","19","","7","","16.1","","98.78","","","","","","NA"
"2018-05-15 03:00","2018","05","15","03:00","16.6","","14.5","","87","","21","","10","","8.1","","98.82","","","","","","Thunderstorms,Moderate Rain Showers"
"2018-05-15 04:00","2018","05","15","04:00","16.4","","15.1","","92","","27","","6","","8.1","","98.70","","","","","","Rain Showers,Fog"
"2018-05-15 05:00","2018","05","15","05:00","17.0","","15.9","","93","","33","","15","","8.1","","98.71","","","","","","Rain,Fog"
"2018-05-15 06:00","2018","05","15","06:00","16.9","","15.9","","94","","31","","4","","8.1","","98.83","","","","","","Rain,Fog"
"2018-05-15 07:00","2018","05","15","07:00","15.4","","14.3","","93","","33","","26","","8.1","","98.79","","","","","","Rain,Fog"
"2018-05-15 08:00","2018","05","15","08:00","15.1","","13.7","","91","","35","","19","","12.9","","98.97","","","","","","Rain"
"2018-05-15 09:00","2018","05","15","09:00","15.6","","13.6","","88","","1","","12","","24.1","","99.01","","","","","","NA"
"2018-05-15 10:00","2018","05","15","10:00","16.6","","12.9","","79","","3","","6","","24.1","","98.97","","","","","","Cloudy"
"2018-05-15 11:00","2018","05","15","11:00","16.5","","13.2","","81","","35","","14","","19.3","","99.16","","","","","","Rain"
"2018-05-15 12:00","2018","05","15","12:00","17.6","","14.3","","81","","32","","14","","24.1","","99.27","","","","","","Rain"
"2018-05-15 13:00","2018","05","15","13:00","17.9","","14.2","","79","","25","","6","","24.1","","99.26","","","","","","Cloudy"
"2018-05-15 14:00","2018","05","15","14:00","20.0","","14.4","","70","","29","","13","","24.1","","99.25","","","","","","NA"
"2018-05-15 15:00","2018","05","15","15:00","21.0","","13.0","","60","","31","","6","","24.1","","99.27","","","","","","NA"
"2018-05-15 16:00","2018","05","15","16:00","20.6","","12.9","","61","","35","","18","","24.1","","99.26","","","","","","Mostly Cloudy"
"2018-05-15 17:00","2018","05","15","17:00","19.6","","13.7","","69","","35","","26","","24.1","","99.32","","","","","","NA"
"2018-05-15 18:00","2018","05","15","18:00","18.7","","11.7","","63","","35","","27","","24.1","","99.35","","","","","","NA"
"2018-05-15 19:00","2018","05","15","19:00","17.5","","8.7","","56","","36","","28","","24.1","","99.43","","","","","","Mostly Cloudy"
"2018-05-15 20:00","2018","05","15","20:00","16.0","","7.9","","58","","36","","21","","24.1","","99.50","","","","","","NA"
"2018-05-15 21:00","2018","05","15","21:00","14.3","","5.8","","56","","1","","19","","24.1","","99.59","","","","","","NA"
"2018-05-15 22:00","2018","05","15","22:00","13.1","","4.0","","54","","36","","19","","24.1","","99.64","","","","","","Mainly Clear"
"2018-05-15 23:00","2018","05","15","23:00","11.7","","3.4","","56","","35","","13","","24.1","","99.68","","","","","","NA"
"2018-05-16 00:00","2018","05","16","00:00","11.6","","4.1","","60","","34","","12","","24.1","","99.66","","","","","","NA"
"2018-05-16 01:00","2018","05","16","01:00","11.1","","4.0","","61","","35","","12","","24.1","","99.68","","","","","","Mainly Clear"
"2018-05-16 02:00","2018","05","16","02:00","10.8","","3.4","","60","","35","","18","","24.1","","99.67","","","","","","NA"
"2018-05-16 03:00","2018","05","16","03:00","9.5","","3.0","","63","","35","","8","","24.1","","99.67","","","","","","NA"
"2018-05-16 04:00","2018","05","16","04:00","9.0","","3.2","","67","","1","","9","","24.1","","99.65","","","","","","Mostly Cloudy"
"2018-05-16 05:00","2018","05","16","05:00","8.1","","2.9","","70","","3","","6","","24.1","","99.71","","","","","","NA"
"2018-05-16 06:00","2018","05","16","06:00","10.0","","4.3","","68","","2","","13","","24.1","","99.77","","","","","","NA"
"2018-05-16 07:00","2018","05","16","07:00","11.6","","4.8","","63","","8","","13","","24.1","","99.79","","","","","","Mostly Cloudy"
"2018-05-16 08:00","2018","05","16","08:00","12.9","","6.3","","64","","6","","13","","24.1","","99.82","","","","","","NA"
"2018-05-16 09:00","2018","05","16","09:00","13.6","","5.0","","56","","9","","12","","24.1","","99.80","","","","","","NA"
"2018-05-16 10:00","2018","05","16","10:00","14.8","","5.2","","52","","11","","8","","24.1","","99.76","","","","","","Mostly Cloudy"
"2018-05-16 11:00","2018","05","16","11:00","16.0","","6.7","","53","","18","","10","","24.1","","99.74","","","","","","NA"
"2018-05-16 12:00","2018","05","16","12:00","15.5","","6.1","","53","","16","","11","","24.1","","99.66","","","","","","NA"
"2018-05-16 13:00","2018","05","16","13:00","16.4","","7.6","","56","","14","","14","","24.1","","99.58","","","","","","Mostly Cloudy"
"2018-05-16 14:00","2018","05","16","14:00","18.0","","10.3","","60","","14","","8","","24.1","","99.55","","","","","","NA"
"2018-05-16 15:00","2018","05","16","15:00","19.5","","11.1","","58","","13","","11","","24.1","","99.46","","","","","","NA"
"2018-05-16 16:00","2018","05","16","16:00","18.4","","10.9","","61","","16","","16","","24.1","","99.44","","","","","","Mostly Cloudy"
"2018-05-16 17:00","2018","05","16","17:00","19.5","","10.5","","56","","15","","12","","24.1","","99.42","","","","","","NA"
"2018-05-16 18:00","2018","05","16","18:00","16.4","","9.3","","63","","15","","13","","24.1","","99.37","","","","","","NA"
"2018-05-16 19:00","2018","05","16","19:00","14.3","","8.3","","67","","15","","8","","24.1","","99.40","","","","","","Mostly Cloudy"
"2018-05-16 20:00","2018","05","16","20:00","13.3","","8.0","","70","","17","","4","","24.1","","99.41","","","","","","NA"
"2018-05-16 21:00","2018","05","16","21:00","12.9","","7.6","","70","","14","","6","","24.1","","99.43","","","","","","NA"
"2018-05-16 22:00","2018","05","16","22:00","13.3","","8.1","","70","","36","","1","","24.1","","99.45","","","","","","Mainly Clear"
"2018-05-16 23:00","2018","05","16","23:00","13.9","","8.7","","71","","0","","1","","24.1","","99.45","","","","","","NA"
"2018-05-17 00:00","2018","05","17","00:00","14.2","","9.1","","71","","16","","3","","24.1","","99.44","","","","","","NA"
"2018-05-17 01:00","2018","05","17","01:00","13.6","","9.4","","76","","17","","5","","24.1","","99.40","","","","","","Mainly Clear"
"2018-05-17 02:00","2018","05","17","02:00","13.3","","9.7","","79","","36","","1","","24.1","","99.39","","","","","","NA"
"2018-05-17 03:00","2018","05","17","03:00","12.8","","9.2","","79","","31","","7","","24.1","","99.37","","","","","","NA"
"2018-05-17 04:00","2018","05","17","04:00","12.8","","9.7","","81","","28","","3","","24.1","","99.38","","","","","","Mainly Clear"
"2018-05-17 05:00","2018","05","17","05:00","13.0","","9.8","","81","","1","","5","","24.1","","99.43","","","","","","NA"
"2018-05-17 06:00","2018","05","17","06:00","14.5","","10.4","","76","","34","","3","","24.1","","99.48","","","","","","NA"
"2018-05-17 07:00","2018","05","17","07:00","16.9","","11.3","","69","","34","","10","","24.1","","99.52","","","","","","Clear"
"2018-05-17 08:00","2018","05","17","08:00","18.5","","11.6","","64","","36","","13","","24.1","","99.57","","","","","","NA"
"2018-05-17 09:00","2018","05","17","09:00","19.2","","11.2","","59","","35","","14","","24.1","","99.62","","","","","","NA"
"2018-05-17 10:00","2018","05","17","10:00","19.6","","11.4","","58","","35","","23","","24.1","","99.68","","","","","","Clear"
"2018-05-17 11:00","2018","05","17","11:00","21.0","","11.3","","53","","35","","23","","24.1","","99.72","","","","","","NA"
"2018-05-17 12:00","2018","05","17","12:00","22.1","","11.3","","50","","36","","16","","24.1","","99.75","","","","","","NA"
"2018-05-17 13:00","2018","05","17","13:00","23.1","","11.9","","49","","2","","20","","24.1","","99.75","","25","","","","Clear"
"2018-05-17 14:00","2018","05","17","14:00","23.4","","11.1","","45","","5","","6","","24.1","","99.73","","25","","","","NA"
"2018-05-17 15:00","2018","05","17","15:00","23.8","","12.8","","49","","33","","17","","24.1","","99.73","","26","","","","NA"
"2018-05-17 16:00","2018","05","17","16:00","23.3","","12.0","","49","","35","","20","","24.1","","99.75","","26","","","","Mainly Clear"
"2018-05-17 17:00","2018","05","17","17:00","22.0","","10.4","","47","","36","","22","","24.1","","99.79","","","","","","NA"
"2018-05-17 18:00","2018","05","17","18:00","20.3","","8.5","","46","","35","","28","","24.1","","99.84","","","","","","NA"
"2018-05-17 19:00","2018","05","17","19:00","18.1","","6.7","","47","","35","","28","","24.1","","99.92","","","","","","Mostly Cloudy"
"2018-05-17 20:00","2018","05","17","20:00","15.8","","4.0","","45","","36","","28","","24.1","","100.03","","","","","","NA"
"2018-05-17 21:00","2018","05","17","21:00","14.5","","1.8","","42","","36","","24","","24.1","","100.12","","","","","","NA"
"2018-05-17 22:00","2018","05","17","22:00","13.3","","0.2","","40","","36","","27","","24.1","","100.18","","","","","","Mostly Cloudy"
"2018-05-17 23:00","2018","05","17","23:00","12.5","","0.2","","43","","36","","18","","24.1","","100.22","","","","","","NA"
"2018-05-18 00:00","2018","05","18","00:00","12.2","","1.2","","47","","2","","14","","24.1","","100.32","","","","","","NA"
"2018-05-18 01:00","2018","05","18","01:00","13.8","","0.8","","41","","6","","13","","24.1","","100.36","","","","","","Mostly Cloudy"
"2018-05-18 02:00","2018","05","18","02:00","13.2","","-2.4","","34","","6","","19","","24.1","","100.40","","","","","","NA"
"2018-05-18 03:00","2018","05","18","03:00","12.2","","-4.2","","32","","7","","17","","24.1","","100.44","","","","","","NA"
"2018-05-18 04:00","2018","05","18","04:00","10.8","","-4.5","","34","","7","","14","","24.1","","100.48","","","","","","Mostly Cloudy"
"2018-05-18 05:00","2018","05","18","05:00","10.1","","-4.8","","34","","7","","17","","24.1","","100.57","","","","","","NA"
"2018-05-18 06:00","2018","05","18","06:00","10.2","","-4.7","","35","","7","","19","","24.1","","100.63","","","","","","NA"
"2018-05-18 07:00","2018","05","18","07:00","11.5","","-4.6","","32","","8","","18","","24.1","","100.62","","","","","","Mostly Cloudy"
"2018-05-18 08:00","2018","05","18","08:00","12.7","","-3.0","","33","","9","","23","","24.1","","100.67","","","","","","NA"
"2018-05-18 09:00","2018","05","18","09:00","13.5","","-2.6","","33","","9","","22","","24.1","","100.73","","","","","","NA"
"2018-05-18 10:00","2018","05","18","10:00","14.3","","-2.9","","30","","8","","26","","24.1","","100.75","","","","","","Mostly Cloudy"
"2018-05-18 11:00","2018","05","18","11:00","15.2","","-2.8","","29","","9","","24","","24.1","","100.72","","","","","","NA"
"2018-05-18 12:00","2018","05","18","12:00","15.0","","-4.3","","26","","9","","28","","24.1","","100.67","","","","","","NA"
"2018-05-18 13:00","2018","05","18","13:00","15.4","","-4.7","","25","","9","","32","","24.1","","100.60","","","","","","Mostly Cloudy"
"2018-05-18 14:00","2018","05","18","14:00","15.8","","-4.1","","25","","8","","26","","24.1","","100.51","","","","","","NA"
"2018-05-18 15:00","2018","05","18","15:00","16.1","","-4.0","","25","","10","","28","","24.1","","100.45","","","","","","NA"
"2018-05-18 16:00","2018","05","18","16:00","16.4","","-4.0","","24","","10","","28","","24.1","","100.38","","","","","","Mostly Cloudy"
"2018-05-18 17:00","2018","05","18","17:00","16.4","","-4.4","","24","","10","","19","","24.1","","100.31","","","","","","NA"
"2018-05-18 18:00","2018","05","18","18:00","15.8","","-4.5","","24","","9","","19","","24.1","","100.31","","","","","","NA"
"2018-05-18 19:00","2018","05","18","19:00","15.1","","-4.4","","26","","9","","13","","24.1","","100.27","","","","","","Mostly Cloudy"
"2018-05-18 20:00","2018","05","18","20:00","14.3","","-3.8","","28","","8","","11","","24.1","","100.28","","","","","","NA"
"2018-05-18 21:00","2018","05","18","21:00","14.1","","-3.6","","29","","8","","10","","24.1","","100.26","","","","","","NA"
"2018-05-18 22:00","2018","05","18","22:00","14.1","","-1.9","","33","","9","","7","","24.1","","100.25","","","","","","Mostly Cloudy"
"2018-05-18 23:00","2018","05","18","23:00","13.7","","-1.0","","36","","10","","13","","24.1","","100.22","","","","","","NA"
"2018-05-19 00:00","2018","05","19","00:00","13.4","","-1.0","","37","","9","","15","","24.1","","100.17","","","","","","NA"
"2018-05-19 01:00","2018","05","19","01:00","14.1","","-1.3","","34","","8","","18","","24.1","","100.06","","","","","","Mostly Cloudy"
"2018-05-19 02:00","2018","05","19","02:00","13.7","","-0.3","","38","","9","","19","","24.1","","99.99","","","","","","NA"
"2018-05-19 03:00","2018","05","19","03:00","13.1","","1.6","","46","","9","","16","","24.1","","99.91","","","","","","NA"
"2018-05-19 04:00","2018","05","19","04:00","12.6","","3.1","","52","","9","","14","","24.1","","99.85","","","","","","Mostly Cloudy"
"2018-05-19 05:00","2018","05","19","05:00","10.5","","5.2","","70","","8","","9","","19.3","","99.84","","","","","","Rain"
"2018-05-19 06:00","2018","05","19","06:00","10.0","","7.8","","86","","8","","11","","12.9","","99.77","","","","","","Rain"
"2018-05-19 07:00","2018","05","19","07:00","11.6","","10.2","","91","","9","","9","","4.8","","99.71","","","","","","Rain,Fog"
"2018-05-19 08:00","2018","05","19","08:00","12.2","","11.2","","93","","10","","10","","8.1","","99.63","","","","","","Rain"
"2018-05-19 09:00","2018","05","19","09:00","12.8","","11.9","","94","","12","","10","","8.1","","99.57","","","","","","Rain"
"2018-05-19 10:00","2018","05","19","10:00","12.0","","11.2","","95","","10","","17","","9.7","","99.52","","","","","","Fog"
"2018-05-19 11:00","2018","05","19","11:00","12.2","","11.4","","95","","8","","10","","8.1","","99.46","","","","","","Fog"
"2018-05-19 12:00","2018","05","19","12:00","11.5","","10.7","","95","","10","","12","","8.1","","99.39","","","","","","Rain,Fog"
"2018-05-19 13:00","2018","05","19","13:00","11.6","","10.8","","95","","10","","12","","8.1","","99.34","","","","","","Fog"
"2018-05-19 14:00","2018","05","19","14:00","12.7","","11.9","","95","","10","","8","","8.1","","99.25","","","","","","Fog"
"2018-05-19 15:00","2018","05","19","15:00","14.8","","13.9","","95","","11","","7","","9.7","","99.15","","","","","","Fog"
"2018-05-19 16:00","2018","05","19","16:00","16.4","","15.0","","91","","14","","11","","24.1","","99.06","","","","","","Cloudy"
"2018-05-19 17:00","2018","05","19","17:00","15.9","","13.9","","88","","16","","11","","24.1","","99.02","","","","","","NA"
"2018-05-19 18:00","2018","05","19","18:00","14.4","","12.2","","87","","13","","13","","24.1","","98.97","","","","","","NA"
"2018-05-19 19:00","2018","05","19","19:00","13.5","","11.6","","88","","16","","8","","24.1","","98.96","","","","","","Mostly Cloudy"
"2018-05-19 20:00","2018","05","19","20:00","13.1","","11.4","","89","","16","","4","","24.1","","98.93","","","","","","NA"
"2018-05-19 21:00","2018","05","19","21:00","12.5","","10.9","","90","","16","","10","","9.7","","98.96","","","","","","Fog"
"2018-05-19 22:00","2018","05","19","22:00","11.8","","10.6","","92","","14","","5","","16.1","","98.96","","","","","","Mostly Cloudy"
"2018-05-19 23:00","2018","05","19","23:00","12.6","","11.5","","93","","25","","5","","16.1","","98.95","","","","","","Rain Showers"
"2018-05-20 00:00","2018","05","20","00:00","13.5","","12.6","","94","","21","","7","","16.1","","98.91","","","","","","Rain Showers"
"2018-05-20 01:00","2018","05","20","01:00","15.1","","14.2","","94","","32","","15","","24.1","","98.96","","","","","","Cloudy"
"2018-05-20 02:00","2018","05","20","02:00","16.1","","15.0","","94","","32","","19","","24.1","","99.00","","","","","","NA"
"2018-05-20 03:00","2018","05","20","03:00","14.7","","13.2","","91","","31","","22","","24.1","","99.08","","","","","","NA"
"2018-05-20 04:00","2018","05","20","04:00","14.2","","12.3","","89","","34","","24","","24.1","","99.16","","","","","","Cloudy"
"2018-05-20 05:00","2018","05","20","05:00","13.6","","11.7","","88","","33","","26","","24.1","","99.26","","","","","","NA"
"2018-05-20 06:00","2018","05","20","06:00","13.5","","11.7","","89","","33","","23","","19.3","","99.40","","","","","","NA"
"2018-05-20 07:00","2018","05","20","07:00","13.9","","12.0","","88","","33","","23","","24.1","","99.51","","","","","","Cloudy"
"2018-05-20 08:00","2018","05","20","08:00","14.4","","12.2","","87","","34","","14","","24.1","","99.58","","","","","","NA"
"2018-05-20 09:00","2018","05","20","09:00","15.2","","12.2","","82","","33","","18","","24.1","","99.65","","","","","","NA"
"2018-05-20 10:00","2018","05","20","10:00","16.5","","11.9","","74","","32","","19","","24.1","","99.74","","","","","","Mainly Clear"
"2018-05-20 11:00","2018","05","20","11:00","17.5","","11.8","","69","","34","","16","","24.1","","99.81","","","","","","NA"
"2018-05-20 12:00","2018","05","20","12:00","18.1","","11.6","","65","","35","","15","","24.1","","99.83","","","","","","NA"
"2018-05-20 13:00","2018","05","20","13:00","18.5","","10.4","","59","","35","","21","","24.1","","99.85","","","","","","Mostly Cloudy"
"2018-05-20 14:00","2018","05","20","14:00","19.2","","9.5","","53","","36","","18","","24.1","","99.83","","","","","","NA"
"2018-05-20 15:00","2018","05","20","15:00","19.2","","8.9","","51","","34","","8","","24.1","","99.83","","","","","","NA"
"2018-05-20 16:00","2018","05","20","16:00","19.4","","8.4","","48","","4","","16","","24.1","","99.84","","","","","","Mainly Clear"
"2018-05-20 17:00","2018","05","20","17:00","18.6","","9.4","","55","","2","","22","","24.1","","99.86","","","","","","NA"
"2018-05-20 18:00","2018","05","20","18:00","18.0","","8.7","","54","","36","","26","","24.1","","99.89","","","","","","NA"
"2018-05-20 19:00","2018","05","20","19:00","15.9","","7.2","","56","","36","","21","","24.1","","99.90","","","","","","Mostly Cloudy"
"2018-05-20 20:00","2018","05","20","20:00","13.9","","5.7","","58","","36","","24","","24.1","","99.95","","","","","","NA"
"2018-05-20 21:00","2018","05","20","21:00","12.4","","4.7","","59","","36","","18","","24.1","","100.00","","","","","","NA"
"2018-05-20 22:00","2018","05","20","22:00","11.0","","2.4","","55","","34","","13","","24.1","","100.09","","","","","","Clear"
"2018-05-20 23:00","2018","05","20","23:00","9.7","","1.4","","56","","35","","13","","24.1","","100.13","","","","","","NA"
"2018-05-21 00:00","2018","05","21","00:00","9.2","","1.4","","58","","35","","15","","24.1","","100.15","","","","","","NA"
"2018-05-21 01:00","2018","05","21","01:00","9.2","","0.0","","53","","33","","14","","24.1","","100.16","","","","","","Clear"
"2018-05-21 02:00","2018","05","21","02:00","8.7","","-0.9","","51","","35","","13","","24.1","","100.16","","","","","","NA"
"2018-05-21 03:00","2018","05","21","03:00","7.5","","1.2","","64","","33","","12","","24.1","","100.21","","","","","","NA"
"2018-05-21 04:00","2018","05","21","04:00","7.4","","3.3","","75","","33","","12","","24.1","","100.24","","","","","","Clear"
"2018-05-21 05:00","2018","05","21","05:00","8.2","","4.1","","76","","35","","18","","24.1","","100.26","","","","","","NA"
"2018-05-21 06:00","2018","05","21","06:00","9.5","","3.4","","65","","35","","10","","24.1","","100.31","","","","","","NA"
"2018-05-21 07:00","2018","05","21","07:00","11.5","","2.6","","54","","2","","8","","24.1","","100.36","","","","","","Mostly Cloudy"
"2018-05-21 08:00","2018","05","21","08:00","13.3","","1.9","","46","","35","","9","","24.1","","100.37","","","","","","NA"
"2018-05-21 09:00","2018","05","21","09:00","15.6","","4.5","","47","","36","","1","","24.1","","100.39","","","","","","NA"
"2018-05-21 10:00","2018","05","21","10:00","17.4","","4.1","","41","","14","","6","","24.1","","100.38","","","","","","Mostly Cloudy"
"2018-05-21 11:00","2018","05","21","11:00","18.4","","5.5","","42","","14","","12","","24.1","","100.34","","","","","","NA"
"2018-05-21 12:00","2018","05","21","12:00","18.9","","2.7","","34","","14","","12","","24.1","","100.32","","","","","","NA"
"2018-05-21 13:00","2018","05","21","13:00","19.4","","1.9","","31","","16","","6","","24.1","","100.23","","","","","","Mostly Cloudy"
"2018-05-21 14:00","2018","05","21","14:00","20.7","","1.4","","27","","15","","17","","24.1","","100.19","","","","","","NA"
"2018-05-21 15:00","2018","05","21","15:00","20.1","","-0.5","","25","","17","","11","","24.1","","100.14","","","","","","NA"
"2018-05-21 16:00","2018","05","21","16:00","20.3","","-0.1","","25","","16","","9","","24.1","","100.05","","","","","","Mostly Cloudy"
"2018-05-21 17:00","2018","05","21","17:00","20.3","","1.7","","29","","17","","7","","24.1","","100.02","","","","","","NA"
"2018-05-21 18:00","2018","05","21","18:00","20.1","","1.9","","29","","16","","3","","24.1","","99.97","","","","","","NA"
"2018-05-21 19:00","2018","05","21","19:00","20.1","","2.1","","30","","4","","7","","24.1","","99.98","","","","","","Cloudy"
"2018-05-21 20:00","2018","05","21","20:00","19.1","","3.2","","34","","3","","10","","24.1","","99.94","","","","","","NA"
"2018-05-21 21:00","2018","05","21","21:00","19.1","","2.5","","33","","5","","8","","24.1","","99.89","","","","","","NA"
"2018-05-21 22:00","2018","05","21","22:00","18.2","","3.9","","38","","14","","3","","24.1","","99.88","","","","","","Cloudy"
"2018-05-21 23:00","2018","05","21","23:00","15.9","","4.3","","46","","7","","11","","24.1","","99.80","","","","","","NA"
"2018-05-22 00:00","2018","05","22","00:00","14.1","","2.4","","45","","17","","8","","24.1","","99.78","","","","","","NA"
"2018-05-22 01:00","2018","05","22","01:00","13.8","","3.2","","49","","20","","7","","24.1","","99.77","","","","","","Rain"
"2018-05-22 02:00","2018","05","22","02:00","13.7","","5.2","","56","","15","","4","","24.1","","99.69","","","","","","Rain"
"2018-05-22 03:00","2018","05","22","03:00","12.9","","6.6","","65","","18","","6","","9.7","","99.65","","","","","","Rain"
"2018-05-22 04:00","2018","05","22","04:00","11.5","","7.7","","78","","17","","4","","9.7","","99.61","","","","","","Rain"
"2018-05-22 05:00","2018","05","22","05:00","11.5","","9.5","","87","","2","","8","","9.7","","99.55","","","","","","Rain,Fog"
"2018-05-22 06:00","2018","05","22","06:00","11.8","","10.4","","91","","5","","10","","6.4","","99.54","","","","","","Rain,Fog"
"2018-05-22 07:00","2018","05","22","07:00","11.4","","10.2","","92","","6","","13","","3.2","","99.52","","","","","","Rain,Fog"
"2018-05-22 08:00","2018","05","22","08:00","12.3","","11.3","","94","","5","","8","","9.7","","99.49","","","","","","Drizzle,Fog"
"2018-05-22 09:00","2018","05","22","09:00","12.9","","11.9","","94","","9","","11","","4.0","","99.44","","","","","","Drizzle,Fog"
"2018-05-22 10:00","2018","05","22","10:00","13.2","","12.3","","94","","10","","5","","3.2","","99.43","","","","","","Drizzle,Fog"
"2018-05-22 11:00","2018","05","22","11:00","13.8","","12.9","","94","","36","","2","","4.8","","99.40","","","","","","Fog"
"2018-05-22 12:00","2018","05","22","12:00","13.7","","12.8","","94","","18","","6","","4.8","","99.39","","","","","","Fog"
"2018-05-22 13:00","2018","05","22","13:00","14.6","","13.6","","93","","36","","3","","4.8","","99.35","","","","","","Fog"
"2018-05-22 14:00","2018","05","22","14:00","15.7","","14.1","","90","","14","","10","","6.4","","99.27","","","","","","Fog"
"2018-05-22 15:00","2018","05","22","15:00","16.5","","14.1","","86","","15","","3","","9.7","","99.23","","","","","","Fog"
"2018-05-22 16:00","2018","05","22","16:00","17.4","","14.6","","83","","0","","1","","4.8","","99.20","","","","","","Fog"
"2018-05-22 17:00","2018","05","22","17:00","16.6","","13.9","","84","","4","","9","","9.7","","99.20","","","","","","Fog"
"2018-05-22 18:00","2018","05","22","18:00","16.2","","14.4","","89","","4","","4","","24.1","","99.23","","","","","","Fog"
"2018-05-22 19:00","2018","05","22","19:00","14.7","","12.7","","88","","16","","6","","9.7","","99.22","","","","","","Fog"
"2018-05-22 20:00","2018","05","22","20:00","14.5","","12.4","","87","","16","","3","","9.7","","99.27","","","","","","Drizzle,Fog"
"2018-05-22 21:00","2018","05","22","21:00","14.9","","13.2","","89","","21","","3","","9.7","","99.35","","","","","","Drizzle,Fog"
"2018-05-22 22:00","2018","05","22","22:00","15.3","","13.7","","90","","36","","14","","24.1","","99.39","","","","","","Cloudy"
"2018-05-22 23:00","2018","05","22","23:00","15.1","","13.3","","89","","35","","17","","24.1","","99.40","","","","","","NA"
"2018-05-23 00:00","2018","05","23","00:00","14.8","","13.0","","89","","34","","16","","24.1","","99.39","","","","","","NA"
"2018-05-23 01:00","2018","05","23","01:00","14.0","","12.3","","90","","34","","21","","24.1","","99.45","","","","","","Mostly Cloudy"
"2018-05-23 02:00","2018","05","23","02:00","13.6","","11.9","","89","","34","","16","","24.1","","99.51","","","","","","NA"
"2018-05-23 03:00","2018","05","23","03:00","12.8","","11.2","","90","","34","","16","","24.1","","99.50","","","","","","NA"
"2018-05-23 04:00","2018","05","23","04:00","11.6","","10.2","","91","","30","","10","","24.1","","99.54","","","","","","Mainly Clear"
"2018-05-23 05:00","2018","05","23","05:00","10.3","","9.1","","92","","29","","9","","24.1","","99.56","","","","","","NA"
"2018-05-23 06:00","2018","05","23","06:00","11.9","","10.6","","91","","29","","7","","24.1","","99.65","","","","","","NA"
"2018-05-23 07:00","2018","05","23","07:00","14.8","","11.3","","80","","31","","9","","24.1","","99.71","","","","","","Mainly Clear"
"2018-05-23 08:00","2018","05","23","08:00","17.9","","9.7","","58","","31","","19","","24.1","","99.71","","","","","","NA"
"2018-05-23 09:00","2018","05","23","09:00","19.7","","9.6","","51","","30","","17","","24.1","","99.71","","","","","","NA"
"2018-05-23 10:00","2018","05","23","10:00","21.6","","10.0","","47","","31","","12","","24.1","","99.73","","","","","","Clear"
"2018-05-23 11:00","2018","05","23","11:00","23.4","","11.2","","46","","29","","11","","24.1","","99.74","","25","","","","NA"
"2018-05-23 12:00","2018","05","23","12:00","25.1","","11.0","","41","","32","","20","","24.1","","99.73","","27","","","","NA"
"2018-05-23 13:00","2018","05","23","13:00","25.2","","13.7","","48","","35","","19","","24.1","","99.71","","28","","","","Mainly Clear"
"2018-05-23 14:00","2018","05","23","14:00","24.8","","12.2","","45","","1","","24","","24.1","","99.71","","27","","","","NA"
"2018-05-23 15:00","2018","05","23","15:00","25.2","","9.9","","37","","34","","25","","24.1","","99.74","","26","","","","NA"
"2018-05-23 16:00","2018","05","23","16:00","25.0","","7.5","","32","","35","","30","","24.1","","99.76","","25","","","","Mainly Clear"
"2018-05-23 17:00","2018","05","23","17:00","24.6","","8.3","","35","","36","","23","","24.1","","99.77","","25","","","","NA"
"2018-05-23 18:00","2018","05","23","18:00","24.0","","6.7","","32","","36","","18","","24.1","","99.80","","","","","","NA"
"2018-05-23 19:00","2018","05","23","19:00","22.3","","5.6","","33","","35","","20","","24.1","","99.84","","","","","","Mainly Clear"
"2018-05-23 20:00","2018","05","23","20:00","21.2","","5.8","","36","","35","","18","","24.1","","99.89","","","","","","NA"
"2018-05-23 21:00","2018","05","23","21:00","19.7","","5.9","","40","","36","","14","","24.1","","99.93","","","","","","NA"
"2018-05-23 22:00","2018","05","23","22:00","18.7","","6.3","","44","","32","","12","","24.1","","99.96","","","","","","Clear"
"2018-05-23 23:00","2018","05","23","23:00","17.2","","7.0","","51","","33","","9","","24.1","","99.95","","","","","","NA"
"2018-05-24 00:00","2018","05","24","00:00","16.5","","8.9","","61","","32","","14","","24.1","","99.97","","","","","","NA"
"2018-05-24 01:00","2018","05","24","01:00","13.7","","8.2","","70","","28","","9","","24.1","","99.99","","","","","","Clear"
"2018-05-24 02:00","2018","05","24","02:00","14.3","","8.7","","69","","27","","4","","24.1","","100.01","","","","","","NA"
"2018-05-24 03:00","2018","05","24","03:00","12.9","","7.8","","71","","26","","7","","24.1","","100.04","","","","","","NA"
"2018-05-24 04:00","2018","05","24","04:00","14.4","","8.3","","66","","29","","5","","24.1","","100.06","","","","","","Clear"
"2018-05-24 05:00","2018","05","24","05:00","13.0","","7.1","","67","","31","","3","","24.1","","100.08","","","","","","NA"
"2018-05-24 06:00","2018","05","24","06:00","15.3","","8.1","","62","","34","","8","","24.1","","100.12","","","","","","NA"
"2018-05-24 07:00","2018","05","24","07:00","17.6","","8.8","","56","","13","","7","","24.1","","100.15","","","","","","Clear"
"2018-05-24 08:00","2018","05","24","08:00","18.9","","9.7","","55","","15","","11","","24.1","","100.15","","","","","","NA"
"2018-05-24 09:00","2018","05","24","09:00","20.4","","9.6","","49","","13","","11","","24.1","","100.13","","","","","","NA"
"2018-05-24 10:00","2018","05","24","10:00","21.7","","9.9","","46","","15","","10","","24.1","","100.11","","","","","","Clear"
"2018-05-24 11:00","2018","05","24","11:00","23.1","","10.4","","44","","16","","12","","24.1","","100.08","","25","","","","NA"
"2018-05-24 12:00","2018","05","24","12:00","24.1","","11.6","","45","","14","","14","","24.1","","100.02","","26","","","","NA"
"2018-05-24 13:00","2018","05","24","13:00","25.2","","12.4","","45","","14","","16","","24.1","","99.95","","28","","","","Mainly Clear"
"2018-05-24 14:00","2018","05","24","14:00","25.9","","12.7","","43","","14","","16","","24.1","","99.87","","29","","","","NA"
"2018-05-24 15:00","2018","05","24","15:00","27.7","","11.2","","35","","30","","19","","24.1","","99.80","","30","","","","NA"
"2018-05-24 16:00","2018","05","24","16:00","28.4","","10.4","","32","","31","","21","","24.1","","99.74","","30","","","","Mostly Cloudy"
"2018-05-24 17:00","2018","05","24","17:00","26.6","","10.0","","35","","28","","25","","24.1","","99.70","","28","","","","NA"
"2018-05-24 18:00","2018","05","24","18:00","26.6","","7.9","","30","","29","","26","","24.1","","99.69","","27","","","","NA"
"2018-05-24 19:00","2018","05","24","19:00","25.3","","6.2","","29","","28","","23","","24.1","","99.70","","25","","","","Mostly Cloudy"
"2018-05-24 20:00","2018","05","24","20:00","22.2","","7.2","","37","","28","","14","","24.1","","99.66","","","","","","NA"
"2018-05-24 21:00","2018","05","24","21:00","22.2","","7.2","","38","","24","","14","","24.1","","99.66","","","","","","NA"
"2018-05-24 22:00","2018","05","24","22:00","20.3","","10.1","","51","","24","","16","","24.1","","99.64","","","","","","Mostly Cloudy"
"2018-05-24 23:00","2018","05","24","23:00","18.7","","9.5","","55","","25","","15","","24.1","","99.62","","","","","","NA"
"2018-05-25 00:00","2018","05","25","00:00","17.3","","9.4","","60","","25","","14","","24.1","","99.59","","","","","","NA"
"2018-05-25 01:00","2018","05","25","01:00","17.0","","9.3","","60","","24","","14","","24.1","","99.56","","","","","","Mainly Clear"
"2018-05-25 02:00","2018","05","25","02:00","16.7","","8.7","","59","","25","","17","","24.1","","99.53","","","","","","NA"
"2018-05-25 03:00","2018","05","25","03:00","17.8","","7.8","","52","","25","","16","","24.1","","99.48","","","","","","NA"
"2018-05-25 04:00","2018","05","25","04:00","16.2","","7.6","","56","","25","","12","","24.1","","99.45","","","","","","Mostly Cloudy"
"2018-05-25 05:00","2018","05","25","05:00","17.2","","8.2","","55","","27","","15","","24.1","","99.44","","","","","","NA"
"2018-05-25 06:00","2018","05","25","06:00","18.1","","8.6","","54","","27","","14","","24.1","","99.44","","","","","","NA"
"2018-05-25 07:00","2018","05","25","07:00","20.8","","10.2","","50","","28","","17","","24.1","","99.43","","","","","","Mostly Cloudy"
"2018-05-25 08:00","2018","05","25","08:00","22.9","","11.0","","46","","27","","17","","24.1","","99.39","","25","","","","NA"
"2018-05-25 09:00","2018","05","25","09:00","25.1","","12.4","","45","","25","","17","","24.1","","99.31","","28","","","","NA"
"2018-05-25 10:00","2018","05","25","10:00","25.9","","11.5","","40","","26","","28","","24.1","","99.26","","28","","","","Mainly Clear"
"2018-05-25 11:00","2018","05","25","11:00","27.5","","12.4","","39","","26","","22","","24.1","","99.20","","30","","","","NA"
"2018-05-25 12:00","2018","05","25","12:00","28.0","","13.0","","39","","25","","25","","24.1","","99.12","","31","","","","NA"
"2018-05-25 13:00","2018","05","25","13:00","28.7","","13.4","","38","","27","","17","","24.1","","99.03","","32","","","","Mostly Cloudy"
"2018-05-25 14:00","2018","05","25","14:00","29.2","","13.0","","36","","25","","23","","24.1","","98.95","","32","","","","NA"
"2018-05-25 15:00","2018","05","25","15:00","30.1","","13.1","","35","","23","","25","","24.1","","98.87","","33","","","","NA"
"2018-05-25 16:00","2018","05","25","16:00","30.2","","12.8","","34","","24","","24","","24.1","","98.82","","33","","","","Mainly Clear"
"2018-05-25 17:00","2018","05","25","17:00","30.0","","12.1","","33","","23","","26","","24.1","","98.75","","32","","","","NA"
"2018-05-25 18:00","2018","05","25","18:00","28.4","","12.2","","36","","24","","27","","24.1","","98.75","","31","","","","NA"
"2018-05-25 19:00","2018","05","25","19:00","27.0","","11.6","","38","","24","","24","","24.1","","98.78","","29","","","","Clear"
"2018-05-25 20:00","2018","05","25","20:00","25.5","","10.4","","38","","23","","23","","24.1","","98.79","","27","","","","NA"
"2018-05-25 21:00","2018","05","25","21:00","24.5","","7.9","","34","","24","","22","","24.1","","98.78","","25","","","","NA"
"2018-05-25 22:00","2018","05","25","22:00","23.6","","6.0","","32","","23","","17","","24.1","","98.75","","","","","","Clear"
"2018-05-25 23:00","2018","05","25","23:00","22.6","","7.7","","38","","24","","21","","24.1","","98.73","","","","","","NA"
"2018-05-26 00:00","2018","05","26","00:00","20.7","","8.9","","46","","24","","6","","24.1","","98.74","","","","","","NA"
"2018-05-26 01:00","2018","05","26","01:00","21.4","","10.1","","48","","23","","9","","24.1","","98.71","","","","","","Mainly Clear"
"2018-05-26 02:00","2018","05","26","02:00","21.6","","9.9","","47","","36","","2","","24.1","","98.69","","","","","","NA"
"2018-05-26 03:00","2018","05","26","03:00","20.7","","9.9","","50","","23","","10","","24.1","","98.64","","","","","","NA"
"2018-05-26 04:00","2018","05","26","04:00","18.5","","10.2","","58","","26","","13","","24.1","","98.66","","","","","","Mostly Cloudy"
"2018-05-26 05:00","2018","05","26","05:00","17.9","","10.9","","63","","26","","13","","24.1","","98.70","","","","","","NA"
"2018-05-26 06:00","2018","05","26","06:00","20.8","","11.5","","55","","32","","13","","24.1","","98.78","","","","","","NA"
"2018-05-26 07:00","2018","05","26","07:00","22.0","","12.7","","55","","34","","16","","24.1","","98.82","","25","","","","Cloudy"
"2018-05-26 08:00","2018","05","26","08:00","22.2","","13.8","","58","","3","","7","","24.1","","98.87","","25","","","","NA"
"2018-05-26 09:00","2018","05","26","09:00","23.8","","14.8","","57","","36","","1","","24.1","","98.86","","28","","","","NA"
"2018-05-26 10:00","2018","05","26","10:00","24.8","","14.5","","52","","18","","8","","24.1","","98.88","","28","","","","Mostly Cloudy"
"2018-05-26 11:00","2018","05","26","11:00","25.3","","15.1","","53","","14","","12","","24.1","","98.87","","29","","","","NA"
"2018-05-26 12:00","2018","05","26","12:00","25.8","","15.0","","51","","16","","13","","24.1","","98.88","","30","","","","NA"
"2018-05-26 13:00","2018","05","26","13:00","25.5","","15.0","","52","","17","","13","","24.1","","98.86","","29","","","","Cloudy"
"2018-05-26 14:00","2018","05","26","14:00","26.5","","15.0","","49","","15","","16","","24.1","","98.82","","30","","","","NA"
"2018-05-26 15:00","2018","05","26","15:00","26.9","","15.1","","48","","17","","19","","24.1","","98.77","","31","","","","NA"
"2018-05-26 16:00","2018","05","26","16:00","26.9","","15.8","","50","","17","","18","","24.1","","98.77","","31","","","","Mostly Cloudy"
"2018-05-26 17:00","2018","05","26","17:00","23.7","","15.7","","60","","1","","38","","24.1","","98.85","","28","","","","NA"
"2018-05-26 18:00","2018","05","26","18:00","22.9","","16.5","","67","","5","","14","","24.1","","98.90","","28","","","","NA"
"2018-05-26 19:00","2018","05","26","19:00","23.2","","16.4","","65","","8","","8","","24.1","","98.93","","28","","","","Mostly Cloudy"
"2018-05-26 20:00","2018","05","26","20:00","22.2","","15.2","","64","","14","","14","","24.1","","98.96","","26","","","","NA"
"2018-05-26 21:00","2018","05","26","21:00","20.4","","14.6","","69","","12","","6","","24.1","","99.08","","","","","","NA"
"2018-05-26 22:00","2018","05","26","22:00","18.6","","14.9","","79","","14","","14","","24.1","","99.14","","","","","","Mostly Cloudy"
"2018-05-26 23:00","2018","05","26","23:00","17.2","","14.1","","82","","8","","6","","24.1","","99.14","","","","","","NA"
"2018-05-27 00:00","2018","05","27","00:00","17.4","","13.7","","79","","6","","8","","24.1","","99.11","","","","","","NA"
"2018-05-27 01:00","2018","05","27","01:00","18.0","","14.1","","78","","6","","7","","24.1","","99.10","","","","","","Mainly Clear"
"2018-05-27 02:00","2018","05","27","02:00","17.6","","13.8","","78","","6","","8","","24.1","","99.10","","","","","","NA"
"2018-05-27 03:00","2018","05","27","03:00","17.2","","13.6","","79","","9","","8","","24.1","","99.12","","","","","","NA"
"2018-05-27 04:00","2018","05","27","04:00","16.7","","13.6","","81","","4","","5","","24.1","","99.13","","","","","","Mainly Clear"
"2018-05-27 05:00","2018","05","27","05:00","16.9","","13.8","","82","","10","","7","","24.1","","99.17","","","","","","NA"
"2018-05-27 06:00","2018","05","27","06:00","17.5","","14.7","","83","","16","","5","","24.1","","99.22","","","","","","NA"
"2018-05-27 07:00","2018","05","27","07:00","18.5","","15.2","","81","","9","","5","","24.1","","99.27","","","","","","Mainly Clear"
"2018-05-27 08:00","2018","05","27","08:00","19.7","","16.0","","79","","36","","2","","24.1","","99.30","","","","","","NA"
"2018-05-27 09:00","2018","05","27","09:00","21.9","","16.7","","72","","18","","5","","24.1","","99.30","","27","","","","NA"
"2018-05-27 10:00","2018","05","27","10:00","23.5","","17.9","","70","","21","","8","","24.1","","99.28","","29","","","","Clear"
"2018-05-27 11:00","2018","05","27","11:00","23.2","","16.4","","65","","14","","11","","24.1","","99.27","","28","","","","NA"
"2018-05-27 12:00","2018","05","27","12:00","24.8","","18.0","","65","","14","","10","","24.1","","99.23","","31","","","","NA"
"2018-05-27 13:00","2018","05","27","13:00","25.1","","18.6","","67","","16","","17","","24.1","","99.22","","32","","","","Clear"
"2018-05-27 14:00","2018","05","27","14:00","25.6","","19.0","","66","","17","","13","","24.1","","99.21","","32","","","","NA"
"2018-05-27 15:00","2018","05","27","15:00","26.3","","19.2","","64","","16","","14","","24.1","","99.21","","33","","","","NA"
"2018-05-27 16:00","2018","05","27","16:00","24.1","","17.5","","66","","14","","14","","24.1","","99.17","","30","","","","Mainly Clear"
"2018-05-27 17:00","2018","05","27","17:00","21.4","","16.8","","75","","15","","15","","24.1","","99.17","","27","","","","NA"
"2018-05-27 18:00","2018","05","27","18:00","22.2","","17.2","","73","","14","","18","","24.1","","99.16","","28","","","","NA"
"2018-05-27 19:00","2018","05","27","19:00","21.9","","16.2","","70","","13","","15","","24.1","","99.17","","27","","","","Mostly Cloudy"
"2018-05-27 20:00","2018","05","27","20:00","20.9","","16.6","","76","","13","","15","","24.1","","99.15","","26","","","","NA"
"2018-05-27 21:00","2018","05","27","21:00","20.1","","16.2","","78","","16","","9","","24.1","","99.24","","25","","","","NA"
"2018-05-27 22:00","2018","05","27","22:00","18.8","","15.7","","82","","12","","7","","24.1","","99.24","","","","","","Mostly Cloudy"
"2018-05-27 23:00","2018","05","27","23:00","19.0","","16.0","","82","","12","","7","","24.1","","99.24","","","","","","NA"
"2018-05-28 00:00","2018","05","28","00:00","17.9","","15.2","","84","","17","","8","","24.1","","99.22","","","","","","NA"
"2018-05-28 01:00","2018","05","28","01:00","16.5","","14.5","","88","","15","","7","","24.1","","99.21","","","","","","Mainly Clear"
"2018-05-28 02:00","2018","05","28","02:00","15.8","","14.1","","90","","16","","7","","24.1","","99.22","","","","","","NA"
"2018-05-28 03:00","2018","05","28","03:00","15.3","","13.8","","91","","15","","5","","24.1","","99.20","","","","","","NA"
"2018-05-28 04:00","2018","05","28","04:00","15.3","","13.7","","90","","20","","4","","19.3","","99.21","","","","","","Clear"
"2018-05-28 05:00","2018","05","28","05:00","15.7","","14.0","","89","","23","","3","","17.7","","99.22","","","","","","NA"
"2018-05-28 06:00","2018","05","28","06:00","17.7","","15.5","","87","","29","","6","","16.1","","99.27","","","","","","NA"
"2018-05-28 07:00","2018","05","28","07:00","20.2","","16.8","","80","","31","","5","","16.1","","99.30","","25","","","","Mainly Clear"
"2018-05-28 08:00","2018","05","28","08:00","24.6","","16.3","","59","","34","","16","","24.1","","99.30","","29","","","","NA"
"2018-05-28 09:00","2018","05","28","09:00","26.7","","15.4","","49","","32","","17","","24.1","","99.30","","31","","","","NA"
"2018-05-28 10:00","2018","05","28","10:00","28.2","","16.5","","48","","27","","13","","24.1","","99.29","","33","","","","Mostly Cloudy"
"2018-05-28 11:00","2018","05","28","11:00","29.7","","15.7","","42","","32","","25","","24.1","","99.30","","34","","","","NA"
"2018-05-28 12:00","2018","05","28","12:00","30.0","","15.7","","41","","30","","16","","24.1","","99.29","","34","","","","NA"
"2018-05-28 13:00","2018","05","28","13:00","30.7","","16.3","","41","","35","","14","","24.1","","99.27","","36","","","","Mostly Cloudy"
"2018-05-28 14:00","2018","05","28","14:00","29.4","","16.2","","44","","14","","17","","24.1","","99.25","","34","","","","NA"
"2018-05-28 15:00","2018","05","28","15:00","30.4","","16.8","","43","","15","","12","","24.1","","99.22","","36","","","","NA"
"2018-05-28 16:00","2018","05","28","16:00","30.5","","16.9","","43","","14","","14","","24.1","","99.19","","36","","","","Mostly Cloudy"
"2018-05-28 17:00","2018","05","28","17:00","30.5","","16.3","","42","","36","","2","","24.1","","99.17","","35","","","","NA"
"2018-05-28 18:00","2018","05","28","18:00","29.0","","16.6","","47","","1","","21","","24.1","","99.19","","34","","","","NA"
"2018-05-28 19:00","2018","05","28","19:00","28.3","","16.1","","47","","1","","23","","24.1","","99.25","","33","","","","Mostly Cloudy"
"2018-05-28 20:00","2018","05","28","20:00","26.1","","15.4","","51","","3","","17","","24.1","","99.30","","30","","","","NA"
"2018-05-28 21:00","2018","05","28","21:00","25.0","","15.2","","54","","1","","12","","24.1","","99.33","","29","","","","NA"
"2018-05-28 22:00","2018","05","28","22:00","24.4","","15.5","","57","","2","","8","","24.1","","99.36","","29","","","","Mainly Clear"
"2018-05-28 23:00","2018","05","28","23:00","23.6","","15.8","","61","","36","","17","","24.1","","99.37","","28","","","","NA"
"2018-05-29 00:00","2018","05","29","00:00","22.8","","15.6","","64","","35","","12","","24.1","","99.41","","27","","","","NA"
"2018-05-29 01:00","2018","05","29","01:00","21.4","","15.9","","71","","35","","4","","24.1","","99.43","","26","","","","Mainly Clear"
"2018-05-29 02:00","2018","05","29","02:00","20.3","","15.7","","74","","1","","13","","24.1","","99.45","","25","","","","NA"
"2018-05-29 03:00","2018","05","29","03:00","20.0","","15.3","","74","","1","","8","","24.1","","99.50","","","","","","NA"
"2018-05-29 04:00","2018","05","29","04:00","19.4","","15.5","","78","","35","","11","","24.1","","99.53","","","","","","Clear"
"2018-05-29 05:00","2018","05","29","05:00","18.9","","15.3","","79","","34","","10","","24.1","","99.57","","","","","","NA"
"2018-05-29 06:00","2018","05","29","06:00","19.8","","15.7","","77","","1","","14","","24.1","","99.59","","","","","","NA"
"2018-05-29 07:00","2018","05","29","07:00","21.9","","16.5","","71","","3","","12","","24.1","","99.63","","27","","","","Mainly Clear"
"2018-05-29 08:00","2018","05","29","08:00","23.6","","15.9","","62","","7","","13","","24.1","","99.67","","28","","","","NA"
"2018-05-29 09:00","2018","05","29","09:00","24.9","","15.1","","54","","12","","12","","24.1","","99.74","","29","","","","NA"
"2018-05-29 10:00","2018","05","29","10:00","25.3","","15.7","","55","","14","","16","","24.1","","99.75","","30","","","","Clear"
"2018-05-29 11:00","2018","05","29","11:00","25.3","","15.6","","55","","12","","16","","24.1","","99.75","","30","","","","NA"
"2018-05-29 12:00","2018","05","29","12:00","25.5","","15.9","","55","","14","","15","","24.1","","99.74","","30","","","","NA"
"2018-05-29 13:00","2018","05","29","13:00","25.2","","15.7","","55","","10","","13","","24.1","","99.70","","30","","","","Clear"
"2018-05-29 14:00","2018","05","29","14:00","26.3","","15.3","","50","","15","","16","","24.1","","99.67","","30","","","","NA"
"2018-05-29 15:00","2018","05","29","15:00","26.6","","15.2","","49","","15","","14","","24.1","","99.65","","31","","","","NA"
"2018-05-29 16:00","2018","05","29","16:00","26.2","","13.2","","44","","12","","14","","24.1","","99.60","","29","","","","Mainly Clear"
"2018-05-29 17:00","2018","05","29","17:00","26.4","","14.3","","47","","12","","10","","24.1","","99.57","","30","","","","NA"
"2018-05-29 18:00","2018","05","29","18:00","25.4","","14.0","","49","","11","","12","","24.1","","99.58","","29","","","","NA"
"2018-05-29 19:00","2018","05","29","19:00","23.4","","13.3","","53","","8","","10","","24.1","","99.58","","26","","","","Mostly Cloudy"
"2018-05-29 20:00","2018","05","29","20:00","21.9","","12.7","","56","","11","","13","","24.1","","99.61","","25","","","","NA"
"2018-05-29 21:00","2018","05","29","21:00","20.6","","11.2","","54","","9","","8","","24.1","","99.62","","","","","","NA"
"2018-05-29 22:00","2018","05","29","22:00","20.1","","8.7","","47","","8","","9","","24.1","","99.64","","","","","","Mostly Cloudy"
"2018-05-29 23:00","2018","05","29","23:00","19.9","","8.7","","48","","8","","8","","24.1","","99.61","","","","","","NA"
"2018-05-30 00:00","2018","05","30","00:00","20.0","","8.9","","48","","8","","8","","24.1","","99.60","","","","","","NA"
"2018-05-30 01:00","2018","05","30","01:00","19.5","","9.2","","51","","10","","8","","24.1","","99.61","","","","","","Mainly Clear"
"2018-05-30 02:00","2018","05","30","02:00","19.1","","8.6","","50","","8","","10","","24.1","","99.60","","","","","","NA"
"2018-05-30 03:00","2018","05","30","03:00","18.4","","9.0","","54","","9","","7","","24.1","","99.59","","","","","","NA"
"2018-05-30 04:00","2018","05","30","04:00","18.8","","9.6","","55","","9","","8","","24.1","","99.53","","","","","","Mainly Clear"
"2018-05-30 05:00","2018","05","30","05:00","19.3","","8.9","","51","","9","","8","","24.1","","99.50","","","","","","NA"
"2018-05-30 06:00","2018","05","30","06:00","19.3","","9.4","","52","","11","","8","","24.1","","99.50","","","","","","NA"
"2018-05-30 07:00","2018","05","30","07:00","20.2","","10.4","","53","","11","","13","","24.1","","99.51","","","","","","Mainly Clear"
"2018-05-30 08:00","2018","05","30","08:00","21.6","","11.6","","52","","10","","11","","24.1","","99.51","","","","","","NA"
"2018-05-30 09:00","2018","05","30","09:00","23.1","","12.6","","51","","8","","8","","24.1","","99.47","","26","","","","NA"
"2018-05-30 10:00","2018","05","30","10:00","25.0","","14.7","","52","","17","","11","","24.1","","99.39","","29","","","","Mostly Cloudy"
"2018-05-30 11:00","2018","05","30","11:00","25.8","","16.2","","55","","15","","12","","24.1","","99.34","","31","","","","NA"
"2018-05-30 12:00","2018","05","30","12:00","27.0","","18.1","","58","","13","","14","","24.1","","99.29","","33","","","","NA"
"2018-05-30 13:00","2018","05","30","13:00","27.9","","18.3","","55","","12","","14","","24.1","","99.23","","34","","","","Mostly Cloudy"
"2018-05-30 14:00","2018","05","30","14:00","27.8","","17.5","","53","","13","","13","","24.1","","99.17","","33","","","","NA"
"2018-05-30 15:00","2018","05","30","15:00","28.9","","17.9","","51","","13","","18","","24.1","","99.11","","35","","","","NA"
"2018-05-30 16:00","2018","05","30","16:00","28.8","","17.6","","50","","12","","17","","24.1","","99.05","","35","","","","Mainly Clear"
"2018-05-30 17:00","2018","05","30","17:00","28.4","","17.4","","51","","11","","17","","24.1","","98.98","","34","","","","NA"
"2018-05-30 18:00","2018","05","30","18:00","27.1","","17.7","","56","","9","","14","","24.1","","98.91","","33","","","","NA"
"2018-05-30 19:00","2018","05","30","19:00","26.4","","17.3","","57","","16","","10","","24.1","","98.93","","32","","","","Mostly Cloudy"
"2018-05-30 20:00","2018","05","30","20:00","22.1","","15.0","","63","","15","","9","","24.1","","98.94","","26","","","","NA"
"2018-05-30 21:00","2018","05","30","21:00","20.9","","14.5","","67","","14","","10","","24.1","","98.95","","25","","","","NA"
"2018-05-30 22:00","2018","05","30","22:00","21.0","","14.5","","66","","15","","10","","24.1","","98.95","","25","","","","Mostly Cloudy"
"2018-05-30 23:00","2018","05","30","23:00","20.9","","14.8","","67","","16","","10","","24.1","","98.92","","25","","","","NA"
"2018-05-31 00:00","2018","05","31","00:00","21.1","","15.4","","69","","15","","10","","24.1","","98.88","","25","","","","NA"
"2018-05-31 01:00","2018","05","31","01:00","21.6","","16.4","","72","","14","","15","","24.1","","98.85","","26","","","","Mostly Cloudy"
"2018-05-31 02:00","2018","05","31","02:00","21.6","","17.2","","76","","14","","12","","24.1","","98.79","","27","","","","NA"
"2018-05-31 03:00","2018","05","31","03:00","21.7","","17.6","","77","","14","","13","","24.1","","98.75","","27","","","","NA"
"2018-05-31 04:00","2018","05","31","04:00","21.9","","17.8","","77","","15","","12","","24.1","","98.73","","28","","","","Mostly Cloudy"
"2018-05-31 05:00","2018","05","31","05:00","20.7","","17.2","","80","","15","","16","","24.1","","98.71","","26","","","","Rain"
"2018-05-31 06:00","2018","05","31","06:00","21.0","","18.4","","85","","16","","13","","24.1","","98.69","","27","","","","NA"
"2018-05-31 07:00","2018","05","31","07:00","21.8","","18.7","","82","","16","","13","","24.1","","98.71","","28","","","","Cloudy"
"2018-05-31 08:00","2018","05","31","08:00","22.7","","19.7","","83","","18","","20","","24.1","","98.73","","30","","","","NA"
"2018-05-31 09:00","2018","05","31","09:00","24.2","","20.7","","81","","19","","22","","24.1","","98.70","","32","","","","NA"
"2018-05-31 10:00","2018","05","31","10:00","25.0","","20.7","","77","","20","","19","","24.1","","98.70","","33","","","","Mostly Cloudy"
"2018-05-31 11:00","2018","05","31","11:00","26.5","","20.7","","70","","22","","23","","24.1","","98.69","","35","","","","NA"
"2018-05-31 12:00","2018","05","31","12:00","28.3","","21.1","","64","","21","","25","","24.1","","98.66","","37","","","","NA"
"2018-05-31 13:00","2018","05","31","13:00","29.2","","20.8","","60","","21","","26","","24.1","","98.63","","37","","","","Mostly Cloudy"
"2018-05-31 14:00","2018","05","31","14:00","30.1","","20.3","","55","","20","","28","","24.1","","98.56","","38","","","","NA"
"2018-05-31 15:00","2018","05","31","15:00","28.7","","21.2","","63","","18","","24","","24.1","","98.52","","37","","","","NA"
"2018-05-31 16:00","2018","05","31","16:00","29.1","","21.0","","61","","14","","12","","24.1","","98.48","","38","","","","Mostly Cloudy"
"2018-05-31 17:00","2018","05","31","17:00","30.7","","18.0","","46","","21","","23","","24.1","","98.43","","37","","","","NA"
"2018-05-31 18:00","2018","05","31","18:00","29.5","","17.9","","49","","21","","17","","24.1","","98.46","","35","","","","NA"
"2018-05-31 19:00","2018","05","31","19:00","23.6","","19.8","","79","","23","","10","","24.1","","98.56","","31","","","","Rain Showers"
"2018-05-31 20:00","2018","05","31","20:00","22.9","","19.6","","82","","22","","19","","19.3","","98.66","","30","","","","Thunderstorms,Rain Showers"
"2018-05-31 21:00","2018","05","31","21:00","22.1","","20.4","","90","","17","","9","","24.1","","98.66","","30","","","","NA"
"2018-05-31 22:00","2018","05","31","22:00","22.2","","20.4","","89","","17","","8","","24.1","","98.62","","30","","","","Mainly Clear"
"2018-05-31 23:00","2018","05","31","23:00","22.4","","19.6","","84","","19","","8","","24.1","","98.62","","30","","","","NA"
