"Station Name","KINGSTON A"
"Province","ONTARIO"
"Latitude","44.22"
"Longitude","-76.60"
"Elevation","92.40"
"Climate Identifier","6104146"
"WMO Identifier",""
"TC Identifier","YGK"
"All times are specified in Local Standard Time (LST). Add 1 hour to adjust for Daylight Saving Time where and when it is observed."

"Legend"
"E","Estimated"
"M","Missing"
"NA","Not Available"

"Date/Time","Year","Month","Day","Time","Temp (°C)","Temp Flag","Dew Point Temp (°C)","Dew Point Temp Flag","Rel Hum (%)","Rel Hum Flag","Wind Dir (10s deg)","Wind Dir Flag","Wind Spd (km/h)","Wind Spd Flag","Visibility (km)","Visibility Flag","Stn Press (kPa)","Stn Press Flag","Hmdx","Hmdx Flag","Wind Chill","Wind Chill Flag","Weather"
"2006-12-01 00:00","2006","12","01","00:00"
"2006-12-01 01:00","2006","12","01","01:00"
"2006-12-01 02:00","2006","12","01","02:00"
"2006-12-01 03:00","2006","12","01","03:00"
"2006-12-01 04:00","2006","12","01","04:00"
"2006-12-01 05:00","2006","12","01","05:00"
"2006-12-01 06:00","2006","12","01","06:00","2.6","","1.5","","92","","2","","22","","9.7","","100.19","","","","","","Rain,Fog"
"2006-12-01 07:00","2006","12","01","07:00","1.9","","0.9","","93","","2","","24","","12.9","","100.17","","","","","","Rain"
"2006-12-01 08:00","2006","12","01","08:00","1.6","","0.8","","94","","4","","24","","12.9","","100.10","","","","","","Rain"
"2006-12-01 09:00","2006","12","01","09:00","1.6","","0.6","","93","","3","","30","","12.9","","99.91","","","","","","Rain"
"2006-12-01 10:00","2006","12","01","10:00","1.8","","1.0","","94","","4","","30","","8.0","","99.75","","","","","","Rain,Fog"
"2006-12-01 11:00","2006","12","01","11:00","2.0","","1.3","","95","","4","","32","","9.7","","99.50","","","","","","Rain,Fog"
"2006-12-01 12:00","2006","12","01","12:00","2.4","","1.6","","94","","5","","33","","9.7","","99.12","","","","","","Rain,Fog"
"2006-12-01 13:00","2006","12","01","13:00","1.8","","0.8","","93","","5","","30","","4.8","","98.76","","","","","","Rain,Fog"
"2006-12-01 14:00","2006","12","01","14:00","1.1","","0.4","","95","","4","","37","","6.4","","98.40","","","","","","Rain,Fog"
"2006-12-01 15:00","2006","12","01","15:00","1.1","","0.5","","96","","4","","32","","4.8","","98.05","","","","","","Moderate Rain,Fog"
"2006-12-01 16:00","2006","12","01","16:00","1.4","","1.0","","97","","34","","28","","16.1","","98.31","","","","","","Rain Showers"
"2006-12-01 17:00","2006","12","01","17:00","1.0","","0.3","","95","","2","","24","","24.1","","98.19","","","","","","Mainly Clear"
"2006-12-01 18:00","2006","12","01","18:00","1.3","","0.8","","96","","22","","6","","24.1","","98.63","","","","","","Rain Showers"
"2006-12-01 19:00","2006","12","01","19:00","1.6","","1.0","","96","","26","","11","","24.1","","98.80","","","","","","Mostly Cloudy"
"2006-12-01 20:00","2006","12","01","20:00","4.7","","2.7","","87","","23","","30","","16.1","","98.91","","","","","","Rain Showers"
"2006-12-01 21:00","2006","12","01","21:00","4.6","","2.6","","87","","24","","48","","12.9","","98.95","","","","","","Rain Showers"
"2006-12-01 22:00","2006","12","01","22:00","5.4","","2.0","","79","","23","","41","","24.1","","98.96","","","","","","Mostly Cloudy"
"2006-12-01 23:00","2006","12","01","23:00","5.8","","0.8","","70","","23","","46","","24.1","","99.04","","","","","","Cloudy"
"2006-12-02 00:00","2006","12","02","00:00"
"2006-12-02 01:00","2006","12","02","01:00"
"2006-12-02 02:00","2006","12","02","02:00"
"2006-12-02 03:00","2006","12","02","03:00"
"2006-12-02 04:00","2006","12","02","04:00"
"2006-12-02 05:00","2006","12","02","05:00"
"2006-12-02 06:00","2006","12","02","06:00","1.2","","-4.6","","65","","26","","30","","24.1","","100.22","","","","","","Cloudy"
"2006-12-02 07:00","2006","12","02","07:00","1.0","","-5.4","","62","","25","","32","","24.1","","100.34","","","","","","Mainly Clear"
"2006-12-02 08:00","2006","12","02","08:00","0.7","","-6.0","","61","","26","","28","","24.1","","100.45","","","","","","Mainly Clear"
"2006-12-02 09:00","2006","12","02","09:00","1.1","","-6.4","","57","","26","","30","","24.1","","100.52","","","","","","Mainly Clear"
"2006-12-02 10:00","2006","12","02","10:00","1.9","","-6.0","","56","","26","","32","","24.1","","100.60","","","","","","Mainly Clear"
"2006-12-02 11:00","2006","12","02","11:00","2.9","","-5.6","","54","","27","","30","","24.1","","100.67","","","","","","Mostly Cloudy"
"2006-12-02 12:00","2006","12","02","12:00","0.9","","-3.2","","74","","30","","24","","24.1","","100.78","","","","","","Snow Showers"
"2006-12-02 13:00","2006","12","02","13:00","1.1","","-2.6","","76","","28","","15","","16.1","","100.83","","","","","","Snow Showers"
"2006-12-02 14:00","2006","12","02","14:00","1.6","","-3.4","","69","","28","","15","","24.1","","100.88","","","","","","Mostly Cloudy"
"2006-12-02 15:00","2006","12","02","15:00","2.1","","-4.3","","63","","25","","26","","24.1","","100.94","","","","","","Mostly Cloudy"
"2006-12-02 16:00","2006","12","02","16:00","1.9","","-5.3","","59","","27","","17","","24.1","","101.09","","","","","","Mostly Cloudy"
"2006-12-02 17:00","2006","12","02","17:00","1.1","","-5.8","","60","","29","","20","","24.1","","101.19","","","","","","Mostly Cloudy"
"2006-12-02 18:00","2006","12","02","18:00","0.7","","-6.6","","58","","28","","13","","24.1","","101.29","","","","","","Mainly Clear"
"2006-12-02 19:00","2006","12","02","19:00","0.0","","-6.2","","63","","27","","15","","24.1","","101.39","","","","-4","","Mainly Clear"
"2006-12-02 20:00","2006","12","02","20:00","-0.7","","-5.8","","68","","28","","7","","24.1","","101.43","","","","-3","","Mainly Clear"
"2006-12-02 21:00","2006","12","02","21:00","-1.4","","-5.6","","73","","26","","6","","24.1","","101.50","","","","-4","","Mainly Clear"
"2006-12-02 22:00","2006","12","02","22:00","-1.2","","-5.2","","74","","25","","6","","24.1","","101.57","","","","-3","","Mainly Clear"
"2006-12-02 23:00","2006","12","02","23:00","-0.3","","-4.6","","73","","27","","6","","24.1","","101.60","","","","-2","","Cloudy"
"2006-12-03 00:00","2006","12","03","00:00"
"2006-12-03 01:00","2006","12","03","01:00"
"2006-12-03 02:00","2006","12","03","02:00"
"2006-12-03 03:00","2006","12","03","03:00"
"2006-12-03 04:00","2006","12","03","04:00"
"2006-12-03 05:00","2006","12","03","05:00"
"2006-12-03 06:00","2006","12","03","06:00","3.2","","-0.9","","74","","21","","22","","24.1","","101.39","","","","","","Mostly Cloudy"
"2006-12-03 07:00","2006","12","03","07:00","3.5","","-0.2","","77","","21","","28","","24.1","","101.38","","","","","","Mostly Cloudy"
"2006-12-03 08:00","2006","12","03","08:00","3.7","","0.5","","80","","20","","26","","24.1","","101.36","","","","","","Mostly Cloudy"
"2006-12-03 09:00","2006","12","03","09:00","3.8","","0.0","","76","","21","","28","","24.1","","101.35","","","","","","Mostly Cloudy"
"2006-12-03 10:00","2006","12","03","10:00","4.0","","-0.8","","71","","21","","35","","24.1","","101.33","","","","","","Mostly Cloudy"
"2006-12-03 11:00","2006","12","03","11:00","3.5","","-0.5","","75","","22","","30","","19.3","","101.30","","","","","","Mostly Cloudy"
"2006-12-03 12:00","2006","12","03","12:00","2.6","","-0.5","","80","","22","","28","","24.1","","101.23","","","","","","Snow Showers"
"2006-12-03 13:00","2006","12","03","13:00","2.5","","-0.9","","78","","23","","26","","24.1","","101.18","","","","","","Snow Showers"
"2006-12-03 14:00","2006","12","03","14:00","2.7","","-1.7","","73","","24","","30","","24.1","","101.15","","","","","","Mostly Cloudy"
"2006-12-03 15:00","2006","12","03","15:00","2.7","","-2.9","","67","","22","","28","","24.1","","101.11","","","","","","Mostly Cloudy"
"2006-12-03 16:00","2006","12","03","16:00","2.8","","-2.6","","68","","24","","30","","24.1","","101.11","","","","","","Mostly Cloudy"
"2006-12-03 17:00","2006","12","03","17:00","2.4","","-3.7","","64","","24","","28","","16.1","","101.09","","","","","","Cloudy"
"2006-12-03 18:00","2006","12","03","18:00","1.8","","-4.5","","63","","24","","32","","16.1","","101.11","","","","","","Snow Showers"
"2006-12-03 19:00","2006","12","03","19:00","0.3","","-4.5","","70","","27","","15","","19.3","","101.09","","","","","","Snow Showers"
"2006-12-03 20:00","2006","12","03","20:00","-0.3","","-6.4","","63","","26","","19","","24.1","","101.10","","","","-5","","Cloudy"
"2006-12-03 21:00","2006","12","03","21:00","-1.0","","-9.1","","54","","27","","17","","24.1","","101.08","","","","-6","","Cloudy"
"2006-12-03 22:00","2006","12","03","22:00","-1.5","","-10.0","","52","","27","","17","","24.1","","101.07","","","","-7","","Mostly Cloudy"
"2006-12-03 23:00","2006","12","03","23:00","-2.3","","-9.1","","60","","26","","11","","24.1","","101.06","","","","-6","","Mainly Clear"
"2006-12-04 00:00","2006","12","04","00:00"
"2006-12-04 01:00","2006","12","04","01:00"
"2006-12-04 02:00","2006","12","04","02:00"
"2006-12-04 03:00","2006","12","04","03:00"
"2006-12-04 04:00","2006","12","04","04:00"
"2006-12-04 05:00","2006","12","04","05:00"
"2006-12-04 06:00","2006","12","04","06:00","-4.3","","-9.5","","67","","27","","11","","24.1","","100.88","","","","-9","","Clear"
"2006-12-04 07:00","2006","12","04","07:00","-4.7","","-9.1","","71","","27","","11","","24.1","","100.86","","","","-9","","Mainly Clear"
"2006-12-04 08:00","2006","12","04","08:00","-4.3","","-8.1","","75","","26","","19","","24.1","","100.82","","","","-10","","Mainly Clear"
"2006-12-04 09:00","2006","12","04","09:00","-3.7","","-7.9","","73","","28","","19","","24.1","","100.84","","","","-10","","Mostly Cloudy"
"2006-12-04 10:00","2006","12","04","10:00","-2.9","","-7.5","","71","","29","","20","","24.1","","100.85","","","","-9","","Mainly Clear"
"2006-12-04 11:00","2006","12","04","11:00","-1.8","","-7.9","","63","","28","","22","","24.1","","100.85","","","","-8","","Mostly Cloudy"
"2006-12-04 12:00","2006","12","04","12:00","-1.9","","-7.2","","67","","32","","20","","24.1","","100.84","","","","-8","","Snow Showers"
"2006-12-04 13:00","2006","12","04","13:00","-2.3","","-7.1","","70","","32","","19","","19.3","","100.83","","","","-8","","Snow Showers"
"2006-12-04 14:00","2006","12","04","14:00","-1.6","","-8.8","","58","","31","","17","","24.1","","100.84","","","","-7","","Mainly Clear"
"2006-12-04 15:00","2006","12","04","15:00","-1.6","","-10.7","","50","","28","","15","","24.1","","100.83","","","","-6","","Mainly Clear"
"2006-12-04 16:00","2006","12","04","16:00","-2.5","","-11.8","","49","","29","","15","","24.1","","100.87","","","","-7","","Mostly Cloudy"
"2006-12-04 17:00","2006","12","04","17:00","-3.3","","-11.1","","55","","33","","9","","24.1","","100.87","","","","-7","","Mostly Cloudy"
"2006-12-04 18:00","2006","12","04","18:00","-4.4","","-10.5","","62","","35","","4","","24.1","","100.87","","","","-6","","Cloudy"
"2006-12-04 19:00","2006","12","04","19:00","-4.1","","-10.7","","60","","3","","4","","24.1","","100.86","","","","-6","","Cloudy"
"2006-12-04 20:00","2006","12","04","20:00","-4.4","","-11.4","","58","","6","","6","","24.1","","100.84","","","","-7","","Mostly Cloudy"
"2006-12-04 21:00","2006","12","04","21:00","-4.3","","-10.5","","62","","6","","7","","24.1","","100.79","","","","-7","","Cloudy"
"2006-12-04 22:00","2006","12","04","22:00","-4.6","","-9.5","","69","","5","","7","","24.1","","100.73","","","","-8","","Cloudy"
"2006-12-04 23:00","2006","12","04","23:00","-3.6","","-7.6","","74","","9","","11","","24.1","","100.69","","","","-8","","Cloudy"
"2006-12-05 00:00","2006","12","05","00:00"
"2006-12-05 01:00","2006","12","05","01:00"
"2006-12-05 02:00","2006","12","05","02:00"
"2006-12-05 03:00","2006","12","05","03:00"
"2006-12-05 04:00","2006","12","05","04:00"
"2006-12-05 05:00","2006","12","05","05:00"
"2006-12-05 06:00","2006","12","05","06:00","-4.5","","-5.3","","94","","1","","6","","1.6","","100.68","","","","-7","","Snow"
"2006-12-05 07:00","2006","12","05","07:00","-5.3","","-6.5","","91","","1","","11","","12.9","","100.75","","","","-10","","Snow"
"2006-12-05 08:00","2006","12","05","08:00","-6.8","","-8.0","","91","","36","","9","","24.1","","100.82","","","","-11","","Mainly Clear"
"2006-12-05 09:00","2006","12","05","09:00","-5.7","","-7.3","","88","","36","","11","","24.1","","100.94","","","","-10","","Mainly Clear"
"2006-12-05 10:00","2006","12","05","10:00","-6.2","","-8.1","","86","","36","","9","","24.1","","101.05","","","","-10","","Mainly Clear"
"2006-12-05 11:00","2006","12","05","11:00","-4.3","","-7.2","","80","","","","0","","24.1","","101.09","","","","","","Mainly Clear"
"2006-12-05 12:00","2006","12","05","12:00","-2.4","","-6.0","","76","","","","0","","24.1","","101.09","","","","","","Mainly Clear"
"2006-12-05 13:00","2006","12","05","13:00","-2.1","","-6.5","","72","","","","0","","24.1","","101.08","","","","","","Mainly Clear"
"2006-12-05 14:00","2006","12","05","14:00","-2.3","","-6.4","","73","","21","","6","","24.1","","101.11","","","","-5","","Mostly Cloudy"
"2006-12-05 15:00","2006","12","05","15:00","-1.9","","-6.1","","73","","29","","9","","24.1","","101.17","","","","-5","","Mostly Cloudy"
"2006-12-05 16:00","2006","12","05","16:00","-2.6","","-6.6","","74","","26","","9","","24.1","","101.21","","","","-6","","Mainly Clear"
"2006-12-05 17:00","2006","12","05","17:00","-3.5","","-6.8","","78","","","","0","","24.1","","101.24","","","","","","Mainly Clear"
"2006-12-05 18:00","2006","12","05","18:00","-5.2","","-7.0","","87","","36","","6","","24.1","","101.25","","","","-8","","Clear"
"2006-12-05 19:00","2006","12","05","19:00","-7.4","","-8.9","","89","","","","0","","24.1","","101.32","","","","","","Mainly Clear"
"2006-12-05 20:00","2006","12","05","20:00","-6.0","","-7.7","","88","","","","0","","24.1","","101.31","","","","","","Mostly Cloudy"
"2006-12-05 21:00","2006","12","05","21:00","-1.3","","-3.8","","83","","21","","15","","19.3","","101.31","","","","-6","","Snow"
"2006-12-05 22:00","2006","12","05","22:00","-1.6","","-4.3","","82","","26","","11","","24.1","","101.30","","","","-5","","Cloudy"
"2006-12-05 23:00","2006","12","05","23:00","-0.6","","-4.3","","76","","24","","13","","24.1","","101.27","","","","-5","","Cloudy"
"2006-12-06 00:00","2006","12","06","00:00"
"2006-12-06 01:00","2006","12","06","01:00"
"2006-12-06 02:00","2006","12","06","02:00"
"2006-12-06 03:00","2006","12","06","03:00"
"2006-12-06 04:00","2006","12","06","04:00"
"2006-12-06 05:00","2006","12","06","05:00"
"2006-12-06 06:00","2006","12","06","06:00","0.7","","-2.3","","80","","18","","33","","6.4","","100.62","","","","","","Snow"
"2006-12-06 07:00","2006","12","06","07:00","1.0","","-3.0","","75","","17","","37","","24.1","","100.53","","","","","","Cloudy"
"2006-12-06 08:00","2006","12","06","08:00","1.7","","-2.9","","71","","17","","44","","24.1","","100.36","","","","","","Cloudy"
"2006-12-06 09:00","2006","12","06","09:00","2.6","","-2.5","","69","","18","","48","","24.1","","100.23","","","","","","Cloudy"
"2006-12-06 10:00","2006","12","06","10:00","3.0","","-2.3","","68","","18","","52","","24.1","","100.17","","","","","","Cloudy"
"2006-12-06 11:00","2006","12","06","11:00","3.5","","-2.5","","65","","18","","48","","24.1","","100.10","","","","","","Cloudy"
"2006-12-06 12:00","2006","12","06","12:00","4.3","","-1.9","","64","","19","","54","","24.1","","100.01","","","","","","Cloudy"
"2006-12-06 13:00","2006","12","06","13:00","4.8","","-0.8","","67","","20","","39","","24.1","","99.96","","","","","","Cloudy"
"2006-12-06 14:00","2006","12","06","14:00","5.4","","-1.4","","62","","19","","41","","24.1","","99.89","","","","","","Cloudy"
"2006-12-06 15:00","2006","12","06","15:00","5.0","","-0.9","","66","","22","","33","","19.3","","99.91","","","","","","Rain Showers"
"2006-12-06 16:00","2006","12","06","16:00","5.4","","0.3","","70","","20","","35","","24.1","","99.89","","","","","","Cloudy"
"2006-12-06 17:00","2006","12","06","17:00","4.3","","1.0","","79","","21","","30","","19.3","","99.97","","","","","","Rain Showers"
"2006-12-06 18:00","2006","12","06","18:00","4.0","","1.6","","84","","21","","28","","24.1","","100.01","","","","","","Rain Showers"
"2006-12-06 19:00","2006","12","06","19:00","4.8","","1.5","","79","","20","","26","","24.1","","99.99","","","","","","Rain Showers"
"2006-12-06 20:00","2006","12","06","20:00","5.2","","0.6","","72","","21","","22","","19.3","","99.96","","","","","","Rain Showers"
"2006-12-06 21:00","2006","12","06","21:00","5.7","","0.5","","69","","21","","26","","24.1","","99.92","","","","","","Cloudy"
"2006-12-06 22:00","2006","12","06","22:00","5.0","","1.4","","78","","23","","19","","19.3","","99.92","","","","","","Rain"
"2006-12-06 23:00","2006","12","06","23:00","4.3","","2.6","","89","","22","","20","","9.7","","99.91","","","","","","Rain,Fog"
"2006-12-07 00:00","2006","12","07","00:00"
"2006-12-07 01:00","2006","12","07","01:00"
"2006-12-07 02:00","2006","12","07","02:00"
"2006-12-07 03:00","2006","12","07","03:00"
"2006-12-07 04:00","2006","12","07","04:00"
"2006-12-07 05:00","2006","12","07","05:00"
"2006-12-07 06:00","2006","12","07","06:00","1.1","","-0.2","","91","","27","","11","","24.1","","99.92","","","","","","Mostly Cloudy"
"2006-12-07 07:00","2006","12","07","07:00","0.7","","-0.4","","92","","28","","11","","24.1","","99.98","","","","","","Cloudy"
"2006-12-07 08:00","2006","12","07","08:00","-0.3","","-2.3","","86","","32","","22","","24.1","","100.05","","","","-6","","Cloudy"
"2006-12-07 09:00","2006","12","07","09:00","-0.7","","-3.0","","84","","34","","17","","24.1","","100.11","","","","-6","","Cloudy"
"2006-12-07 10:00","2006","12","07","10:00","-0.9","","-3.6","","82","","31","","17","","6.4","","100.20","","","","-6","","Snow Showers"
"2006-12-07 11:00","2006","12","07","11:00","-1.9","","-5.1","","79","","33","","15","","24.1","","100.32","","","","-7","","Snow Showers"
"2006-12-07 12:00","2006","12","07","12:00","-2.6","","-6.9","","72","","31","","24","","24.1","","100.38","","","","-9","","Cloudy"
"2006-12-07 13:00","2006","12","07","13:00","-3.9","","-9.9","","63","","30","","19","","24.1","","100.42","","","","-10","","Snow Showers"
"2006-12-07 14:00","2006","12","07","14:00","-4.3","","-12.5","","53","","31","","22","","24.1","","100.50","","","","-11","","Cloudy"
"2006-12-07 15:00","2006","12","07","15:00","-4.9","","-11.5","","60","","31","","17","","24.1","","100.60","","","","-11","","Mostly Cloudy"
"2006-12-07 16:00","2006","12","07","16:00","-6.0","","-15.3","","48","","31","","11","","24.1","","100.72","","","","-11","","Mostly Cloudy"
"2006-12-07 17:00","2006","12","07","17:00","-6.2","","-15.7","","47","","28","","15","","24.1","","100.81","","","","-12","","Mostly Cloudy"
"2006-12-07 18:00","2006","12","07","18:00","-7.3","","-16.1","","49","","29","","13","","24.1","","100.88","","","","-13","","Mainly Clear"
"2006-12-07 19:00","2006","12","07","19:00","-8.4","","-16.7","","51","","29","","13","","24.1","","100.94","","","","-14","","Mainly Clear"
"2006-12-07 20:00","2006","12","07","20:00","-9.5","","-17.3","","53","","30","","17","","24.1","","100.96","","","","-17","","Clear"
"2006-12-07 21:00","2006","12","07","21:00","-10.7","","-16.3","","63","","29","","20","","24.1","","100.96","","","","-19","","Clear"
"2006-12-07 22:00","2006","12","07","22:00","-11.2","","-16.1","","67","","32","","28","","24.1","","100.98","","","","-21","","Mostly Cloudy"
"2006-12-07 23:00","2006","12","07","23:00","-12.2","","-17.9","","62","","32","","22","","24.1","","101.00","","","","-21","","Mainly Clear"
"2006-12-08 00:00","2006","12","08","00:00"
"2006-12-08 01:00","2006","12","08","01:00"
"2006-12-08 02:00","2006","12","08","02:00"
"2006-12-08 03:00","2006","12","08","03:00"
"2006-12-08 04:00","2006","12","08","04:00"
"2006-12-08 05:00","2006","12","08","05:00"
"2006-12-08 06:00","2006","12","08","06:00","-14.0","","-17.5","","75","","29","","15","","24.1","","101.19","","","","-22","","Mainly Clear"
"2006-12-08 07:00","2006","12","08","07:00","-13.6","","-16.7","","77","","30","","11","","24.1","","101.28","","","","-20","","Mainly Clear"
"2006-12-08 08:00","2006","12","08","08:00","-12.9","","-16.2","","76","","29","","13","","24.1","","101.34","","","","-20","","Mainly Clear"
"2006-12-08 09:00","2006","12","08","09:00","-11.4","","-15.6","","71","","30","","19","","24.1","","101.41","","","","-19","","Mainly Clear"
"2006-12-08 10:00","2006","12","08","10:00","-9.5","","-14.6","","66","","29","","11","","24.1","","101.42","","","","-15","","Mainly Clear"
"2006-12-08 11:00","2006","12","08","11:00","-8.1","","-14.8","","58","","29","","13","","24.1","","101.41","","","","-14","","Mainly Clear"
"2006-12-08 12:00","2006","12","08","12:00","-6.8","","-13.7","","58","","26","","19","","24.1","","101.31","","","","-14","","Mainly Clear"
"2006-12-08 13:00","2006","12","08","13:00","-5.9","","-15.7","","46","","25","","20","","24.1","","101.24","","","","-13","","Mainly Clear"
"2006-12-08 14:00","2006","12","08","14:00","-5.3","","-13.8","","51","","27","","19","","24.1","","101.19","","","","-12","","Mainly Clear"
"2006-12-08 15:00","2006","12","08","15:00","-4.7","","-13.9","","49","","28","","17","","24.1","","101.19","","","","-11","","Clear"
"2006-12-08 16:00","2006","12","08","16:00","-4.7","","-14.2","","47","","27","","15","","24.1","","101.22","","","","-10","","Mainly Clear"
"2006-12-08 17:00","2006","12","08","17:00","-5.1","","-12.7","","55","","25","","17","","24.1","","101.23","","","","-11","","Mainly Clear"
"2006-12-08 18:00","2006","12","08","18:00","-5.0","","-11.2","","62","","27","","13","","24.1","","101.18","","","","-10","","Mainly Clear"
"2006-12-08 19:00","2006","12","08","19:00","-4.3","","-9.4","","68","","27","","9","","24.1","","101.12","","","","-8","","Mainly Clear"
"2006-12-08 20:00","2006","12","08","20:00","-3.9","","-8.9","","68","","25","","11","","24.1","","101.05","","","","-8","","Mainly Clear"
"2006-12-08 21:00","2006","12","08","21:00","-2.6","","-7.4","","70","","25","","20","","24.1","","101.01","","","","-9","","Mostly Cloudy"
"2006-12-08 22:00","2006","12","08","22:00","-1.8","","-7.0","","68","","25","","20","","24.1","","100.95","","","","-8","","Mostly Cloudy"
"2006-12-08 23:00","2006","12","08","23:00","-0.8","","-5.6","","70","","25","","24","","24.1","","100.90","","","","-7","","Cloudy"
"2006-12-09 00:00","2006","12","09","00:00"
"2006-12-09 01:00","2006","12","09","01:00"
"2006-12-09 02:00","2006","12","09","02:00"
"2006-12-09 03:00","2006","12","09","03:00"
"2006-12-09 04:00","2006","12","09","04:00"
"2006-12-09 05:00","2006","12","09","05:00"
"2006-12-09 06:00","2006","12","09","06:00","-0.3","","-5.9","","66","","23","","35","","24.1","","100.99","","","","-7","","Cloudy"
"2006-12-09 07:00","2006","12","09","07:00","-0.3","","-5.8","","66","","25","","32","","24.1","","101.07","","","","-7","","Cloudy"
"2006-12-09 08:00","2006","12","09","08:00","-0.2","","-6.0","","65","","24","","26","","24.1","","101.08","","","","-6","","Cloudy"
"2006-12-09 09:00","2006","12","09","09:00","-0.3","","-5.9","","66","","24","","24","","24.1","","101.11","","","","-6","","Cloudy"
"2006-12-09 10:00","2006","12","09","10:00","0.0","","-5.6","","66","","25","","26","","24.1","","101.10","","","","-6","","Cloudy"
"2006-12-09 11:00","2006","12","09","11:00","0.4","","-4.9","","68","","24","","30","","24.1","","101.08","","","","","","Mostly Cloudy"
"2006-12-09 12:00","2006","12","09","12:00","0.8","","-5.0","","65","","24","","24","","24.1","","101.02","","","","","","Mostly Cloudy"
"2006-12-09 13:00","2006","12","09","13:00","1.6","","-3.6","","68","","24","","33","","24.1","","100.95","","","","","","Mostly Cloudy"
"2006-12-09 14:00","2006","12","09","14:00","2.4","","-2.6","","70","","23","","41","","24.1","","100.87","","","","","","Mostly Cloudy"
"2006-12-09 15:00","2006","12","09","15:00","2.8","","-1.8","","72","","23","","30","","19.3","","100.88","","","","","","Cloudy"
"2006-12-09 16:00","2006","12","09","16:00","3.0","","-1.6","","72","","22","","33","","24.1","","100.84","","","","","","Cloudy"
"2006-12-09 17:00","2006","12","09","17:00","3.0","","-2.1","","69","","22","","30","","24.1","","100.84","","","","","","Mostly Cloudy"
"2006-12-09 18:00","2006","12","09","18:00","3.0","","-2.2","","69","","22","","24","","24.1","","100.85","","","","","","Cloudy"
"2006-12-09 19:00","2006","12","09","19:00","3.1","","-3.4","","62","","22","","30","","24.1","","100.82","","","","","","Mainly Clear"
"2006-12-09 20:00","2006","12","09","20:00","3.7","","-3.9","","58","","23","","35","","24.1","","100.83","","","","","","Mostly Cloudy"
"2006-12-09 21:00","2006","12","09","21:00","4.2","","-3.7","","56","","23","","37","","24.1","","100.83","","","","","","Mostly Cloudy"
"2006-12-09 22:00","2006","12","09","22:00","4.2","","-3.3","","58","","22","","30","","24.1","","100.80","","","","","","Mostly Cloudy"
"2006-12-09 23:00","2006","12","09","23:00","3.9","","-3.1","","60","","21","","24","","24.1","","100.78","","","","","","Mainly Clear"
"2006-12-10 00:00","2006","12","10","00:00"
"2006-12-10 01:00","2006","12","10","01:00"
"2006-12-10 02:00","2006","12","10","02:00"
"2006-12-10 03:00","2006","12","10","03:00"
"2006-12-10 04:00","2006","12","10","04:00"
"2006-12-10 05:00","2006","12","10","05:00"
"2006-12-10 06:00","2006","12","10","06:00","4.5","","-1.3","","66","","23","","28","","24.1","","100.79","","","","","","Mostly Cloudy"
"2006-12-10 07:00","2006","12","10","07:00","4.5","","-0.6","","69","","24","","32","","24.1","","100.85","","","","","","Mainly Clear"
"2006-12-10 08:00","2006","12","10","08:00","4.4","","-0.9","","68","","24","","28","","24.1","","100.90","","","","","","Mainly Clear"
"2006-12-10 09:00","2006","12","10","09:00","4.8","","-0.9","","67","","24","","22","","24.1","","100.99","","","","","","Mainly Clear"
"2006-12-10 10:00","2006","12","10","10:00","5.5","","-0.6","","65","","24","","24","","24.1","","101.03","","","","","","Mainly Clear"
"2006-12-10 11:00","2006","12","10","11:00","5.9","","-0.7","","63","","23","","32","","24.1","","101.00","","","","","","Mostly Cloudy"
"2006-12-10 12:00","2006","12","10","12:00","5.8","","-0.5","","64","","24","","35","","24.1","","100.93","","","","","","Mostly Cloudy"
"2006-12-10 13:00","2006","12","10","13:00","5.9","","-0.6","","63","","23","","30","","24.1","","100.93","","","","","","Mostly Cloudy"
"2006-12-10 14:00","2006","12","10","14:00","6.2","","-0.4","","63","","24","","26","","24.1","","100.96","","","","","","Mostly Cloudy"
"2006-12-10 15:00","2006","12","10","15:00","6.6","","0.1","","63","","24","","26","","24.1","","101.02","","","","","","Mostly Cloudy"
"2006-12-10 16:00","2006","12","10","16:00","5.9","","0.9","","70","","24","","22","","24.1","","101.06","","","","","","Mostly Cloudy"
"2006-12-10 17:00","2006","12","10","17:00","5.8","","1.0","","71","","24","","20","","24.1","","101.12","","","","","","Mostly Cloudy"
"2006-12-10 18:00","2006","12","10","18:00","4.8","","1.3","","78","","24","","13","","24.1","","101.17","","","","","","Mostly Cloudy"
"2006-12-10 19:00","2006","12","10","19:00","4.4","","1.4","","81","","22","","7","","24.1","","101.23","","","","","","Mainly Clear"
"2006-12-10 20:00","2006","12","10","20:00","4.4","","1.8","","83","","19","","6","","24.1","","101.24","","","","","","Mostly Cloudy"
"2006-12-10 21:00","2006","12","10","21:00","4.9","","1.9","","81","","22","","6","","24.1","","101.22","","","","","","Mostly Cloudy"
"2006-12-10 22:00","2006","12","10","22:00","5.0","","2.6","","84","","22","","6","","24.1","","101.20","","","","","","Mostly Cloudy"
"2006-12-10 23:00","2006","12","10","23:00","4.7","","1.5","","80","","26","","6","","24.1","","101.22","","","","","","Mainly Clear"
"2006-12-11 00:00","2006","12","11","00:00"
"2006-12-11 01:00","2006","12","11","01:00"
"2006-12-11 02:00","2006","12","11","02:00"
"2006-12-11 03:00","2006","12","11","03:00"
"2006-12-11 04:00","2006","12","11","04:00"
"2006-12-11 05:00","2006","12","11","05:00"
"2006-12-11 06:00","2006","12","11","06:00","3.3","","1.5","","88","","24","","11","","16.1","","101.54","","","","","","Rain,Snow"
"2006-12-11 07:00","2006","12","11","07:00","2.9","","1.6","","91","","25","","13","","12.9","","101.62","","","","","","Rain"
"2006-12-11 08:00","2006","12","11","08:00","2.8","","1.8","","93","","27","","6","","12.9","","101.68","","","","","","Rain"
"2006-12-11 09:00","2006","12","11","09:00","2.9","","2.2","","95","","27","","7","","12.9","","101.76","","","","","","Rain"
"2006-12-11 10:00","2006","12","11","10:00","3.3","","2.4","","94","","28","","6","","16.1","","101.83","","","","","","Cloudy"
"2006-12-11 11:00","2006","12","11","11:00","3.6","","2.4","","92","","30","","11","","19.3","","101.87","","","","","","Cloudy"
"2006-12-11 12:00","2006","12","11","12:00","3.7","","2.5","","92","","30","","11","","19.3","","101.86","","","","","","Cloudy"
"2006-12-11 13:00","2006","12","11","13:00","3.7","","2.4","","91","","30","","9","","19.3","","101.86","","","","","","Cloudy"
"2006-12-11 14:00","2006","12","11","14:00","3.7","","2.5","","92","","35","","6","","19.3","","101.91","","","","","","Cloudy"
"2006-12-11 15:00","2006","12","11","15:00","3.7","","2.5","","92","","32","","4","","16.1","","101.98","","","","","","Cloudy"
"2006-12-11 16:00","2006","12","11","16:00","3.2","","2.5","","95","","2","","6","","3.2","","102.03","","","","","","Drizzle,Fog"
"2006-12-11 17:00","2006","12","11","17:00","2.9","","2.4","","97","","2","","4","","4.8","","102.10","","","","","","Fog"
"2006-12-11 18:00","2006","12","11","18:00","2.9","","2.3","","96","","3","","7","","8.0","","102.17","","","","","","Fog"
"2006-12-11 19:00","2006","12","11","19:00","2.9","","2.1","","94","","4","","7","","8.0","","102.21","","","","","","Fog"
"2006-12-11 20:00","2006","12","11","20:00","2.7","","2.1","","96","","4","","11","","4.8","","102.25","","","","","","Fog"
"2006-12-11 21:00","2006","12","11","21:00","2.5","","2.0","","96","","5","","7","","4.8","","102.29","","","","","","Fog"
"2006-12-11 22:00","2006","12","11","22:00","2.4","","1.8","","96","","4","","11","","4.8","","102.31","","","","","","Fog"
"2006-12-11 23:00","2006","12","11","23:00","2.3","","1.9","","97","","5","","9","","4.8","","102.31","","","","","","Fog"
"2006-12-12 00:00","2006","12","12","00:00"
"2006-12-12 01:00","2006","12","12","01:00"
"2006-12-12 02:00","2006","12","12","02:00"
"2006-12-12 03:00","2006","12","12","03:00"
"2006-12-12 04:00","2006","12","12","04:00"
"2006-12-12 05:00","2006","12","12","05:00"
"2006-12-12 06:00","2006","12","12","06:00","2.3","","1.9","","97","","6","","9","","4.8","","102.29","","","","","","Fog"
"2006-12-12 07:00","2006","12","12","07:00","2.4","","1.8","","96","","5","","11","","4.8","","102.27","","","","","","Fog"
"2006-12-12 08:00","2006","12","12","08:00","2.4","","1.9","","96","","6","","15","","8.0","","102.19","","","","","","Fog"
"2006-12-12 09:00","2006","12","12","09:00","3.0","","2.3","","95","","5","","9","","8.0","","102.23","","","","","","Fog"
"2006-12-12 10:00","2006","12","12","10:00","3.9","","2.8","","93","","6","","11","","9.7","","102.20","","","","","","Fog"
"2006-12-12 11:00","2006","12","12","11:00","4.8","","3.2","","89","","7","","9","","12.9","","102.15","","","","","","Mostly Cloudy"
"2006-12-12 12:00","2006","12","12","12:00","5.4","","3.1","","85","","8","","9","","16.1","","102.09","","","","","","Cloudy"
"2006-12-12 13:00","2006","12","12","13:00","5.9","","3.5","","85","","9","","11","","16.1","","101.94","","","","","","Cloudy"
"2006-12-12 14:00","2006","12","12","14:00","6.4","","3.9","","84","","8","","13","","16.1","","101.82","","","","","","Mostly Cloudy"
"2006-12-12 15:00","2006","12","12","15:00","7.1","","4.5","","84","","7","","13","","24.1","","101.71","","","","","","Mostly Cloudy"
"2006-12-12 16:00","2006","12","12","16:00","6.6","","4.2","","85","","6","","13","","16.1","","101.70","","","","","","Mostly Cloudy"
"2006-12-12 17:00","2006","12","12","17:00","5.7","","3.6","","86","","8","","13","","12.9","","101.66","","","","","","Mostly Cloudy"
"2006-12-12 18:00","2006","12","12","18:00","4.8","","3.1","","89","","7","","15","","12.9","","101.60","","","","","","Mainly Clear"
"2006-12-12 19:00","2006","12","12","19:00","6.3","","3.4","","82","","9","","13","","12.9","","101.49","","","","","","Cloudy"
"2006-12-12 20:00","2006","12","12","20:00","5.8","","3.0","","82","","10","","15","","12.9","","101.40","","","","","","Cloudy"
"2006-12-12 21:00","2006","12","12","21:00","7.2","","3.0","","75","","13","","30","","16.1","","101.30","","","","","","Cloudy"
"2006-12-12 22:00","2006","12","12","22:00","6.8","","3.2","","78","","14","","28","","16.1","","101.21","","","","","","Cloudy"
"2006-12-12 23:00","2006","12","12","23:00","6.6","","3.4","","80","","15","","22","","16.1","","101.19","","","","","","Cloudy"
"2006-12-13 00:00","2006","12","13","00:00"
"2006-12-13 01:00","2006","12","13","01:00"
"2006-12-13 02:00","2006","12","13","02:00"
"2006-12-13 03:00","2006","12","13","03:00"
"2006-12-13 04:00","2006","12","13","04:00"
"2006-12-13 05:00","2006","12","13","05:00"
"2006-12-13 06:00","2006","12","13","06:00","6.8","","5.8","","93","","16","","28","","12.9","","100.73","","","","","","Rain"
"2006-12-13 07:00","2006","12","13","07:00","7.0","","5.9","","93","","17","","28","","16.1","","100.69","","","","","","Rain"
"2006-12-13 08:00","2006","12","13","08:00","6.9","","6.2","","95","","16","","22","","12.9","","100.63","","","","","","Cloudy"
"2006-12-13 09:00","2006","12","13","09:00","7.3","","6.2","","93","","17","","28","","12.9","","100.57","","","","","","Cloudy"
"2006-12-13 10:00","2006","12","13","10:00","7.3","","6.2","","93","","17","","24","","12.9","","100.53","","","","","","Cloudy"
"2006-12-13 11:00","2006","12","13","11:00","7.2","","6.3","","94","","17","","20","","16.1","","100.44","","","","","","Cloudy"
"2006-12-13 12:00","2006","12","13","12:00","7.5","","6.2","","91","","18","","22","","24.1","","100.33","","","","","","Mostly Cloudy"
"2006-12-13 13:00","2006","12","13","13:00","7.6","","6.2","","91","","19","","22","","24.1","","100.24","","","","","","Mostly Cloudy"
"2006-12-13 14:00","2006","12","13","14:00","8.1","","6.2","","88","","20","","19","","16.1","","100.17","","","","","","Cloudy"
"2006-12-13 15:00","2006","12","13","15:00","8.3","","6.3","","87","","21","","19","","24.1","","100.14","","","","","","Cloudy"
"2006-12-13 16:00","2006","12","13","16:00","9.0","","6.1","","82","","22","","17","","24.1","","100.16","","","","","","Mostly Cloudy"
"2006-12-13 17:00","2006","12","13","17:00","7.5","","5.3","","86","","24","","17","","16.1","","100.21","","","","","","Mostly Cloudy"
"2006-12-13 18:00","2006","12","13","18:00","7.5","","4.4","","81","","23","","17","","16.1","","100.23","","","","","","Mostly Cloudy"
"2006-12-13 19:00","2006","12","13","19:00","6.7","","2.5","","75","","23","","24","","16.1","","100.26","","","","","","Mainly Clear"
"2006-12-13 20:00","2006","12","13","20:00","5.9","","1.3","","72","","23","","30","","16.1","","100.26","","","","","","Mainly Clear"
"2006-12-13 21:00","2006","12","13","21:00","5.1","","1.3","","76","","21","","30","","16.1","","100.24","","","","","","Mainly Clear"
"2006-12-13 22:00","2006","12","13","22:00","4.9","","1.7","","80","","21","","20","","16.1","","100.22","","","","","","Clear"
"2006-12-13 23:00","2006","12","13","23:00","4.8","","1.6","","80","","22","","24","","16.1","","100.20","","","","","","Clear"
"2006-12-14 00:00","2006","12","14","00:00"
"2006-12-14 01:00","2006","12","14","01:00"
"2006-12-14 02:00","2006","12","14","02:00"
"2006-12-14 03:00","2006","12","14","03:00"
"2006-12-14 04:00","2006","12","14","04:00"
"2006-12-14 05:00","2006","12","14","05:00"
"2006-12-14 06:00","2006","12","14","06:00","5.8","","4.6","","92","","20","","15","","9.7","","100.12","","","","","","Fog"
"2006-12-14 07:00","2006","12","14","07:00","5.8","","4.7","","93","","19","","19","","11.3","","100.11","","","","","","Mainly Clear"
"2006-12-14 08:00","2006","12","14","08:00","5.8","","4.7","","93","","21","","9","","12.9","","100.13","","","","","","Mainly Clear"
"2006-12-14 09:00","2006","12","14","09:00","6.9","","5.3","","90","","19","","17","","19.3","","100.11","","","","","","Mainly Clear"
"2006-12-14 10:00","2006","12","14","10:00","7.8","","5.2","","84","","21","","15","","24.1","","100.12","","","","","","Mostly Cloudy"
"2006-12-14 11:00","2006","12","14","11:00","8.1","","5.5","","84","","22","","17","","24.1","","100.10","","","","","","Mostly Cloudy"
"2006-12-14 12:00","2006","12","14","12:00","7.3","","5.0","","85","","18","","20","","24.1","","100.00","","","","","","Cloudy"
"2006-12-14 13:00","2006","12","14","13:00","7.6","","5.3","","85","","19","","20","","24.1","","99.91","","","","","","Cloudy"
"2006-12-14 14:00","2006","12","14","14:00","6.9","","5.4","","90","","19","","15","","24.1","","99.82","","","","","","Cloudy"
"2006-12-14 15:00","2006","12","14","15:00","7.0","","5.4","","90","","19","","9","","24.1","","99.76","","","","","","Cloudy"
"2006-12-14 16:00","2006","12","14","16:00","6.8","","5.4","","91","","16","","9","","24.1","","99.73","","","","","","Cloudy"
"2006-12-14 17:00","2006","12","14","17:00","6.9","","5.3","","90","","16","","13","","24.1","","99.70","","","","","","Cloudy"
"2006-12-14 18:00","2006","12","14","18:00","6.6","","5.3","","91","","16","","6","","24.1","","99.63","","","","","","Cloudy"
"2006-12-14 19:00","2006","12","14","19:00","6.7","","5.1","","90","","19","","7","","24.1","","99.56","","","","","","Mostly Cloudy"
"2006-12-14 20:00","2006","12","14","20:00","8.1","","5.1","","81","","21","","13","","24.1","","99.52","","","","","","Mostly Cloudy"
"2006-12-14 21:00","2006","12","14","21:00","7.9","","5.2","","83","","23","","7","","24.1","","99.49","","","","","","Cloudy"
"2006-12-14 22:00","2006","12","14","22:00","7.6","","5.2","","85","","17","","17","","24.1","","99.41","","","","","","Mostly Cloudy"
"2006-12-14 23:00","2006","12","14","23:00","7.7","","5.5","","86","","17","","22","","24.1","","99.34","","","","","","Cloudy"
"2006-12-15 00:00","2006","12","15","00:00"
"2006-12-15 01:00","2006","12","15","01:00"
"2006-12-15 02:00","2006","12","15","02:00"
"2006-12-15 03:00","2006","12","15","03:00"
"2006-12-15 04:00","2006","12","15","04:00"
"2006-12-15 05:00","2006","12","15","05:00"
"2006-12-15 06:00","2006","12","15","06:00","7.6","","4.8","","82","","19","","19","","24.1","","99.08","","","","","","Mainly Clear"
"2006-12-15 07:00","2006","12","15","07:00","7.7","","4.9","","82","","20","","19","","24.1","","99.09","","","","","","Mainly Clear"
"2006-12-15 08:00","2006","12","15","08:00","7.4","","5.3","","87","","20","","19","","24.1","","99.08","","","","","","Mostly Cloudy"
"2006-12-15 09:00","2006","12","15","09:00","9.3","","5.0","","74","","22","","24","","24.1","","99.11","","","","","","Cloudy"
"2006-12-15 10:00","2006","12","15","10:00","7.6","","5.2","","85","","23","","20","","24.1","","99.11","","","","","","Mostly Cloudy"
"2006-12-15 11:00","2006","12","15","11:00","9.3","","6.1","","80","","22","","15","","24.1","","99.07","","","","","","Mainly Clear"
"2006-12-15 12:00","2006","12","15","12:00","10.2","","4.5","","68","","23","","28","","24.1","","98.98","","","","","","Mainly Clear"
"2006-12-15 13:00","2006","12","15","13:00","9.3","","3.8","","68","","23","","26","","24.1","","98.95","","","","","","Mostly Cloudy"
"2006-12-15 14:00","2006","12","15","14:00","10.4","","3.8","","64","","23","","22","","24.1","","98.97","","","","","","Mainly Clear"
"2006-12-15 15:00","2006","12","15","15:00","9.7","","3.1","","63","","23","","20","","24.1","","98.99","","","","","","Mostly Cloudy"
"2006-12-15 16:00","2006","12","15","16:00","8.6","","3.3","","69","","23","","22","","24.1","","99.05","","","","","","Mostly Cloudy"
"2006-12-15 17:00","2006","12","15","17:00","7.9","","2.4","","68","","23","","22","","24.1","","99.12","","","","","","Mostly Cloudy"
"2006-12-15 18:00","2006","12","15","18:00","7.0","","2.6","","74","","23","","19","","24.1","","99.22","","","","","","Mostly Cloudy"
"2006-12-15 19:00","2006","12","15","19:00","6.5","","2.2","","74","","25","","19","","24.1","","99.31","","","","","","Mostly Cloudy"
"2006-12-15 20:00","2006","12","15","20:00","5.7","","3.2","","84","","25","","22","","19.3","","99.39","","","","","","Rain Showers"
"2006-12-15 21:00","2006","12","15","21:00","5.4","","3.1","","85","","25","","20","","24.1","","99.47","","","","","","Cloudy"
"2006-12-15 22:00","2006","12","15","22:00","5.5","","3.1","","85","","25","","19","","24.1","","99.51","","","","","","Cloudy"
"2006-12-15 23:00","2006","12","15","23:00","5.5","","3.0","","84","","26","","17","","24.1","","99.57","","","","","","Cloudy"
"2006-12-16 00:00","2006","12","16","00:00"
"2006-12-16 01:00","2006","12","16","01:00"
"2006-12-16 02:00","2006","12","16","02:00"
"2006-12-16 03:00","2006","12","16","03:00"
"2006-12-16 04:00","2006","12","16","04:00"
"2006-12-16 05:00","2006","12","16","05:00"
"2006-12-16 06:00","2006","12","16","06:00","4.1","","0.4","","77","","27","","15","","24.1","","100.37","","","","","","Cloudy"
"2006-12-16 07:00","2006","12","16","07:00","3.5","","0.0","","78","","27","","17","","24.1","","100.51","","","","","","Mostly Cloudy"
"2006-12-16 08:00","2006","12","16","08:00","3.0","","-0.1","","80","","27","","13","","24.1","","100.62","","","","","","Mostly Cloudy"
"2006-12-16 09:00","2006","12","16","09:00","3.4","","0.1","","79","","26","","7","","24.1","","100.68","","","","","","Mainly Clear"
"2006-12-16 10:00","2006","12","16","10:00","3.9","","0.2","","77","","25","","13","","24.1","","100.82","","","","","","Mostly Cloudy"
"2006-12-16 11:00","2006","12","16","11:00","4.3","","-0.1","","73","","28","","7","","24.1","","100.86","","","","","","Mostly Cloudy"
"2006-12-16 12:00","2006","12","16","12:00","2.5","","0.4","","86","","28","","11","","24.1","","100.85","","","","","","Rain Showers"
"2006-12-16 13:00","2006","12","16","13:00","4.7","","-1.5","","64","","24","","9","","24.1","","100.81","","","","","","Mostly Cloudy"
"2006-12-16 14:00","2006","12","16","14:00","5.6","","-1.5","","60","","21","","13","","24.1","","100.80","","","","","","Mostly Cloudy"
"2006-12-16 15:00","2006","12","16","15:00","5.2","","-2.0","","60","","21","","11","","24.1","","100.86","","","","","","Mostly Cloudy"
"2006-12-16 16:00","2006","12","16","16:00","4.4","","-2.7","","60","","24","","6","","24.1","","100.84","","","","","","Mostly Cloudy"
"2006-12-16 17:00","2006","12","16","17:00","3.7","","-2.5","","64","","22","","6","","24.1","","100.90","","","","","","Mainly Clear"
"2006-12-16 18:00","2006","12","16","18:00","3.3","","-1.6","","70","","23","","13","","24.1","","100.97","","","","","","Mainly Clear"
"2006-12-16 19:00","2006","12","16","19:00","3.0","","-1.6","","72","","21","","11","","24.1","","100.91","","","","","","Mainly Clear"
"2006-12-16 20:00","2006","12","16","20:00","3.4","","-1.8","","69","","21","","9","","24.1","","100.88","","","","","","Cloudy"
"2006-12-16 21:00","2006","12","16","21:00","3.8","","-0.7","","72","","19","","9","","24.1","","100.80","","","","","","Cloudy"
"2006-12-16 22:00","2006","12","16","22:00","4.5","","0.2","","74","","17","","19","","24.1","","100.71","","","","","","Mostly Cloudy"
"2006-12-16 23:00","2006","12","16","23:00","4.8","","0.9","","76","","16","","24","","24.1","","100.63","","","","","","Mostly Cloudy"
"2006-12-17 00:00","2006","12","17","00:00"
"2006-12-17 01:00","2006","12","17","01:00"
"2006-12-17 02:00","2006","12","17","02:00"
"2006-12-17 03:00","2006","12","17","03:00"
"2006-12-17 04:00","2006","12","17","04:00"
"2006-12-17 05:00","2006","12","17","05:00"
"2006-12-17 06:00","2006","12","17","06:00","6.7","","4.0","","83","","21","","17","","19.3","","100.18","","","","","","Rain"
"2006-12-17 07:00","2006","12","17","07:00","7.1","","5.0","","86","","20","","13","","24.1","","100.14","","","","","","Cloudy"
"2006-12-17 08:00","2006","12","17","08:00","7.1","","4.5","","84","","20","","15","","24.1","","100.14","","","","","","Cloudy"
"2006-12-17 09:00","2006","12","17","09:00","7.5","","5.4","","87","","20","","19","","19.3","","100.16","","","","","","Rain"
"2006-12-17 10:00","2006","12","17","10:00","7.1","","6.1","","93","","20","","11","","16.1","","100.21","","","","","","Cloudy"
"2006-12-17 11:00","2006","12","17","11:00","9.1","","6.4","","83","","22","","20","","9.7","","100.20","","","","","","Fog"
"2006-12-17 12:00","2006","12","17","12:00","7.6","","6.3","","91","","23","","11","","11.3","","100.17","","","","","","Cloudy"
"2006-12-17 13:00","2006","12","17","13:00","8.2","","6.4","","88","","21","","7","","16.1","","100.15","","","","","","Cloudy"
"2006-12-17 14:00","2006","12","17","14:00","8.5","","6.6","","88","","21","","17","","16.1","","100.13","","","","","","Cloudy"
"2006-12-17 15:00","2006","12","17","15:00","9.2","","6.9","","86","","23","","13","","16.1","","100.19","","","","","","Cloudy"
"2006-12-17 16:00","2006","12","17","16:00","9.3","","6.9","","85","","22","","15","","12.9","","100.28","","","","","","Mostly Cloudy"
"2006-12-17 17:00","2006","12","17","17:00","7.8","","6.2","","90","","22","","11","","12.9","","100.36","","","","","","Mostly Cloudy"
"2006-12-17 18:00","2006","12","17","18:00","7.7","","-0.4","","56","","26","","13","","24.1","","100.45","","","","","","Mostly Cloudy"
"2006-12-17 19:00","2006","12","17","19:00","6.6","","-0.1","","62","","24","","11","","24.1","","100.48","","","","","","Mainly Clear"
"2006-12-17 20:00","2006","12","17","20:00","5.9","","-1.7","","58","","27","","13","","24.1","","100.53","","","","","","Mainly Clear"
"2006-12-17 21:00","2006","12","17","21:00","5.0","","-1.6","","62","","31","","13","","24.1","","100.54","","","","","","Mainly Clear"
"2006-12-17 22:00","2006","12","17","22:00","3.7","","-1.6","","68","","28","","4","","24.1","","100.54","","","","","","Mainly Clear"
"2006-12-17 23:00","2006","12","17","23:00","3.9","","-0.6","","72","","24","","7","","24.1","","100.61","","","","","","Mostly Cloudy"
"2006-12-18 00:00","2006","12","18","00:00"
"2006-12-18 01:00","2006","12","18","01:00"
"2006-12-18 02:00","2006","12","18","02:00"
"2006-12-18 03:00","2006","12","18","03:00"
"2006-12-18 04:00","2006","12","18","04:00"
"2006-12-18 05:00","2006","12","18","05:00"
"2006-12-18 06:00","2006","12","18","06:00","3.4","","-1.0","","73","","30","","9","","24.1","","100.60","","","","","","Mainly Clear"
"2006-12-18 07:00","2006","12","18","07:00","3.9","","-1.2","","69","","27","","9","","24.1","","100.68","","","","","","Mostly Cloudy"
"2006-12-18 08:00","2006","12","18","08:00","4.0","","-0.7","","71","","26","","11","","24.1","","100.70","","","","","","Cloudy"
"2006-12-18 09:00","2006","12","18","09:00","3.7","","-0.7","","73","","27","","13","","24.1","","100.77","","","","","","Cloudy"
"2006-12-18 10:00","2006","12","18","10:00","4.3","","-0.8","","69","","27","","13","","24.1","","100.83","","","","","","Cloudy"
"2006-12-18 11:00","2006","12","18","11:00","4.8","","-1.1","","66","","29","","13","","24.1","","100.84","","","","","","Cloudy"
"2006-12-18 12:00","2006","12","18","12:00","5.5","","-2.0","","58","","29","","17","","24.1","","100.80","","","","","","Mostly Cloudy"
"2006-12-18 13:00","2006","12","18","13:00","5.2","","-3.1","","55","","27","","20","","24.1","","100.83","","","","","","Mostly Cloudy"
"2006-12-18 14:00","2006","12","18","14:00","5.1","","-3.7","","53","","29","","17","","24.1","","100.87","","","","","","Mostly Cloudy"
"2006-12-18 15:00","2006","12","18","15:00","4.9","","-4.3","","51","","28","","15","","24.1","","100.93","","","","","","Mostly Cloudy"
"2006-12-18 16:00","2006","12","18","16:00","4.9","","-5.5","","47","","28","","22","","24.1","","101.02","","","","","","Cloudy"
"2006-12-18 17:00","2006","12","18","17:00","4.3","","-5.0","","51","","29","","19","","24.1","","101.11","","","","","","Mostly Cloudy"
"2006-12-18 18:00","2006","12","18","18:00","3.9","","-4.5","","54","","29","","17","","24.1","","101.15","","","","","","Cloudy"
"2006-12-18 19:00","2006","12","18","19:00","3.5","","-4.4","","56","","28","","9","","24.1","","101.22","","","","","","Mostly Cloudy"
"2006-12-18 20:00","2006","12","18","20:00","2.1","","-5.7","","56","","27","","11","","24.1","","101.27","","","","","","Mainly Clear"
"2006-12-18 21:00","2006","12","18","21:00","2.0","","-5.4","","58","","27","","9","","24.1","","101.31","","","","","","Mostly Cloudy"
"2006-12-18 22:00","2006","12","18","22:00","1.6","","-4.9","","62","","26","","11","","24.1","","101.33","","","","","","Mostly Cloudy"
"2006-12-18 23:00","2006","12","18","23:00","1.4","","-4.7","","64","","26","","15","","24.1","","101.33","","","","","","Mainly Clear"
"2006-12-19 00:00","2006","12","19","00:00"
"2006-12-19 01:00","2006","12","19","01:00"
"2006-12-19 02:00","2006","12","19","02:00"
"2006-12-19 03:00","2006","12","19","03:00"
"2006-12-19 04:00","2006","12","19","04:00"
"2006-12-19 05:00","2006","12","19","05:00"
"2006-12-19 06:00","2006","12","19","06:00","0.3","","-4.9","","68","","27","","7","","24.1","","101.33","","","","","","Cloudy"
"2006-12-19 07:00","2006","12","19","07:00","0.6","","-5.0","","66","","28","","7","","24.1","","101.33","","","","","","Cloudy"
"2006-12-19 08:00","2006","12","19","08:00","0.9","","-4.5","","67","","27","","7","","24.1","","101.34","","","","","","Snow Showers"
"2006-12-19 09:00","2006","12","19","09:00","1.5","","-4.3","","65","","26","","9","","24.1","","101.35","","","","","","Snow Showers"
"2006-12-19 10:00","2006","12","19","10:00","2.0","","-3.3","","68","","26","","15","","24.1","","101.36","","","","","","Snow Showers"
"2006-12-19 11:00","2006","12","19","11:00","2.5","","-3.8","","63","","27","","24","","24.1","","101.31","","","","","","Snow Showers"
"2006-12-19 12:00","2006","12","19","12:00","2.6","","-3.3","","65","","26","","17","","24.1","","101.25","","","","","","Mainly Clear"
"2006-12-19 13:00","2006","12","19","13:00","2.8","","-4.2","","60","","30","","20","","24.1","","101.20","","","","","","Snow Pellets"
"2006-12-19 14:00","2006","12","19","14:00","2.8","","-5.6","","54","","30","","19","","24.1","","101.21","","","","","","Mostly Cloudy"
"2006-12-19 15:00","2006","12","19","15:00","2.8","","-5.4","","55","","27","","20","","24.1","","101.23","","","","","","Mainly Clear"
"2006-12-19 16:00","2006","12","19","16:00","2.7","","-5.3","","56","","26","","13","","24.1","","101.26","","","","","","Mainly Clear"
"2006-12-19 17:00","2006","12","19","17:00","2.1","","-4.2","","63","","25","","11","","24.1","","101.34","","","","","","Mainly Clear"
"2006-12-19 18:00","2006","12","19","18:00","1.5","","-4.4","","65","","26","","13","","24.1","","101.39","","","","","","Clear"
"2006-12-19 19:00","2006","12","19","19:00","0.4","","-4.4","","70","","26","","11","","24.1","","101.44","","","","","","Clear"
"2006-12-19 20:00","2006","12","19","20:00","0.1","","-4.3","","72","","27","","17","","24.1","","101.51","","","","","","Clear"
"2006-12-19 21:00","2006","12","19","21:00","-0.6","","-5.1","","72","","28","","11","","24.1","","101.53","","","","-4","","Clear"
"2006-12-19 22:00","2006","12","19","22:00","-1.0","","-5.4","","72","","29","","9","","24.1","","101.55","","","","-4","","Mainly Clear"
"2006-12-19 23:00","2006","12","19","23:00","-0.7","","-5.1","","72","","26","","11","","24.1","","101.56","","","","-4","","Mostly Cloudy"
"2006-12-20 00:00","2006","12","20","00:00"
"2006-12-20 01:00","2006","12","20","01:00"
"2006-12-20 02:00","2006","12","20","02:00"
"2006-12-20 03:00","2006","12","20","03:00"
"2006-12-20 04:00","2006","12","20","04:00"
"2006-12-20 05:00","2006","12","20","05:00"
"2006-12-20 06:00","2006","12","20","06:00","0.9","","-2.2","","80","","22","","11","","24.1","","101.46","","","","","","Mostly Cloudy"
"2006-12-20 07:00","2006","12","20","07:00","1.9","","-1.5","","78","","21","","17","","24.1","","101.45","","","","","","Mainly Clear"
"2006-12-20 08:00","2006","12","20","08:00","3.6","","0.7","","81","","20","","30","","24.1","","101.43","","","","","","Mostly Cloudy"
"2006-12-20 09:00","2006","12","20","09:00","3.5","","0.6","","81","","21","","28","","24.1","","101.40","","","","","","Mostly Cloudy"
"2006-12-20 10:00","2006","12","20","10:00","4.7","","0.2","","73","","21","","26","","24.1","","101.34","","","","","","Mainly Clear"
"2006-12-20 11:00","2006","12","20","11:00","5.5","","-0.4","","66","","22","","26","","24.1","","101.24","","","","","","Clear"
"2006-12-20 12:00","2006","12","20","12:00","6.4","","-0.6","","61","","23","","26","","24.1","","101.15","","","","","","Clear"
"2006-12-20 13:00","2006","12","20","13:00","6.6","","-1.1","","58","","22","","33","","24.1","","101.08","","","","","","Mainly Clear"
"2006-12-20 14:00","2006","12","20","14:00","6.6","","-2.3","","53","","23","","39","","24.1","","101.03","","","","","","Mainly Clear"
"2006-12-20 15:00","2006","12","20","15:00","6.1","","-1.1","","60","","23","","33","","24.1","","101.03","","","","","","Mainly Clear"
"2006-12-20 16:00","2006","12","20","16:00","5.4","","-0.8","","64","","23","","28","","24.1","","101.06","","","","","","Mostly Cloudy"
"2006-12-20 17:00","2006","12","20","17:00","5.2","","-0.7","","66","","21","","26","","24.1","","101.03","","","","","","Mostly Cloudy"
"2006-12-20 18:00","2006","12","20","18:00","5.6","","0.2","","68","","21","","28","","24.1","","100.99","","","","","","Mostly Cloudy"
"2006-12-20 19:00","2006","12","20","19:00","5.6","","0.2","","68","","21","","28","","24.1","","100.98","","","","","","Cloudy"
"2006-12-20 20:00","2006","12","20","20:00","5.8","","-1.4","","60","","23","","28","","24.1","","100.98","","","","","","Cloudy"
"2006-12-20 21:00","2006","12","20","21:00","5.9","","-1.4","","59","","23","","28","","24.1","","100.99","","","","","","Cloudy"
"2006-12-20 22:00","2006","12","20","22:00","5.7","","-1.8","","58","","24","","24","","24.1","","100.97","","","","","","Mainly Clear"
"2006-12-20 23:00","2006","12","20","23:00","5.3","","-1.6","","61","","23","","22","","24.1","","101.00","","","","","","Mostly Cloudy"
"2006-12-21 00:00","2006","12","21","00:00"
"2006-12-21 01:00","2006","12","21","01:00"
"2006-12-21 02:00","2006","12","21","02:00"
"2006-12-21 03:00","2006","12","21","03:00"
"2006-12-21 04:00","2006","12","21","04:00"
"2006-12-21 05:00","2006","12","21","05:00"
"2006-12-21 06:00","2006","12","21","06:00","4.1","","-3.0","","60","","25","","15","","24.1","","101.08","","","","","","Clear"
"2006-12-21 07:00","2006","12","21","07:00","3.2","","-3.1","","63","","26","","15","","24.1","","101.13","","","","","","Mainly Clear"
"2006-12-21 08:00","2006","12","21","08:00","2.4","","-2.4","","71","","26","","11","","24.1","","101.18","","","","","","Mainly Clear"
"2006-12-21 09:00","2006","12","21","09:00","3.3","","-2.1","","68","","27","","15","","19.3","","101.31","","","","","","Mainly Clear"
"2006-12-21 10:00","2006","12","21","10:00","4.3","","-1.5","","66","","29","","20","","19.3","","101.39","","","","","","Mainly Clear"
"2006-12-21 11:00","2006","12","21","11:00","5.1","","-1.4","","63","","28","","15","","24.1","","101.38","","","","","","Mainly Clear"
"2006-12-21 12:00","2006","12","21","12:00","6.4","","-2.5","","53","","28","","11","","24.1","","101.31","","","","","","Mainly Clear"
"2006-12-21 13:00","2006","12","21","13:00","6.6","","-3.2","","50","","32","","19","","24.1","","101.27","","","","","","Mostly Cloudy"
"2006-12-21 14:00","2006","12","21","14:00","7.2","","-3.3","","47","","28","","11","","24.1","","101.27","","","","","","Mostly Cloudy"
"2006-12-21 15:00","2006","12","21","15:00","7.0","","-3.9","","46","","29","","9","","24.1","","101.36","","","","","","Mostly Cloudy"
"2006-12-21 16:00","2006","12","21","16:00","5.6","","-4.2","","49","","29","","7","","24.1","","101.44","","","","","","Mostly Cloudy"
"2006-12-21 17:00","2006","12","21","17:00","4.0","","-4.8","","53","","29","","4","","24.1","","101.55","","","","","","Mostly Cloudy"
"2006-12-21 18:00","2006","12","21","18:00","1.5","","-4.9","","62","","30","","6","","24.1","","101.59","","","","","","Mostly Cloudy"
"2006-12-21 19:00","2006","12","21","19:00","-1.0","","-5.4","","72","","34","","9","","24.1","","101.63","","","","-4","","Mostly Cloudy"
"2006-12-21 20:00","2006","12","21","20:00","-0.6","","-4.8","","73","","33","","7","","24.1","","101.71","","","","-3","","Mainly Clear"
"2006-12-21 21:00","2006","12","21","21:00","-2.4","","-5.7","","78","","34","","6","","24.1","","101.77","","","","-5","","Mainly Clear"
"2006-12-21 22:00","2006","12","21","22:00","-0.1","","-5.6","","66","","2","","11","","24.1","","101.74","","","","-4","","Clear"
"2006-12-21 23:00","2006","12","21","23:00","0.1","","-5.8","","64","","5","","7","","24.1","","101.74","","","","","","Mostly Cloudy"
"2006-12-22 00:00","2006","12","22","00:00"
"2006-12-22 01:00","2006","12","22","01:00"
"2006-12-22 02:00","2006","12","22","02:00"
"2006-12-22 03:00","2006","12","22","03:00"
"2006-12-22 04:00","2006","12","22","04:00"
"2006-12-22 05:00","2006","12","22","05:00"
"2006-12-22 06:00","2006","12","22","06:00","-0.7","","-6.5","","65","","4","","11","","24.1","","101.67","","","","-4","","Cloudy"
"2006-12-22 07:00","2006","12","22","07:00","-0.7","","-6.3","","66","","6","","13","","24.1","","101.65","","","","-5","","Cloudy"
"2006-12-22 08:00","2006","12","22","08:00","-0.8","","-6.1","","67","","5","","15","","24.1","","101.65","","","","-5","","Cloudy"
"2006-12-22 09:00","2006","12","22","09:00","-0.2","","-5.3","","68","","5","","15","","24.1","","101.66","","","","-5","","Cloudy"
"2006-12-22 10:00","2006","12","22","10:00","0.3","","-4.9","","68","","6","","15","","24.1","","101.56","","","","","","Cloudy"
"2006-12-22 11:00","2006","12","22","11:00","0.9","","-4.4","","68","","5","","15","","24.1","","101.43","","","","","","Cloudy"
"2006-12-22 12:00","2006","12","22","12:00","1.2","","-3.1","","73","","5","","11","","24.1","","101.31","","","","","","Rain"
"2006-12-22 13:00","2006","12","22","13:00","1.2","","-1.5","","82","","5","","17","","16.1","","101.17","","","","","","Rain"
"2006-12-22 14:00","2006","12","22","14:00","1.1","","-0.7","","88","","6","","17","","16.1","","101.10","","","","","","Rain"
"2006-12-22 15:00","2006","12","22","15:00","1.1","","0.0","","92","","6","","17","","12.9","","101.00","","","","","","Rain"
"2006-12-22 16:00","2006","12","22","16:00","2.3","","1.5","","94","","8","","17","","12.9","","100.94","","","","","","Rain"
"2006-12-22 17:00","2006","12","22","17:00","2.4","","1.5","","94","","9","","17","","12.9","","100.91","","","","","","Rain"
"2006-12-22 18:00","2006","12","22","18:00","2.5","","1.8","","95","","7","","13","","11.3","","100.81","","","","","","Rain"
"2006-12-22 19:00","2006","12","22","19:00","2.8","","2.2","","96","","7","","11","","9.7","","100.75","","","","","","Rain,Fog"
"2006-12-22 20:00","2006","12","22","20:00","3.0","","2.7","","98","","8","","11","","9.7","","100.60","","","","","","Rain,Fog"
"2006-12-22 21:00","2006","12","22","21:00","2.6","","2.1","","96","","5","","11","","4.8","","100.46","","","","","","Rain,Fog"
"2006-12-22 22:00","2006","12","22","22:00","3.0","","2.7","","98","","6","","9","","3.2","","100.39","","","","","","Rain,Fog"
"2006-12-22 23:00","2006","12","22","23:00","4.4","","4.0","","97","","10","","6","","3.2","","100.28","","","","","","Rain,Fog"
"2006-12-23 00:00","2006","12","23","00:00"
"2006-12-23 01:00","2006","12","23","01:00"
"2006-12-23 02:00","2006","12","23","02:00"
"2006-12-23 03:00","2006","12","23","03:00"
"2006-12-23 04:00","2006","12","23","04:00"
"2006-12-23 05:00","2006","12","23","05:00"
"2006-12-23 06:00","2006","12","23","06:00","6.8","","5.9","","94","","17","","24","","24.1","","99.66","","","","","","Cloudy"
"2006-12-23 07:00","2006","12","23","07:00","6.6","","6.1","","97","","17","","22","","24.1","","99.63","","","","","","Rain Showers"
"2006-12-23 08:00","2006","12","23","08:00","6.7","","6.3","","97","","20","","19","","24.1","","99.65","","","","","","Mostly Cloudy"
"2006-12-23 09:00","2006","12","23","09:00","7.5","","5.2","","85","","23","","15","","24.1","","99.65","","","","","","Mostly Cloudy"
"2006-12-23 10:00","2006","12","23","10:00","6.7","","4.3","","85","","23","","20","","24.1","","99.67","","","","","","Mainly Clear"
"2006-12-23 11:00","2006","12","23","11:00","7.7","","3.9","","77","","23","","24","","24.1","","99.60","","","","","","Mostly Cloudy"
"2006-12-23 12:00","2006","12","23","12:00","7.0","","3.5","","78","","23","","28","","24.1","","99.55","","","","","","Mostly Cloudy"
"2006-12-23 13:00","2006","12","23","13:00","6.9","","3.2","","77","","23","","26","","24.1","","99.46","","","","","","Cloudy"
"2006-12-23 14:00","2006","12","23","14:00","7.0","","3.1","","76","","22","","26","","24.1","","99.46","","","","","","Cloudy"
"2006-12-23 15:00","2006","12","23","15:00","6.9","","2.9","","76","","23","","30","","24.1","","99.48","","","","","","Cloudy"
"2006-12-23 16:00","2006","12","23","16:00","6.2","","3.8","","85","","23","","28","","24.1","","99.47","","","","","","Rain Showers"
"2006-12-23 17:00","2006","12","23","17:00","6.3","","3.5","","82","","23","","32","","24.1","","99.47","","","","","","Cloudy"
"2006-12-23 18:00","2006","12","23","18:00","6.4","","3.0","","79","","23","","32","","24.1","","99.49","","","","","","Cloudy"
"2006-12-23 19:00","2006","12","23","19:00","6.1","","3.1","","81","","24","","35","","24.1","","99.52","","","","","","Cloudy"
"2006-12-23 20:00","2006","12","23","20:00","5.6","","2.6","","81","","24","","32","","24.1","","99.54","","","","","","Mostly Cloudy"
"2006-12-23 21:00","2006","12","23","21:00","5.6","","2.5","","80","","25","","28","","24.1","","99.55","","","","","","Mostly Cloudy"
"2006-12-23 22:00","2006","12","23","22:00","5.8","","2.6","","80","","24","","26","","24.1","","99.58","","","","","","Cloudy"
"2006-12-23 23:00","2006","12","23","23:00","5.3","","2.2","","80","","24","","32","","24.1","","99.57","","","","","","Cloudy"
"2006-12-24 00:00","2006","12","24","00:00"
"2006-12-24 01:00","2006","12","24","01:00"
"2006-12-24 02:00","2006","12","24","02:00"
"2006-12-24 03:00","2006","12","24","03:00"
"2006-12-24 04:00","2006","12","24","04:00"
"2006-12-24 05:00","2006","12","24","05:00"
"2006-12-24 06:00","2006","12","24","06:00","4.0","","0.1","","76","","25","","22","","24.1","","99.83","","","","","","Cloudy"
"2006-12-24 07:00","2006","12","24","07:00","3.3","","-0.9","","74","","27","","24","","24.1","","99.94","","","","","","Mostly Cloudy"
"2006-12-24 08:00","2006","12","24","08:00","2.8","","-2.4","","69","","28","","20","","24.1","","100.09","","","","","","Mostly Cloudy"
"2006-12-24 09:00","2006","12","24","09:00","3.2","","-1.9","","69","","29","","20","","24.1","","100.29","","","","","","Mainly Clear"
"2006-12-24 10:00","2006","12","24","10:00","3.9","","-1.8","","66","","28","","17","","24.1","","100.42","","","","","","Mainly Clear"
"2006-12-24 11:00","2006","12","24","11:00","5.4","","-2.0","","59","","27","","24","","24.1","","100.48","","","","","","Mainly Clear"
"2006-12-24 12:00","2006","12","24","12:00","6.0","","-1.9","","57","","26","","22","","24.1","","100.53","","","","","","Clear"
"2006-12-24 13:00","2006","12","24","13:00","6.9","","-1.0","","57","","25","","17","","24.1","","100.53","","","","","","Mainly Clear"
"2006-12-24 14:00","2006","12","24","14:00","7.1","","-0.9","","57","","25","","28","","24.1","","100.59","","","","","","Mainly Clear"
"2006-12-24 15:00","2006","12","24","15:00","6.2","","0.6","","67","","23","","26","","24.1","","100.66","","","","","","Mainly Clear"
"2006-12-24 16:00","2006","12","24","16:00","5.6","","0.1","","68","","24","","26","","24.1","","100.70","","","","","","Mainly Clear"
"2006-12-24 17:00","2006","12","24","17:00","4.9","","1.1","","76","","24","","19","","24.1","","100.78","","","","","","Mainly Clear"
"2006-12-24 18:00","2006","12","24","18:00","4.5","","1.0","","78","","24","","24","","24.1","","100.86","","","","","","Mainly Clear"
"2006-12-24 19:00","2006","12","24","19:00","4.2","","1.2","","81","","23","","20","","24.1","","100.89","","","","","","Clear"
"2006-12-24 20:00","2006","12","24","20:00","3.7","","1.1","","83","","23","","19","","24.1","","100.96","","","","","","Clear"
"2006-12-24 21:00","2006","12","24","21:00","3.8","","1.5","","85","","25","","19","","24.1","","100.99","","","","","","Clear"
"2006-12-24 22:00","2006","12","24","22:00","3.8","","1.4","","84","","24","","13","","24.1","","100.94","","","","","","Clear"
"2006-12-24 23:00","2006","12","24","23:00","3.7","","1.6","","86","","25","","24","","24.1","","101.08","","","","","","Mainly Clear"
"2006-12-25 00:00","2006","12","25","00:00"
"2006-12-25 01:00","2006","12","25","01:00"
"2006-12-25 02:00","2006","12","25","02:00"
"2006-12-25 03:00","2006","12","25","03:00"
"2006-12-25 04:00","2006","12","25","04:00"
"2006-12-25 05:00","2006","12","25","05:00"
"2006-12-25 06:00","2006","12","25","06:00","1.9","","0.7","","92","","21","","11","","24.1","","101.04","","","","","","Mainly Clear"
"2006-12-25 07:00","2006","12","25","07:00","2.5","","1.0","","90","","20","","11","","24.1","","100.95","","","","","","Mostly Cloudy"
"2006-12-25 08:00","2006","12","25","08:00","3.2","","1.8","","91","","21","","15","","12.9","","100.96","","","","","","Cloudy"
"2006-12-25 09:00","2006","12","25","09:00","3.8","","2.4","","91","","21","","13","","19.3","","100.97","","","","","","Cloudy"
"2006-12-25 10:00","2006","12","25","10:00","4.4","","1.5","","81","","19","","20","","24.1","","100.96","","","","","","Cloudy"
"2006-12-25 11:00","2006","12","25","11:00","4.7","","1.5","","80","","18","","19","","24.1","","100.88","","","","","","Mostly Cloudy"
"2006-12-25 12:00","2006","12","25","12:00","4.5","","1.8","","83","","16","","19","","24.1","","100.69","","","","","","Cloudy"
"2006-12-25 13:00","2006","12","25","13:00","4.6","","2.0","","83","","17","","19","","24.1","","100.50","","","","","","Cloudy"
"2006-12-25 14:00","2006","12","25","14:00","5.1","","1.7","","79","","15","","9","","24.1","","100.41","","","","","","Cloudy"
"2006-12-25 15:00","2006","12","25","15:00","5.2","","1.8","","79","","11","","6","","24.1","","100.36","","","","","","Cloudy"
"2006-12-25 16:00","2006","12","25","16:00","5.1","","-0.3","","68","","7","","11","","24.1","","100.24","","","","","","Mostly Cloudy"
"2006-12-25 17:00","2006","12","25","17:00","4.1","","0.1","","75","","7","","11","","24.1","","100.17","","","","","","Mostly Cloudy"
"2006-12-25 18:00","2006","12","25","18:00","4.0","","0.5","","78","","7","","9","","24.1","","100.10","","","","","","Cloudy"
"2006-12-25 19:00","2006","12","25","19:00","5.8","","0.5","","69","","16","","26","","24.1","","100.04","","","","","","Cloudy"
"2006-12-25 20:00","2006","12","25","20:00","4.3","","2.3","","87","","16","","24","","19.3","","99.96","","","","","","Rain Showers"
"2006-12-25 21:00","2006","12","25","21:00","4.2","","2.1","","86","","16","","22","","12.9","","99.82","","","","","","Rain Showers"
"2006-12-25 22:00","2006","12","25","22:00","4.1","","3.0","","93","","13","","9","","12.9","","99.69","","","","","","Rain"
"2006-12-25 23:00","2006","12","25","23:00","3.2","","2.5","","95","","4","","7","","12.9","","99.62","","","","","","Rain"
"2006-12-26 00:00","2006","12","26","00:00"
"2006-12-26 01:00","2006","12","26","01:00"
"2006-12-26 02:00","2006","12","26","02:00"
"2006-12-26 03:00","2006","12","26","03:00"
"2006-12-26 04:00","2006","12","26","04:00"
"2006-12-26 05:00","2006","12","26","05:00"
"2006-12-26 06:00","2006","12","26","06:00","1.7","","1.1","","96","","2","","15","","4.8","","98.72","","","","","","Rain,Snow"
"2006-12-26 07:00","2006","12","26","07:00","1.1","","0.5","","96","","1","","11","","8.0","","98.68","","","","","","Rain,Snow"
"2006-12-26 08:00","2006","12","26","08:00","0.5","","-0.1","","96","","36","","11","","1.6","","98.68","","","","","","Snow"
"2006-12-26 09:00","2006","12","26","09:00","0.7","","0.0","","95","","36","","15","","11.3","","98.60","","","","","","Snow"
"2006-12-26 10:00","2006","12","26","10:00","1.0","","0.1","","94","","36","","15","","9.7","","98.61","","","","","","Snow"
"2006-12-26 11:00","2006","12","26","11:00","1.2","","0.3","","94","","35","","17","","6.4","","98.62","","","","","","Snow"
"2006-12-26 12:00","2006","12","26","12:00","1.6","","0.8","","94","","35","","19","","16.1","","98.60","","","","","","Snow"
"2006-12-26 13:00","2006","12","26","13:00","2.1","","1.0","","92","","34","","20","","24.1","","98.60","","","","","","Snow"
"2006-12-26 14:00","2006","12","26","14:00","2.6","","1.0","","89","","35","","19","","24.1","","98.64","","","","","","Cloudy"
"2006-12-26 15:00","2006","12","26","15:00","2.5","","0.9","","89","","33","","13","","24.1","","98.79","","","","","","Cloudy"
"2006-12-26 16:00","2006","12","26","16:00","2.5","","0.7","","88","","32","","20","","24.1","","98.89","","","","","","Cloudy"
"2006-12-26 17:00","2006","12","26","17:00","2.4","","0.2","","85","","33","","19","","24.1","","99.05","","","","","","Cloudy"
"2006-12-26 18:00","2006","12","26","18:00","1.8","","-0.3","","86","","32","","19","","24.1","","99.15","","","","","","Cloudy"
"2006-12-26 19:00","2006","12","26","19:00","1.2","","-1.2","","84","","32","","20","","24.1","","99.21","","","","","","Cloudy"
"2006-12-26 20:00","2006","12","26","20:00","0.4","","-2.0","","84","","34","","19","","24.1","","99.23","","","","","","Cloudy"
"2006-12-26 21:00","2006","12","26","21:00","-0.4","","-3.1","","82","","35","","19","","24.1","","99.29","","","","-6","","Mostly Cloudy"
"2006-12-26 22:00","2006","12","26","22:00","-0.7","","-3.2","","83","","32","","15","","24.1","","99.39","","","","-5","","Mostly Cloudy"
"2006-12-26 23:00","2006","12","26","23:00","-1.2","","-4.5","","78","","34","","17","","24.1","","99.46","","","","-6","","Snow"
"2006-12-27 00:00","2006","12","27","00:00"
"2006-12-27 01:00","2006","12","27","01:00"
"2006-12-27 02:00","2006","12","27","02:00"
"2006-12-27 03:00","2006","12","27","03:00"
"2006-12-27 04:00","2006","12","27","04:00"
"2006-12-27 05:00","2006","12","27","05:00"
"2006-12-27 06:00","2006","12","27","06:00","-6.3","","-10.2","","74","","36","","9","","24.1","","99.88","","","","-11","","Cloudy"
"2006-12-27 07:00","2006","12","27","07:00","-6.6","","-10.0","","77","","32","","9","","24.1","","99.98","","","","-11","","Mostly Cloudy"
"2006-12-27 08:00","2006","12","27","08:00","-6.8","","-10.0","","78","","1","","13","","24.1","","100.03","","","","-12","","Mostly Cloudy"
"2006-12-27 09:00","2006","12","27","09:00","-6.8","","-10.6","","74","","1","","11","","24.1","","100.10","","","","-12","","Mostly Cloudy"
"2006-12-27 10:00","2006","12","27","10:00","-6.7","","-10.5","","74","","33","","4","","24.1","","100.20","","","","-9","","Mostly Cloudy"
"2006-12-27 11:00","2006","12","27","11:00","-5.7","","-10.3","","70","","27","","13","","24.1","","100.17","","","","-11","","Mostly Cloudy"
"2006-12-27 12:00","2006","12","27","12:00","-4.8","","-10.3","","65","","29","","9","","24.1","","100.12","","","","-9","","Mostly Cloudy"
"2006-12-27 13:00","2006","12","27","13:00","-4.4","","-10.1","","64","","28","","9","","24.1","","100.13","","","","-8","","Mostly Cloudy"
"2006-12-27 14:00","2006","12","27","14:00","-4.2","","-9.2","","68","","27","","11","","16.1","","100.15","","","","-9","","Snow Showers"
"2006-12-27 15:00","2006","12","27","15:00","-3.7","","-8.3","","70","","27","","9","","24.1","","100.24","","","","-7","","Mostly Cloudy"
"2006-12-27 16:00","2006","12","27","16:00","-3.1","","-8.2","","68","","24","","7","","24.1","","100.33","","","","-6","","Mostly Cloudy"
"2006-12-27 17:00","2006","12","27","17:00","-3.4","","-6.9","","77","","","","0","","24.1","","100.42","","","","","","Mainly Clear"
"2006-12-27 18:00","2006","12","27","18:00","-2.4","","-5.4","","80","","25","","4","","24.1","","100.50","","","","-4","","Mostly Cloudy"
"2006-12-27 19:00","2006","12","27","19:00","-1.8","","-4.4","","82","","21","","13","","24.1","","100.53","","","","-6","","Snow"
"2006-12-27 20:00","2006","12","27","20:00","-1.1","","-4.0","","81","","22","","9","","24.1","","100.57","","","","-4","","Mostly Cloudy"
"2006-12-27 21:00","2006","12","27","21:00","-0.4","","-3.2","","81","","22","","9","","24.1","","100.60","","","","-4","","Cloudy"
"2006-12-27 22:00","2006","12","27","22:00","0.9","","-2.2","","80","","26","","15","","24.1","","100.65","","","","","","Cloudy"
"2006-12-27 23:00","2006","12","27","23:00","0.1","","-3.1","","79","","26","","6","","24.1","","100.68","","","","","","Mostly Cloudy"
"2006-12-28 00:00","2006","12","28","00:00"
"2006-12-28 01:00","2006","12","28","01:00"
"2006-12-28 02:00","2006","12","28","02:00"
"2006-12-28 03:00","2006","12","28","03:00"
"2006-12-28 04:00","2006","12","28","04:00"
"2006-12-28 05:00","2006","12","28","05:00"
"2006-12-28 06:00","2006","12","28","06:00","1.4","","-1.6","","80","","25","","13","","24.1","","101.06","","","","","","Clear"
"2006-12-28 07:00","2006","12","28","07:00","1.3","","-1.4","","82","","25","","15","","24.1","","101.19","","","","","","Mainly Clear"
"2006-12-28 08:00","2006","12","28","08:00","1.2","","-1.4","","83","","25","","13","","19.3","","101.29","","","","","","Mostly Cloudy"
"2006-12-28 09:00","2006","12","28","09:00","1.7","","-1.4","","80","","26","","13","","19.3","","101.43","","","","","","Mostly Cloudy"
"2006-12-28 10:00","2006","12","28","10:00","2.3","","-2.4","","71","","28","","11","","24.1","","101.54","","","","","","Mostly Cloudy"
"2006-12-28 11:00","2006","12","28","11:00","2.6","","-3.4","","65","","28","","6","","24.1","","101.57","","","","","","Mostly Cloudy"
"2006-12-28 12:00","2006","12","28","12:00","2.9","","-3.9","","61","","31","","11","","24.1","","101.55","","","","","","Mostly Cloudy"
"2006-12-28 13:00","2006","12","28","13:00","3.5","","-4.2","","57","","31","","9","","24.1","","101.54","","","","","","Mostly Cloudy"
"2006-12-28 14:00","2006","12","28","14:00","3.3","","-3.4","","61","","4","","7","","24.1","","101.57","","","","","","Mostly Cloudy"
"2006-12-28 15:00","2006","12","28","15:00","3.0","","-4.0","","60","","2","","7","","24.1","","101.64","","","","","","Mostly Cloudy"
"2006-12-28 16:00","2006","12","28","16:00","1.0","","-4.9","","65","","7","","15","","24.1","","101.75","","","","","","Mostly Cloudy"
"2006-12-28 17:00","2006","12","28","17:00","-0.5","","-5.6","","68","","5","","11","","24.1","","101.86","","","","-4","","Mainly Clear"
"2006-12-28 18:00","2006","12","28","18:00","-1.6","","-6.6","","69","","5","","7","","24.1","","101.97","","","","-4","","Mainly Clear"
"2006-12-28 19:00","2006","12","28","19:00","-2.9","","-7.0","","73","","3","","13","","24.1","","102.03","","","","-8","","Mainly Clear"
"2006-12-28 20:00","2006","12","28","20:00","-3.9","","-7.3","","77","","3","","19","","24.1","","102.14","","","","-10","","Mainly Clear"
"2006-12-28 21:00","2006","12","28","21:00","-4.7","","-8.0","","78","","3","","9","","24.1","","102.21","","","","-9","","Mainly Clear"
"2006-12-28 22:00","2006","12","28","22:00","-5.3","","-8.2","","80","","2","","11","","24.1","","102.28","","","","-10","","Mainly Clear"
"2006-12-28 23:00","2006","12","28","23:00","-5.9","","-8.4","","82","","2","","11","","24.1","","102.33","","","","-11","","Mostly Cloudy"
"2006-12-29 00:00","2006","12","29","00:00"
"2006-12-29 01:00","2006","12","29","01:00"
"2006-12-29 02:00","2006","12","29","02:00"
"2006-12-29 03:00","2006","12","29","03:00"
"2006-12-29 04:00","2006","12","29","04:00"
"2006-12-29 05:00","2006","12","29","05:00"
"2006-12-29 06:00","2006","12","29","06:00","-9.1","","-13.5","","70","","4","","19","","24.1","","102.81","","","","-17","","Clear"
"2006-12-29 07:00","2006","12","29","07:00","-10.1","","-15.0","","67","","2","","19","","24.1","","102.89","","","","-18","","Mainly Clear"
"2006-12-29 08:00","2006","12","29","08:00","-10.7","","-15.7","","67","","3","","17","","24.1","","102.93","","","","-18","","Mainly Clear"
"2006-12-29 09:00","2006","12","29","09:00","-10.4","","-15.3","","67","","3","","13","","24.1","","103.02","","","","-17","","Clear"
"2006-12-29 10:00","2006","12","29","10:00","-9.4","","-14.6","","66","","3","","17","","24.1","","103.10","","","","-16","","Mainly Clear"
"2006-12-29 11:00","2006","12","29","11:00","-7.6","","-14.8","","56","","4","","15","","24.1","","103.09","","","","-14","","Mainly Clear"
"2006-12-29 12:00","2006","12","29","12:00","-6.8","","-15.3","","51","","5","","15","","24.1","","103.02","","","","-13","","Mainly Clear"
"2006-12-29 13:00","2006","12","29","13:00","-5.9","","-14.7","","50","","5","","19","","24.1","","102.95","","","","-13","","Mostly Cloudy"
"2006-12-29 14:00","2006","12","29","14:00","-5.4","","-14.1","","50","","4","","17","","24.1","","102.88","","","","-11","","Mostly Cloudy"
"2006-12-29 15:00","2006","12","29","15:00","-5.2","","-14.3","","49","","4","","17","","24.1","","102.89","","","","-11","","Mostly Cloudy"
"2006-12-29 16:00","2006","12","29","16:00","-5.5","","-13.8","","52","","2","","13","","24.1","","102.91","","","","-11","","Mostly Cloudy"
"2006-12-29 17:00","2006","12","29","17:00","-5.9","","-13.6","","54","","3","","13","","24.1","","102.82","","","","-11","","Mostly Cloudy"
"2006-12-29 18:00","2006","12","29","18:00","-6.3","","-13.9","","55","","3","","13","","24.1","","102.83","","","","-12","","Mostly Cloudy"
"2006-12-29 19:00","2006","12","29","19:00","-6.9","","-13.3","","60","","2","","11","","24.1","","102.83","","","","-12","","Mostly Cloudy"
"2006-12-29 20:00","2006","12","29","20:00","-7.0","","-13.1","","62","","4","","17","","24.1","","102.77","","","","-13","","Cloudy"
"2006-12-29 21:00","2006","12","29","21:00","-7.1","","-13.5","","60","","4","","17","","24.1","","102.68","","","","-14","","Cloudy"
"2006-12-29 22:00","2006","12","29","22:00","-7.3","","-13.2","","63","","4","","17","","24.1","","102.63","","","","-14","","Cloudy"
"2006-12-29 23:00","2006","12","29","23:00","-7.2","","-13.0","","63","","4","","15","","24.1","","102.58","","","","-13","","Cloudy"
"2006-12-30 00:00","2006","12","30","00:00"
"2006-12-30 01:00","2006","12","30","01:00"
"2006-12-30 02:00","2006","12","30","02:00"
"2006-12-30 03:00","2006","12","30","03:00"
"2006-12-30 04:00","2006","12","30","04:00"
"2006-12-30 05:00","2006","12","30","05:00"
"2006-12-30 06:00","2006","12","30","06:00","-5.7","","-9.8","","73","","36","","17","","24.1","","101.87","","","","-12","","Cloudy"
"2006-12-30 07:00","2006","12","30","07:00","-5.3","","-8.9","","76","","36","","13","","19.3","","101.88","","","","-10","","Snow"
"2006-12-30 08:00","2006","12","30","08:00","-5.4","","-7.8","","83","","36","","13","","3.2","","101.85","","","","-11","","Snow"
"2006-12-30 09:00","2006","12","30","09:00","-5.6","","-7.0","","90","","36","","15","","1.6","","101.90","","","","-11","","Snow"
"2006-12-30 10:00","2006","12","30","10:00","-6.1","","-7.4","","90","","36","","20","","1.2","","101.92","","","","-13","","Snow"
"2006-12-30 11:00","2006","12","30","11:00","-5.9","","-7.4","","89","","36","","11","","1.6","","101.92","","","","-11","","Snow"
"2006-12-30 12:00","2006","12","30","12:00","-5.0","","-6.9","","86","","36","","7","","24.1","","101.81","","","","-8","","Mostly Cloudy"
"2006-12-30 13:00","2006","12","30","13:00","-4.3","","-6.5","","85","","32","","9","","24.1","","101.78","","","","-8","","Mainly Clear"
"2006-12-30 14:00","2006","12","30","14:00","-3.1","","-6.3","","79","","34","","6","","24.1","","101.79","","","","-6","","Mainly Clear"
"2006-12-30 15:00","2006","12","30","15:00","-2.3","","-6.1","","75","","34","","7","","24.1","","101.82","","","","-5","","Clear"
"2006-12-30 16:00","2006","12","30","16:00","-1.0","","-5.8","","70","","27","","6","","24.1","","101.88","","","","-3","","Mainly Clear"
"2006-12-30 17:00","2006","12","30","17:00","-2.7","","-5.5","","81","","24","","4","","24.1","","101.91","","","","-4","","Mainly Clear"
"2006-12-30 18:00","2006","12","30","18:00","-2.7","","-4.8","","85","","25","","6","","24.1","","101.99","","","","-5","","Mostly Cloudy"
"2006-12-30 19:00","2006","12","30","19:00","-1.5","","-3.2","","88","","24","","4","","24.1","","102.04","","","","-3","","Mostly Cloudy"
"2006-12-30 20:00","2006","12","30","20:00","-1.2","","-3.6","","84","","23","","4","","24.1","","102.07","","","","-3","","Mostly Cloudy"
"2006-12-30 21:00","2006","12","30","21:00","-2.5","","-4.9","","84","","29","","7","","24.1","","102.08","","","","-5","","Mainly Clear"
"2006-12-30 22:00","2006","12","30","22:00","-6.2","","-7.0","","94","","32","","6","","24.1","","102.04","","","","-9","","Clear"
"2006-12-30 23:00","2006","12","30","23:00","-7.2","","-7.9","","95","","35","","9","","24.1","","102.03","","","","-12","","Clear"
"2006-12-31 00:00","2006","12","31","00:00"
"2006-12-31 01:00","2006","12","31","01:00"
"2006-12-31 02:00","2006","12","31","02:00"
"2006-12-31 03:00","2006","12","31","03:00"
"2006-12-31 04:00","2006","12","31","04:00"
"2006-12-31 05:00","2006","12","31","05:00"
"2006-12-31 06:00","2006","12","31","06:00","-3.2","","-5.6","","83","","12","","4","","24.1","","102.03","","","","-5","","Mostly Cloudy"
"2006-12-31 07:00","2006","12","31","07:00","-2.7","","-5.2","","83","","5","","4","","24.1","","102.04","","","","-4","","Mainly Clear"
"2006-12-31 08:00","2006","12","31","08:00","-3.7","","-5.2","","89","","3","","6","","24.1","","102.02","","","","-6","","Mostly Cloudy"
"2006-12-31 09:00","2006","12","31","09:00","-2.5","","-4.6","","85","","7","","6","","24.1","","102.05","","","","-5","","Mostly Cloudy"
"2006-12-31 10:00","2006","12","31","10:00","-0.9","","-3.8","","81","","11","","11","","24.1","","102.03","","","","-5","","Mostly Cloudy"
"2006-12-31 11:00","2006","12","31","11:00","-0.3","","-3.6","","78","","10","","13","","24.1","","101.96","","","","-4","","Mostly Cloudy"
"2006-12-31 12:00","2006","12","31","12:00","0.3","","-3.5","","76","","10","","13","","24.1","","101.82","","","","","","Mostly Cloudy"
"2006-12-31 13:00","2006","12","31","13:00","0.5","","-3.3","","76","","9","","17","","24.1","","101.71","","","","","","Mostly Cloudy"
"2006-12-31 14:00","2006","12","31","14:00","1.1","","-3.5","","71","","8","","17","","24.1","","101.54","","","","","","Mostly Cloudy"
"2006-12-31 15:00","2006","12","31","15:00","1.7","","-3.2","","70","","9","","17","","24.1","","101.49","","","","","","Mostly Cloudy"
"2006-12-31 16:00","2006","12","31","16:00","0.5","","-3.9","","72","","7","","19","","24.1","","101.33","","","","","","Mostly Cloudy"
"2006-12-31 17:00","2006","12","31","17:00","-0.5","","-4.4","","75","","5","","13","","24.1","","101.22","","","","-5","","Cloudy"
"2006-12-31 18:00","2006","12","31","18:00","-0.7","","-4.3","","77","","6","","17","","24.1","","101.08","","","","-6","","Cloudy"
"2006-12-31 19:00","2006","12","31","19:00","-0.7","","-3.8","","79","","5","","15","","24.1","","100.93","","","","-5","","Cloudy"
"2006-12-31 20:00","2006","12","31","20:00","-0.7","","-4.1","","78","","5","","15","","24.1","","100.73","","","","-5","","Cloudy"
"2006-12-31 21:00","2006","12","31","21:00","-0.6","","-3.7","","80","","5","","15","","24.1","","100.55","","","","-5","","Freezing Rain"
"2006-12-31 22:00","2006","12","31","22:00","-0.1","","-2.2","","86","","5","","17","","16.1","","100.42","","","","-5","","Freezing Rain"
"2006-12-31 23:00","2006","12","31","23:00","1.6","","-0.1","","88","","9","","19","","12.9","","100.26","","","","","","Rain"
