"Station Name","KILLARNEY (AUT)"
"Province","ONTARIO"
"Latitude","45.97"
"Longitude","-81.48"
"Elevation","196.30"
"Climate Identifier","605DJ25"
"WMO Identifier","71460"
"TC Identifier","WBE"
"All times are specified in Local Standard Time (LST). Add 1 hour to adjust for Daylight Saving Time where and when it is observed."

"Legend"
"E","Estimated"
"M","Missing"
"NA","Not Available"

"Date/Time","Year","Month","Day","Time","Temp (°C)","Temp Flag","Dew Point Temp (°C)","Dew Point Temp Flag","Rel Hum (%)","Rel Hum Flag","Wind Dir (10s deg)","Wind Dir Flag","Wind Spd (km/h)","Wind Spd Flag","Visibility (km)","Visibility Flag","Stn Press (kPa)","Stn Press Flag","Hmdx","Hmdx Flag","Wind Chill","Wind Chill Flag","Weather"
"2000-06-01 00:00","2000","06","01","00:00","13.8","","5.4","","57","","25","","13","","15.0","","","M","","","","","NA"
"2000-06-01 01:00","2000","06","01","01:00","12.8","","5.9","","63","","27","","13","","15.0","","","M","","","","","NA"
"2000-06-01 02:00","2000","06","01","02:00","12.2","","6.7","","69","","27","","15","","15.0","","","M","","","","","NA"
"2000-06-01 03:00","2000","06","01","03:00","12.3","","5.0","","61","","28","","13","","15.0","","","M","","","","","NA"
"2000-06-01 04:00","2000","06","01","04:00","12.9","","3.6","","53","","30","","15","","15.0","","","M","","","","","NA"
"2000-06-01 05:00","2000","06","01","05:00","13.5","","3.0","","49","","32","","6","","15.0","","","M","","","","","NA"
"2000-06-01 06:00","2000","06","01","06:00","13.5","","3.9","","52","","25","","2","","15.0","","","M","","","","","NA"
"2000-06-01 07:00","2000","06","01","07:00","14.7","","4.4","","50","","36","","7","","15.0","","","M","","","","","NA"
"2000-06-01 08:00","2000","06","01","08:00","15.1","","4.8","","50","","5","","15","","15.0","","","M","","","","","NA"
"2000-06-01 09:00","2000","06","01","09:00","15.8","","5.4","","50","","4","","9","","15.0","","","M","","","","","NA"
"2000-06-01 10:00","2000","06","01","10:00","13.9","","8.3","","69","","19","","2","","15.0","","","M","","","","","NA"
"2000-06-01 11:00","2000","06","01","11:00","14.6","","7.2","","61","","6","","7","","15.0","","","M","","","","","NA"
"2000-06-01 12:00","2000","06","01","12:00","13.1","","7.6","","69","","17","","7","","15.0","","","M","","","","","NA"
"2000-06-01 13:00","2000","06","01","13:00","14.9","","8.4","","65","","","","0","","15.0","","","M","","","","","NA"
"2000-06-01 14:00","2000","06","01","14:00","14.9","","10.1","","73","","27","","6","","15.0","","","M","","","","","NA"
"2000-06-01 15:00","2000","06","01","15:00","14.2","","9.4","","73","","26","","2","","15.0","","","M","","","","","NA"
"2000-06-01 16:00","2000","06","01","16:00","15.0","","8.9","","67","","5","","4","","15.0","","","M","","","","","NA"
"2000-06-01 17:00","2000","06","01","17:00","15.2","","6.2","","55","","9","","6","","15.0","","","M","","","","","NA"
"2000-06-01 18:00","2000","06","01","18:00","14.6","","5.9","","56","","5","","7","","15.0","","","M","","","","","NA"
"2000-06-01 19:00","2000","06","01","19:00","14.9","","7.0","","59","","5","","7","","15.0","","","M","","","","","NA"
"2000-06-01 20:00","2000","06","01","20:00","14.7","","8.7","","67","","5","","11","","15.0","","","M","","","","","NA"
"2000-06-01 21:00","2000","06","01","21:00","14.4","","9.4","","72","","5","","15","","15.0","","","M","","","","","NA"
"2000-06-01 22:00","2000","06","01","22:00","13.9","","10.5","","80","","5","","15","","15.0","","","M","","","","","NA"
"2000-06-01 23:00","2000","06","01","23:00","13.1","","11.2","","88","","9","","17","","15.0","","","M","","","","","NA"
"2000-06-02 00:00","2000","06","02","00:00","11.6","","9.5","","87","","10","","17","","15.0","","","M","","","","","NA"
"2000-06-02 01:00","2000","06","02","01:00","12.1","","9.5","","84","","9","","28","","15.0","","","M","","","","","NA"
"2000-06-02 02:00","2000","06","02","02:00","12.1","","9.1","","82","","9","","24","","15.0","","","M","","","","","NA"
"2000-06-02 03:00","2000","06","02","03:00","10.8","","9.6","","92","","9","","22","","15.0","","","M","","","","","NA"
"2000-06-02 04:00","2000","06","02","04:00","10.3","","9.4","","94","","10","","15","","15.0","","","M","","","","","NA"
"2000-06-02 05:00","2000","06","02","05:00","10.0","","9.1","","94","","11","","6","","8.0","","","M","","","","","NA"
"2000-06-02 06:00","2000","06","02","06:00","10.2","","9.3","","94","","9","","4","","5.6","","","M","","","","","NA"
"2000-06-02 07:00","2000","06","02","07:00","14.1","","13.2","","94","","20","","13","","15.0","","","M","","","","","NA"
"2000-06-02 08:00","2000","06","02","08:00","13.1","","11.3","","89","","24","","37","","15.0","","","M","","","","","NA"
"2000-06-02 09:00","2000","06","02","09:00","12.5","","9.7","","83","","25","","41","","15.0","","","M","","","","","NA"
"2000-06-02 10:00","2000","06","02","10:00","13.1","","9.4","","78","","24","","35","","15.0","","","M","","","","","NA"
"2000-06-02 11:00","2000","06","02","11:00","12.6","","8.3","","75","","25","","30","","15.0","","","M","","","","","NA"
"2000-06-02 12:00","2000","06","02","12:00","12.6","","8.5","","76","","25","","33","","15.0","","","M","","","","","NA"
"2000-06-02 13:00","2000","06","02","13:00","13.5","","8.2","","70","","26","","39","","15.0","","","M","","","","","NA"
"2000-06-02 14:00","2000","06","02","14:00","14.2","","8.8","","70","","27","","22","","15.0","","","M","","","","","NA"
"2000-06-02 15:00","2000","06","02","15:00","14.0","","4.9","","54","","30","","22","","15.0","","","M","","","","","NA"
"2000-06-02 16:00","2000","06","02","16:00","13.3","","3.7","","52","","31","","20","","15.0","","","M","","","","","NA"
"2000-06-02 17:00","2000","06","02","17:00","12.2","","2.9","","53","","31","","22","","15.0","","","M","","","","","NA"
"2000-06-02 18:00","2000","06","02","18:00","11.5","","3.3","","57","","31","","24","","15.0","","","M","","","","","NA"
"2000-06-02 19:00","2000","06","02","19:00","10.8","","2.9","","58","","32","","17","","15.0","","","M","","","","","NA"
"2000-06-02 20:00","2000","06","02","20:00","10.3","","2.9","","60","","31","","17","","15.0","","","M","","","","","NA"
"2000-06-02 21:00","2000","06","02","21:00","10.1","","3.2","","62","","31","","13","","15.0","","","M","","","","","NA"
"2000-06-02 22:00","2000","06","02","22:00","9.7","","3.7","","66","","30","","13","","15.0","","","M","","","","","NA"
"2000-06-02 23:00","2000","06","02","23:00","8.9","","4.3","","73","","29","","15","","15.0","","","M","","","","","NA"
"2000-06-03 00:00","2000","06","03","00:00","9.0","","4.8","","75","","28","","19","","15.0","","","M","","","","","NA"
"2000-06-03 01:00","2000","06","03","01:00","8.6","","5.0","","78","","28","","15","","15.0","","","M","","","","","NA"
"2000-06-03 02:00","2000","06","03","02:00","8.7","","5.5","","80","","27","","13","","15.0","","","M","","","","","NA"
"2000-06-03 03:00","2000","06","03","03:00","8.5","","5.6","","82","","28","","19","","15.0","","","M","","","","","NA"
"2000-06-03 04:00","2000","06","03","04:00","8.5","","5.8","","83","","28","","17","","15.0","","","M","","","","","NA"
"2000-06-03 05:00","2000","06","03","05:00","8.7","","4.9","","77","","28","","13","","15.0","","","M","","","","","NA"
"2000-06-03 06:00","2000","06","03","06:00","9.7","","3.9","","67","","27","","11","","15.0","","","M","","","","","NA"
"2000-06-03 07:00","2000","06","03","07:00","10.3","","4.0","","65","","25","","17","","15.0","","","M","","","","","NA"
"2000-06-03 08:00","2000","06","03","08:00","11.6","","3.9","","59","","27","","17","","15.0","","","M","","","","","NA"
"2000-06-03 09:00","2000","06","03","09:00","12.8","","3.7","","54","","27","","19","","15.0","","","M","","","","","NA"
"2000-06-03 10:00","2000","06","03","10:00","14.2","","2.5","","45","","23","","22","","15.0","","","M","","","","","NA"
"2000-06-03 11:00","2000","06","03","11:00","15.5","","0.9","","37","","24","","24","","15.0","","","M","","","","","NA"
"2000-06-03 12:00","2000","06","03","12:00","16.8","","0.5","","33","","25","","30","","15.0","","","M","","","","","NA"
"2000-06-03 13:00","2000","06","03","13:00","16.3","","0.4","","34","","26","","33","","15.0","","","M","","","","","NA"
"2000-06-03 14:00","2000","06","03","14:00","16.8","","0.5","","33","","26","","35","","15.0","","","M","","","","","NA"
"2000-06-03 15:00","2000","06","03","15:00","17.0","","2.2","","37","","23","","28","","15.0","","","M","","","","","NA"
"2000-06-03 16:00","2000","06","03","16:00","16.7","","2.7","","39","","23","","26","","15.0","","","M","","","","","NA"
"2000-06-03 17:00","2000","06","03","17:00","17.0","","3.0","","39","","23","","26","","15.0","","","M","","","","","NA"
"2000-06-03 18:00","2000","06","03","18:00","17.4","","1.8","","35","","25","","28","","15.0","","","M","","","","","NA"
"2000-06-03 19:00","2000","06","03","19:00","16.4","","2.4","","39","","23","","15","","15.0","","","M","","","","","NA"
"2000-06-03 20:00","2000","06","03","20:00","15.5","","2.3","","41","","31","","13","","15.0","","","M","","","","","NA"
"2000-06-03 21:00","2000","06","03","21:00","12.9","","4.9","","58","","9","","9","","15.0","","","M","","","","","NA"
"2000-06-03 22:00","2000","06","03","22:00","11.7","","6.6","","71","","9","","4","","15.0","","","M","","","","","NA"
"2000-06-03 23:00","2000","06","03","23:00","11.1","","7.2","","77","","1","","4","","15.0","","","M","","","","","NA"
"2000-06-04 00:00","2000","06","04","00:00","10.4","","7.5","","82","","31","","2","","15.0","","","M","","","","","NA"
"2000-06-04 01:00","2000","06","04","01:00","10.6","","7.8","","83","","23","","4","","15.0","","","M","","","","","NA"
"2000-06-04 02:00","2000","06","04","02:00","10.0","","6.4","","78","","25","","9","","15.0","","","M","","","","","NA"
"2000-06-04 03:00","2000","06","04","03:00","10.3","","6.3","","76","","28","","9","","15.0","","","M","","","","","NA"
"2000-06-04 04:00","2000","06","04","04:00","10.7","","5.9","","72","","17","","7","","15.0","","","M","","","","","NA"
"2000-06-04 05:00","2000","06","04","05:00","10.6","","5.6","","71","","33","","7","","15.0","","","M","","","","","NA"
"2000-06-04 06:00","2000","06","04","06:00","10.5","","7.7","","83","","1","","6","","15.0","","","M","","","","","NA"
"2000-06-04 07:00","2000","06","04","07:00","11.0","","4.0","","62","","4","","15","","15.0","","","M","","","","","NA"
"2000-06-04 08:00","2000","06","04","08:00","10.6","","4.5","","66","","4","","20","","15.0","","","M","","","","","NA"
"2000-06-04 09:00","2000","06","04","09:00","10.9","","4.2","","63","","5","","20","","15.0","","","M","","","","","NA"
"2000-06-04 10:00","2000","06","04","10:00","11.8","","4.1","","59","","6","","20","","15.0","","","M","","","","","NA"
"2000-06-04 11:00","2000","06","04","11:00","14.8","","3.3","","46","","3","","9","","15.0","","","M","","","","","NA"
"2000-06-04 12:00","2000","06","04","12:00","11.0","","6.0","","71","","18","","11","","15.0","","","M","","","","","NA"
"2000-06-04 13:00","2000","06","04","13:00","15.6","","2.1","","40","","36","","11","","15.0","","","M","","","","","NA"
"2000-06-04 14:00","2000","06","04","14:00","16.2","","1.5","","37","","1","","13","","15.0","","","M","","","","","NA"
"2000-06-04 15:00","2000","06","04","15:00","11.8","","6.7","","71","","14","","20","","15.0","","","M","","","","","NA"
"2000-06-04 16:00","2000","06","04","16:00","11.6","","6.9","","73","","19","","13","","15.0","","","M","","","","","NA"
"2000-06-04 17:00","2000","06","04","17:00","11.6","","6.7","","72","","18","","11","","15.0","","","M","","","","","NA"
"2000-06-04 18:00","2000","06","04","18:00","12.9","","4.6","","57","","19","","9","","15.0","","","M","","","","","NA"
"2000-06-04 19:00","2000","06","04","19:00","13.7","","3.5","","50","","22","","6","","15.0","","","M","","","","","NA"
"2000-06-04 20:00","2000","06","04","20:00","12.7","","3.9","","55","","28","","6","","15.0","","","M","","","","","NA"
"2000-06-04 21:00","2000","06","04","21:00","12.4","","2.8","","52","","32","","6","","15.0","","","M","","","","","NA"
"2000-06-04 22:00","2000","06","04","22:00","12.3","","2.5","","51","","34","","7","","15.0","","","M","","","","","NA"
"2000-06-04 23:00","2000","06","04","23:00","11.3","","2.6","","55","","8","","2","","15.0","","","M","","","","","NA"
"2000-06-05 00:00","2000","06","05","00:00","11.8","","2.0","","51","","4","","7","","15.0","","","M","","","","","NA"
"2000-06-05 01:00","2000","06","05","01:00","11.0","","1.3","","51","","2","","11","","15.0","","","M","","","","","NA"
"2000-06-05 02:00","2000","06","05","02:00","10.8","","1.4","","52","","3","","11","","15.0","","","M","","","","","NA"
"2000-06-05 03:00","2000","06","05","03:00","9.9","","1.3","","55","","2","","11","","15.0","","","M","","","","","NA"
"2000-06-05 04:00","2000","06","05","04:00","9.9","","1.6","","56","","3","","9","","15.0","","","M","","","","","NA"
"2000-06-05 05:00","2000","06","05","05:00","9.8","","1.9","","58","","3","","9","","15.0","","","M","","","","","NA"
"2000-06-05 06:00","2000","06","05","06:00","10.2","","2.3","","58","","2","","7","","15.0","","","M","","","","","NA"
"2000-06-05 07:00","2000","06","05","07:00","11.9","","1.8","","50","","5","","11","","15.0","","","M","","","","","NA"
"2000-06-05 08:00","2000","06","05","08:00","12.3","","3.5","","55","","5","","13","","15.0","","","M","","","","","NA"
"2000-06-05 09:00","2000","06","05","09:00","12.3","","3.5","","55","","9","","13","","15.0","","","M","","","","","NA"
"2000-06-05 10:00","2000","06","05","10:00","13.5","","2.1","","46","","9","","11","","15.0","","","M","","","","","NA"
"2000-06-05 11:00","2000","06","05","11:00","12.5","","3.7","","55","","14","","9","","15.0","","","M","","","","","NA"
"2000-06-05 12:00","2000","06","05","12:00","13.2","","2.2","","47","","14","","19","","15.0","","","M","","","","","NA"
"2000-06-05 13:00","2000","06","05","13:00","13.0","","1.7","","46","","18","","15","","15.0","","","M","","","","","NA"
"2000-06-05 14:00","2000","06","05","14:00","13.1","","2.4","","48","","18","","20","","15.0","","","M","","","","","NA"
"2000-06-05 15:00","2000","06","05","15:00","14.4","","-0.9","","35","","19","","19","","15.0","","","M","","","","","NA"
"2000-06-05 16:00","2000","06","05","16:00","15.1","","-2.9","","29","","18","","17","","15.0","","","M","","","","","NA"
"2000-06-05 17:00","2000","06","05","17:00","15.1","","-3.4","","28","","18","","17","","15.0","","","M","","","","","NA"
"2000-06-05 18:00","2000","06","05","18:00","15.8","","-3.2","","27","","18","","13","","15.0","","","M","","","","","NA"
"2000-06-05 19:00","2000","06","05","19:00","15.1","","-3.4","","28","","18","","11","","15.0","","","M","","","","","NA"
"2000-06-05 20:00","2000","06","05","20:00","14.6","","-2.9","","30","","23","","2","","15.0","","","M","","","","","NA"
"2000-06-05 21:00","2000","06","05","21:00","12.7","","1.4","","46","","28","","7","","15.0","","","M","","","","","NA"
"2000-06-05 22:00","2000","06","05","22:00","11.6","","5.5","","66","","27","","13","","15.0","","","M","","","","","NA"
"2000-06-05 23:00","2000","06","05","23:00","11.7","","4.7","","62","","28","","13","","15.0","","","M","","","","","NA"
"2000-06-06 00:00","2000","06","06","00:00","12.2","","5.2","","62","","30","","15","","15.0","","","M","","","","","NA"
"2000-06-06 01:00","2000","06","06","01:00","11.5","","4.9","","64","","29","","17","","15.0","","","M","","","","","NA"
"2000-06-06 02:00","2000","06","06","02:00","11.2","","3.5","","59","","30","","9","","15.0","","","M","","","","","NA"
"2000-06-06 03:00","2000","06","06","03:00","11.5","","2.3","","53","","31","","9","","15.0","","","M","","","","","NA"
"2000-06-06 04:00","2000","06","06","04:00","10.8","","2.1","","55","","30","","9","","15.0","","","M","","","","","NA"
"2000-06-06 05:00","2000","06","06","05:00","10.6","","3.2","","60","","27","","9","","15.0","","","M","","","","","NA"
"2000-06-06 06:00","2000","06","06","06:00","12.3","","1.9","","49","","32","","9","","15.0","","","M","","","","","NA"
"2000-06-06 07:00","2000","06","06","07:00","12.5","","0.9","","45","","10","","7","","15.0","","","M","","","","","NA"
"2000-06-06 08:00","2000","06","06","08:00","12.2","","-0.1","","43","","17","","7","","15.0","","","M","","","","","NA"
"2000-06-06 09:00","2000","06","06","09:00","12.9","","0.3","","42","","18","","11","","15.0","","","M","","","","","NA"
"2000-06-06 10:00","2000","06","06","10:00","16.2","","1.9","","38","","26","","13","","15.0","","","M","","","","","NA"
"2000-06-06 11:00","2000","06","06","11:00","17.4","","1.8","","35","","23","","19","","15.0","","","M","","","","","NA"
"2000-06-06 12:00","2000","06","06","12:00","18.3","","-0.1","","29","","26","","24","","15.0","","","M","","","","","NA"
"2000-06-06 13:00","2000","06","06","13:00","17.7","","-1.6","","27","","25","","24","","15.0","","","M","","","","","NA"
"2000-06-06 14:00","2000","06","06","14:00","18.3","","-3.3","","23","","27","","22","","15.0","","","M","","","","","NA"
"2000-06-06 15:00","2000","06","06","15:00","18.7","","-1.3","","26","","24","","22","","15.0","","","M","","","","","NA"
"2000-06-06 16:00","2000","06","06","16:00","19.1","","0.2","","28","","23","","19","","15.0","","","M","","","","","NA"
"2000-06-06 17:00","2000","06","06","17:00","15.3","","3.5","","45","","22","","15","","15.0","","","M","","","","","NA"
"2000-06-06 18:00","2000","06","06","18:00","17.6","","4.6","","42","","27","","33","","15.0","","","M","","","","","NA"
"2000-06-06 19:00","2000","06","06","19:00","18.1","","7.2","","49","","31","","9","","15.0","","","M","","","","","NA"
"2000-06-06 20:00","2000","06","06","20:00","16.1","","8.1","","59","","28","","11","","15.0","","","M","","","","","NA"
"2000-06-06 21:00","2000","06","06","21:00","15.2","","9.6","","69","","29","","13","","15.0","","","M","","","","","NA"
"2000-06-06 22:00","2000","06","06","22:00","14.8","","10.2","","74","","28","","13","","15.0","","","M","","","","","NA"
"2000-06-06 23:00","2000","06","06","23:00","14.4","","10.6","","78","","28","","9","","15.0","","","M","","","","","NA"
"2000-06-07 00:00","2000","06","07","00:00","13.6","","11.3","","86","","29","","13","","15.0","","","M","","","","","NA"
"2000-06-07 01:00","2000","06","07","01:00","13.1","","11.0","","87","","31","","7","","15.0","","","M","","","","","NA"
"2000-06-07 02:00","2000","06","07","02:00","12.1","","10.0","","87","","12","","4","","15.0","","","M","","","","","NA"
"2000-06-07 03:00","2000","06","07","03:00","11.7","","9.1","","84","","9","","2","","15.0","","","M","","","","","NA"
"2000-06-07 04:00","2000","06","07","04:00","11.4","","7.9","","79","","3","","6","","15.0","","","M","","","","","NA"
"2000-06-07 05:00","2000","06","07","05:00","10.8","","8.2","","84","","2","","6","","15.0","","","M","","","","","NA"
"2000-06-07 06:00","2000","06","07","06:00","11.3","","8.2","","81","","4","","9","","15.0","","","M","","","","","NA"
"2000-06-07 07:00","2000","06","07","07:00","10.9","","4.8","","66","","4","","19","","15.0","","","M","","","","","NA"
"2000-06-07 08:00","2000","06","07","08:00","10.9","","5.5","","69","","5","","15","","15.0","","","M","","","","","NA"
"2000-06-07 09:00","2000","06","07","09:00","11.5","","5.4","","66","","5","","13","","15.0","","","M","","","","","NA"
"2000-06-07 10:00","2000","06","07","10:00","11.7","","5.1","","64","","13","","11","","15.0","","","M","","","","","NA"
"2000-06-07 11:00","2000","06","07","11:00","11.6","","6.3","","70","","14","","15","","15.0","","","M","","","","","NA"
"2000-06-07 12:00","2000","06","07","12:00","11.7","","6.2","","69","","14","","13","","15.0","","","M","","","","","NA"
"2000-06-07 13:00","2000","06","07","13:00","11.9","","6.8","","71","","14","","15","","15.0","","","M","","","","","NA"
"2000-06-07 14:00","2000","06","07","14:00","12.2","","6.7","","69","","14","","13","","15.0","","","M","","","","","NA"
"2000-06-07 15:00","2000","06","07","15:00","12.4","","6.2","","66","","14","","7","","15.0","","","M","","","","","NA"
"2000-06-07 16:00","2000","06","07","16:00","13.3","","6.7","","64","","9","","4","","15.0","","","M","","","","","NA"
"2000-06-07 17:00","2000","06","07","17:00","13.1","","6.9","","66","","9","","6","","15.0","","","M","","","","","NA"
"2000-06-07 18:00","2000","06","07","18:00","12.5","","8.0","","74","","13","","4","","15.0","","","M","","","","","NA"
"2000-06-07 19:00","2000","06","07","19:00","12.1","","8.0","","76","","6","","4","","15.0","","","M","","","","","NA"
"2000-06-07 20:00","2000","06","07","20:00","12.3","","7.8","","74","","10","","2","","15.0","","","M","","","","","NA"
"2000-06-07 21:00","2000","06","07","21:00","12.3","","8.0","","75","","13","","2","","15.0","","","M","","","","","NA"
"2000-06-07 22:00","2000","06","07","22:00","12.3","","8.0","","75","","4","","2","","15.0","","","M","","","","","NA"
"2000-06-07 23:00","2000","06","07","23:00","12.3","","8.0","","75","","6","","7","","15.0","","","M","","","","","NA"
"2000-06-08 00:00","2000","06","08","00:00","12.2","","7.9","","75","","4","","7","","15.0","","","M","","","","","NA"
"2000-06-08 01:00","2000","06","08","01:00","12.3","","9.0","","80","","8","","9","","15.0","","","M","","","","","NA"
"2000-06-08 02:00","2000","06","08","02:00","11.6","","9.4","","86","","17","","7","","15.0","","","M","","","","","NA"
"2000-06-08 03:00","2000","06","08","03:00","11.6","","9.7","","88","","18","","4","","15.0","","","M","","","","","NA"
"2000-06-08 04:00","2000","06","08","04:00","12.3","","10.4","","88","","22","","6","","15.0","","","M","","","","","NA"
"2000-06-08 05:00","2000","06","08","05:00","14.0","","10.2","","78","","22","","13","","15.0","","","M","","","","","NA"
"2000-06-08 06:00","2000","06","08","06:00","13.4","","10.4","","82","","10","","2","","15.0","","","M","","","","","NA"
"2000-06-08 07:00","2000","06","08","07:00","13.3","","10.1","","81","","11","","7","","15.0","","","M","","","","","NA"
"2000-06-08 08:00","2000","06","08","08:00","14.5","","8.9","","69","","19","","26","","15.0","","","M","","","","","NA"
"2000-06-08 09:00","2000","06","08","09:00","16.5","","8.5","","59","","23","","28","","15.0","","","M","","","","","NA"
"2000-06-08 10:00","2000","06","08","10:00","16.6","","9.5","","63","","18","","26","","15.0","","","M","","","","","NA"
"2000-06-08 11:00","2000","06","08","11:00","18.9","","9.7","","55","","23","","20","","15.0","","","M","","","","","NA"
"2000-06-08 12:00","2000","06","08","12:00","19.8","","10.0","","53","","24","","19","","15.0","","","M","","","","","NA"
"2000-06-08 13:00","2000","06","08","13:00","20.8","","10.3","","51","","24","","22","","15.0","","","M","","","","","NA"
"2000-06-08 14:00","2000","06","08","14:00","21.0","","11.4","","54","","26","","35","","15.0","","","M","","","","","NA"
"2000-06-08 15:00","2000","06","08","15:00","21.4","","12.0","","55","","27","","41","","15.0","","","M","","","","","NA"
"2000-06-08 16:00","2000","06","08","16:00","21.7","","12.0","","54","","24","","32","","15.0","","","M","","","","","NA"
"2000-06-08 17:00","2000","06","08","17:00","22.3","","12.0","","52","","26","","37","","15.0","","","M","25","","","","NA"
"2000-06-08 18:00","2000","06","08","18:00","22.1","","11.2","","50","","26","","41","","15.0","","","M","","","","","NA"
"2000-06-08 19:00","2000","06","08","19:00","21.0","","11.1","","53","","25","","28","","15.0","","","M","","","","","NA"
"2000-06-08 20:00","2000","06","08","20:00","19.6","","10.9","","57","","25","","28","","15.0","","","M","","","","","NA"
"2000-06-08 21:00","2000","06","08","21:00","18.2","","11.5","","65","","26","","26","","15.0","","","M","","","","","NA"
"2000-06-08 22:00","2000","06","08","22:00","18.7","","11.8","","64","","27","","19","","15.0","","","M","","","","","NA"
"2000-06-08 23:00","2000","06","08","23:00","16.7","","10.1","","65","","1","","11","","15.0","","","M","","","","","NA"
"2000-06-09 00:00","2000","06","09","00:00","15.2","","9.8","","70","","36","","17","","15.0","","","M","","","","","NA"
"2000-06-09 01:00","2000","06","09","01:00","13.8","","7.8","","67","","2","","17","","15.0","","","M","","","","","NA"
"2000-06-09 02:00","2000","06","09","02:00","11.9","","9.3","","84","","4","","13","","15.0","","","M","","","","","NA"
"2000-06-09 03:00","2000","06","09","03:00","10.5","","9.3","","92","","34","","11","","11.3","","","M","","","","","NA"
"2000-06-09 04:00","2000","06","09","04:00","10.5","","9.1","","91","","4","","17","","15.0","","","M","","","","","NA"
"2000-06-09 05:00","2000","06","09","05:00","10.7","","8.6","","87","","4","","11","","15.0","","","M","","","","","NA"
"2000-06-09 06:00","2000","06","09","06:00","10.3","","7.7","","84","","3","","11","","15.0","","","M","","","","","NA"
"2000-06-09 07:00","2000","06","09","07:00","10.5","","7.7","","83","","5","","17","","15.0","","","M","","","","","NA"
"2000-06-09 08:00","2000","06","09","08:00","10.3","","7.6","","83","","4","","15","","15.0","","","M","","","","","NA"
"2000-06-09 09:00","2000","06","09","09:00","10.1","","6.8","","80","","4","","15","","15.0","","","M","","","","","NA"
"2000-06-09 10:00","2000","06","09","10:00","10.6","","6.6","","76","","3","","11","","15.0","","","M","","","","","NA"
"2000-06-09 11:00","2000","06","09","11:00","10.9","","6.9","","76","","20","","6","","15.0","","","M","","","","","NA"
"2000-06-09 12:00","2000","06","09","12:00","11.5","","7.8","","78","","5","","41","","15.0","","","M","","","","","NA"
"2000-06-09 13:00","2000","06","09","13:00","13.0","","6.4","","64","","10","","9","","15.0","","","M","","","","","NA"
"2000-06-09 14:00","2000","06","09","14:00","11.7","","7.4","","75","","18","","11","","15.0","","","M","","","","","NA"
"2000-06-09 15:00","2000","06","09","15:00","12.0","","7.1","","72","","14","","6","","15.0","","","M","","","","","NA"
"2000-06-09 16:00","2000","06","09","16:00","11.9","","8.2","","78","","12","","11","","15.0","","","M","","","","","NA"
"2000-06-09 17:00","2000","06","09","17:00","12.3","","8.2","","76","","5","","7","","15.0","","","M","","","","","NA"
"2000-06-09 18:00","2000","06","09","18:00","12.7","","8.6","","76","","5","","4","","15.0","","","M","","","","","NA"
"2000-06-09 19:00","2000","06","09","19:00","12.5","","9.2","","80","","5","","7","","15.0","","","M","","","","","NA"
"2000-06-09 20:00","2000","06","09","20:00","13.1","","9.4","","78","","3","","2","","15.0","","","M","","","","","NA"
"2000-06-09 21:00","2000","06","09","21:00","13.4","","8.7","","73","","14","","2","","15.0","","","M","","","","","NA"
"2000-06-09 22:00","2000","06","09","22:00","13.3","","8.8","","74","","5","","4","","15.0","","","M","","","","","NA"
"2000-06-09 23:00","2000","06","09","23:00","13.0","","9.1","","77","","11","","4","","15.0","","","M","","","","","NA"
"2000-06-10 00:00","2000","06","10","00:00","13.3","","9.6","","78","","9","","7","","15.0","","","M","","","","","NA"
"2000-06-10 01:00","2000","06","10","01:00","13.3","","9.7","","79","","9","","6","","15.0","","","M","","","","","NA"
"2000-06-10 02:00","2000","06","10","02:00","13.6","","10.8","","83","","5","","11","","15.0","","","M","","","","","NA"
"2000-06-10 03:00","2000","06","10","03:00","13.4","","11.3","","87","","7","","11","","15.0","","","M","","","","","NA"
"2000-06-10 04:00","2000","06","10","04:00","12.7","","11.9","","95","","9","","11","","1.6","","","M","","","","","NA"
"2000-06-10 05:00","2000","06","10","05:00","12.8","","12.0","","95","","4","","9","","0.0","","","M","","","","","NA"
"2000-06-10 06:00","2000","06","10","06:00","13.8","","13.0","","95","","2","","9","","0.6","","","M","","","","","NA"
"2000-06-10 07:00","2000","06","10","07:00","13.7","","12.9","","95","","3","","11","","8.0","","","M","","","","","NA"
"2000-06-10 08:00","2000","06","10","08:00","13.6","","12.7","","94","","5","","11","","15.0","","","M","","","","","NA"
"2000-06-10 09:00","2000","06","10","09:00","13.7","","12.1","","90","","7","","9","","15.0","","","M","","","","","NA"
"2000-06-10 10:00","2000","06","10","10:00","14.1","","12.5","","90","","9","","15","","12.9","","","M","","","","","NA"
"2000-06-10 11:00","2000","06","10","11:00","12.9","","11.3","","90","","11","","6","","0.0","","","M","","","","","NA"
"2000-06-10 12:00","2000","06","10","12:00","13.2","","11.4","","89","","9","","13","","3.2","","","M","","","","","NA"
"2000-06-10 13:00","2000","06","10","13:00","13.5","","8.8","","73","","16","","4","","11.3","","","M","","","","","NA"
"2000-06-10 14:00","2000","06","10","14:00","15.7","","10.0","","69","","11","","4","","12.9","","","M","","","","","NA"
"2000-06-10 15:00","2000","06","10","15:00","14.6","","12.5","","87","","4","","9","","15.0","","","M","","","","","NA"
"2000-06-10 16:00","2000","06","10","16:00","14.3","","12.7","","90","","9","","17","","12.9","","","M","","","","","NA"
"2000-06-10 17:00","2000","06","10","17:00","13.6","","12.2","","91","","4","","6","","15.0","","","M","","","","","NA"
"2000-06-10 18:00","2000","06","10","18:00","14.1","","12.2","","88","","2","","32","","15.0","","","M","","","","","NA"
"2000-06-10 19:00","2000","06","10","19:00","12.6","","11.3","","92","","1","","17","","15.0","","","M","","","","","NA"
"2000-06-10 20:00","2000","06","10","20:00","11.4","","10.0","","91","","2","","28","","15.0","","","M","","","","","NA"
"2000-06-10 21:00","2000","06","10","21:00","","M","","M","","M","","M","","M","","M","","M","","","","","NA"
"2000-06-10 22:00","2000","06","10","22:00","10.6","","9.5","","93","","2","","24","","15.0","","","M","","","","","NA"
"2000-06-10 23:00","2000","06","10","23:00","10.5","","8.9","","90","","3","","24","","15.0","","","M","","","","","NA"
"2000-06-11 00:00","2000","06","11","00:00","9.8","","8.6","","92","","1","","15","","15.0","","","M","","","","","NA"
"2000-06-11 01:00","2000","06","11","01:00","9.7","","8.5","","92","","1","","17","","15.0","","","M","","","","","NA"
"2000-06-11 02:00","2000","06","11","02:00","9.5","","8.3","","92","","36","","13","","15.0","","","M","","","","","NA"
"2000-06-11 03:00","2000","06","11","03:00","9.4","","8.2","","92","","1","","11","","15.0","","","M","","","","","NA"
"2000-06-11 04:00","2000","06","11","04:00","8.9","","7.4","","90","","36","","15","","15.0","","","M","","","","","NA"
"2000-06-11 05:00","2000","06","11","05:00","8.7","","6.3","","85","","1","","24","","15.0","","","M","","","","","NA"
"2000-06-11 06:00","2000","06","11","06:00","8.4","","5.7","","83","","1","","20","","15.0","","","M","","","","","NA"
"2000-06-11 07:00","2000","06","11","07:00","8.2","","5.5","","83","","1","","17","","15.0","","","M","","","","","NA"
"2000-06-11 08:00","2000","06","11","08:00","8.3","","5.2","","81","","1","","19","","15.0","","","M","","","","","NA"
"2000-06-11 09:00","2000","06","11","09:00","8.5","","5.4","","81","","2","","20","","15.0","","","M","","","","","NA"
"2000-06-11 10:00","2000","06","11","10:00","8.9","","5.3","","78","","2","","24","","15.0","","","M","","","","","NA"
"2000-06-11 11:00","2000","06","11","11:00","9.5","","5.5","","76","","1","","17","","15.0","","","M","","","","","NA"
"2000-06-11 12:00","2000","06","11","12:00","9.9","","5.7","","75","","2","","22","","15.0","","","M","","","","","NA"
"2000-06-11 13:00","2000","06","11","13:00","10.7","","5.9","","72","","2","","17","","15.0","","","M","","","","","NA"
"2000-06-11 14:00","2000","06","11","14:00","11.8","","6.1","","68","","1","","13","","15.0","","","M","","","","","NA"
"2000-06-11 15:00","2000","06","11","15:00","12.3","","5.7","","64","","2","","22","","15.0","","","M","","","","","NA"
"2000-06-11 16:00","2000","06","11","16:00","12.3","","5.9","","65","","1","","19","","15.0","","","M","","","","","NA"
"2000-06-11 17:00","2000","06","11","17:00","12.5","","6.1","","65","","1","","9","","15.0","","","M","","","","","NA"
"2000-06-11 18:00","2000","06","11","18:00","11.9","","6.0","","67","","1","","13","","15.0","","","M","","","","","NA"
"2000-06-11 19:00","2000","06","11","19:00","11.9","","6.2","","68","","1","","11","","15.0","","","M","","","","","NA"
"2000-06-11 20:00","2000","06","11","20:00","11.8","","6.1","","68","","1","","13","","15.0","","","M","","","","","NA"
"2000-06-11 21:00","2000","06","11","21:00","11.8","","6.3","","69","","1","","9","","15.0","","","M","","","","","NA"
"2000-06-11 22:00","2000","06","11","22:00","11.9","","6.2","","68","","36","","7","","15.0","","","M","","","","","NA"
"2000-06-11 23:00","2000","06","11","23:00","11.9","","6.4","","69","","1","","7","","15.0","","","M","","","","","NA"
"2000-06-12 00:00","2000","06","12","00:00","11.9","","6.6","","70","","36","","9","","15.0","","","M","","","","","NA"
"2000-06-12 01:00","2000","06","12","01:00","11.8","","6.7","","71","","2","","7","","15.0","","","M","","","","","NA"
"2000-06-12 02:00","2000","06","12","02:00","11.4","","6.5","","72","","32","","4","","15.0","","","M","","","","","NA"
"2000-06-12 03:00","2000","06","12","03:00","11.4","","7.1","","75","","33","","4","","15.0","","","M","","","","","NA"
"2000-06-12 04:00","2000","06","12","04:00","11.6","","6.7","","72","","34","","6","","15.0","","","M","","","","","NA"
"2000-06-12 05:00","2000","06","12","05:00","11.7","","4.9","","63","","1","","7","","15.0","","","M","","","","","NA"
"2000-06-12 06:00","2000","06","12","06:00","12.0","","2.2","","51","","1","","9","","15.0","","","M","","","","","NA"
"2000-06-12 07:00","2000","06","12","07:00","12.4","","1.7","","48","","2","","11","","15.0","","","M","","","","","NA"
"2000-06-12 08:00","2000","06","12","08:00","12.9","","1.6","","46","","1","","9","","15.0","","","M","","","","","NA"
"2000-06-12 09:00","2000","06","12","09:00","14.3","","1.2","","41","","1","","11","","15.0","","","M","","","","","NA"
"2000-06-12 10:00","2000","06","12","10:00","15.1","","1.3","","39","","3","","15","","15.0","","","M","","","","","NA"
"2000-06-12 11:00","2000","06","12","11:00","15.6","","0.2","","35","","4","","22","","15.0","","","M","","","","","NA"
"2000-06-12 12:00","2000","06","12","12:00","16.5","","-0.3","","32","","3","","13","","15.0","","","M","","","","","NA"
"2000-06-12 13:00","2000","06","12","13:00","16.6","","1.1","","35","","5","","13","","15.0","","","M","","","","","NA"
"2000-06-12 14:00","2000","06","12","14:00","14.4","","3.6","","48","","18","","13","","15.0","","","M","","","","","NA"
"2000-06-12 15:00","2000","06","12","15:00","15.1","","3.6","","46","","18","","13","","15.0","","","M","","","","","NA"
"2000-06-12 16:00","2000","06","12","16:00","16.9","","0.5","","33","","18","","15","","15.0","","","M","","","","","NA"
"2000-06-12 17:00","2000","06","12","17:00","17.3","","0.9","","33","","22","","7","","15.0","","","M","","","","","NA"
"2000-06-12 18:00","2000","06","12","18:00","18.0","","1.9","","34","","26","","7","","15.0","","","M","","","","","NA"
"2000-06-12 19:00","2000","06","12","19:00","17.0","","4.0","","42","","30","","7","","15.0","","","M","","","","","NA"
"2000-06-12 20:00","2000","06","12","20:00","16.7","","4.1","","43","","31","","6","","15.0","","","M","","","","","NA"
"2000-06-12 21:00","2000","06","12","21:00","14.1","","9.1","","72","","10","","2","","15.0","","","M","","","","","NA"
"2000-06-12 22:00","2000","06","12","22:00","15.6","","6.6","","55","","35","","4","","15.0","","","M","","","","","NA"
"2000-06-12 23:00","2000","06","12","23:00","14.8","","7.1","","60","","36","","2","","15.0","","","M","","","","","NA"
"2000-06-13 00:00","2000","06","13","00:00","13.7","","9.4","","75","","4","","4","","15.0","","","M","","","","","NA"
"2000-06-13 01:00","2000","06","13","01:00","14.5","","6.8","","60","","1","","7","","15.0","","","M","","","","","NA"
"2000-06-13 02:00","2000","06","13","02:00","14.3","","6.7","","60","","2","","7","","15.0","","","M","","","","","NA"
"2000-06-13 03:00","2000","06","13","03:00","15.3","","5.2","","51","","2","","13","","15.0","","","M","","","","","NA"
"2000-06-13 04:00","2000","06","13","04:00","14.5","","6.8","","60","","3","","15","","15.0","","","M","","","","","NA"
"2000-06-13 05:00","2000","06","13","05:00","13.5","","6.4","","62","","3","","15","","15.0","","","M","","","","","NA"
"2000-06-13 06:00","2000","06","13","06:00","13.7","","7.0","","64","","3","","17","","15.0","","","M","","","","","NA"
"2000-06-13 07:00","2000","06","13","07:00","13.8","","8.0","","68","","4","","17","","15.0","","","M","","","","","NA"
"2000-06-13 08:00","2000","06","13","08:00","14.1","","8.7","","70","","5","","20","","15.0","","","M","","","","","NA"
"2000-06-13 09:00","2000","06","13","09:00","14.2","","10.0","","76","","5","","20","","15.0","","","M","","","","","NA"
"2000-06-13 10:00","2000","06","13","10:00","14.7","","10.3","","75","","5","","15","","15.0","","","M","","","","","NA"
"2000-06-13 11:00","2000","06","13","11:00","15.1","","9.9","","71","","5","","7","","15.0","","","M","","","","","NA"
"2000-06-13 12:00","2000","06","13","12:00","15.2","","8.9","","66","","10","","7","","15.0","","","M","","","","","NA"
"2000-06-13 13:00","2000","06","13","13:00","14.3","","9.5","","73","","10","","6","","15.0","","","M","","","","","NA"
"2000-06-13 14:00","2000","06","13","14:00","14.1","","11.5","","84","","5","","7","","15.0","","","M","","","","","NA"
"2000-06-13 15:00","2000","06","13","15:00","13.3","","11.0","","86","","11","","24","","15.0","","","M","","","","","NA"
"2000-06-13 16:00","2000","06","13","16:00","13.5","","11.6","","88","","7","","19","","15.0","","","M","","","","","NA"
"2000-06-13 17:00","2000","06","13","17:00","14.2","","11.9","","86","","6","","22","","15.0","","","M","","","","","NA"
"2000-06-13 18:00","2000","06","13","18:00","14.1","","11.6","","85","","6","","11","","15.0","","","M","","","","","NA"
"2000-06-13 19:00","2000","06","13","19:00","14.1","","12.0","","87","","5","","15","","15.0","","","M","","","","","NA"
"2000-06-13 20:00","2000","06","13","20:00","14.1","","12.5","","90","","9","","11","","15.0","","","M","","","","","NA"
"2000-06-13 21:00","2000","06","13","21:00","13.7","","12.8","","94","","8","","15","","6.4","","","M","","","","","NA"
"2000-06-13 22:00","2000","06","13","22:00","13.8","","12.9","","94","","5","","17","","9.7","","","M","","","","","NA"
"2000-06-13 23:00","2000","06","13","23:00","14.0","","13.1","","94","","5","","24","","8.0","","","M","","","","","NA"
"2000-06-14 00:00","2000","06","14","00:00","13.8","","12.9","","94","","5","","28","","6.4","","","M","","","","","NA"
"2000-06-14 01:00","2000","06","14","01:00","13.5","","12.6","","94","","5","","20","","4.8","","","M","","","","","NA"
"2000-06-14 02:00","2000","06","14","02:00","12.9","","12.0","","94","","9","","7","","0.0","","","M","","","","","NA"
"2000-06-14 03:00","2000","06","14","03:00","12.6","","11.7","","94","","8","","13","","0.0","","","M","","","","","NA"
"2000-06-14 04:00","2000","06","14","04:00","12.3","","11.4","","94","","10","","9","","1.6","","","M","","","","","NA"
"2000-06-14 05:00","2000","06","14","05:00","12.3","","11.4","","94","","8","","13","","0.2","","","M","","","","","NA"
"2000-06-14 06:00","2000","06","14","06:00","12.2","","11.1","","93","","8","","13","","0.0","","","M","","","","","NA"
"2000-06-14 07:00","2000","06","14","07:00","12.5","","11.6","","94","","8","","15","","0.0","","","M","","","","","NA"
"2000-06-14 08:00","2000","06","14","08:00","12.5","","11.4","","93","","9","","30","","0.0","","","M","","","","","NA"
"2000-06-14 09:00","2000","06","14","09:00","13.2","","12.3","","94","","8","","28","","0.0","","","M","","","","","NA"
"2000-06-14 10:00","2000","06","14","10:00","13.1","","12.2","","94","","5","","19","","0.0","","","M","","","","","NA"
"2000-06-14 11:00","2000","06","14","11:00","13.3","","12.4","","94","","5","","19","","0.0","","","M","","","","","NA"
"2000-06-14 12:00","2000","06","14","12:00","13.4","","12.5","","94","","5","","11","","0.0","","","M","","","","","NA"
"2000-06-14 13:00","2000","06","14","13:00","13.8","","12.2","","90","","8","","9","","9.7","","","M","","","","","NA"
"2000-06-14 14:00","2000","06","14","14:00","14.7","","12.2","","85","","5","","13","","12.9","","","M","","","","","NA"
"2000-06-14 15:00","2000","06","14","15:00","14.6","","12.5","","87","","4","","15","","12.9","","","M","","","","","NA"
"2000-06-14 16:00","2000","06","14","16:00","14.9","","12.8","","87","","4","","13","","11.3","","","M","","","","","NA"
"2000-06-14 17:00","2000","06","14","17:00","15.3","","13.2","","87","","5","","11","","9.7","","","M","","","","","NA"
"2000-06-14 18:00","2000","06","14","18:00","16.0","","13.3","","84","","4","","9","","9.7","","","M","","","","","NA"
"2000-06-14 19:00","2000","06","14","19:00","20.9","","18.8","","88","","21","","22","","11.3","","","M","28","","","","NA"
"2000-06-14 20:00","2000","06","14","20:00","17.1","","14.9","","87","","15","","28","","15.0","","","M","","","","","NA"
"2000-06-14 21:00","2000","06","14","21:00","15.6","","14.3","","92","","18","","17","","9.7","","","M","","","","","NA"
"2000-06-14 22:00","2000","06","14","22:00","16.7","","15.4","","92","","18","","26","","11.3","","","M","","","","","NA"
"2000-06-14 23:00","2000","06","14","23:00","15.5","","14.0","","91","","14","","22","","8.0","","","M","","","","","NA"
"2000-06-15 00:00","2000","06","15","00:00","14.4","","13.1","","92","","7","","11","","5.6","","","M","","","","","NA"
"2000-06-15 01:00","2000","06","15","01:00","17.9","","16.1","","89","","16","","39","","12.9","","","M","","","","","NA"
"2000-06-15 02:00","2000","06","15","02:00","16.3","","14.5","","89","","14","","50","","11.3","","","M","","","","","NA"
"2000-06-15 03:00","2000","06","15","03:00","14.3","","12.9","","91","","16","","32","","5.6","","","M","","","","","NA"
"2000-06-15 04:00","2000","06","15","04:00","14.4","","13.0","","91","","14","","30","","9.7","","","M","","","","","NA"
"2000-06-15 05:00","2000","06","15","05:00","15.4","","13.4","","88","","15","","41","","15.0","","","M","","","","","NA"
"2000-06-15 06:00","2000","06","15","06:00","14.4","","12.8","","90","","18","","32","","15.0","","","M","","","","","NA"
"2000-06-15 07:00","2000","06","15","07:00","14.4","","12.3","","87","","17","","22","","15.0","","","M","","","","","NA"
"2000-06-15 08:00","2000","06","15","08:00","13.6","","12.0","","90","","14","","28","","12.9","","","M","","","","","NA"
"2000-06-15 09:00","2000","06","15","09:00","15.0","","12.3","","84","","16","","19","","15.0","","","M","","","","","NA"
"2000-06-15 10:00","2000","06","15","10:00","16.4","","12.2","","76","","18","","35","","15.0","","","M","","","","","NA"
"2000-06-15 11:00","2000","06","15","11:00","17.9","","12.8","","72","","18","","33","","15.0","","","M","","","","","NA"
"2000-06-15 12:00","2000","06","15","12:00","15.6","","12.4","","81","","18","","28","","15.0","","","M","","","","","NA"
"2000-06-15 13:00","2000","06","15","13:00","18.3","","11.6","","65","","21","","24","","15.0","","","M","","","","","NA"
"2000-06-15 14:00","2000","06","15","14:00","18.8","","9.9","","56","","22","","22","","15.0","","","M","","","","","NA"
"2000-06-15 15:00","2000","06","15","15:00","19.0","","10.3","","57","","19","","22","","15.0","","","M","","","","","NA"
"2000-06-15 16:00","2000","06","15","16:00","18.7","","10.0","","57","","24","","17","","15.0","","","M","","","","","NA"
"2000-06-15 17:00","2000","06","15","17:00","18.6","","9.4","","55","","23","","15","","15.0","","","M","","","","","NA"
"2000-06-15 18:00","2000","06","15","18:00","18.5","","9.0","","54","","23","","20","","15.0","","","M","","","","","NA"
"2000-06-15 19:00","2000","06","15","19:00","15.5","","9.2","","66","","21","","11","","15.0","","98.07","","","","","","NA"
"2000-06-15 20:00","2000","06","15","20:00","16.6","","11.3","","71","","24","","9","","15.0","","98.10","","","","","","NA"
"2000-06-15 21:00","2000","06","15","21:00","15.5","","12.1","","80","","16","","6","","15.0","","98.16","","","","","","NA"
"2000-06-15 22:00","2000","06","15","22:00","13.9","","12.3","","90","","15","","4","","15.0","","98.19","","","","","","NA"
"2000-06-15 23:00","2000","06","15","23:00","13.6","","11.8","","89","","17","","6","","15.0","","98.21","","","","","","NA"
"2000-06-16 00:00","2000","06","16","00:00","13.6","","11.7","","88","","17","","7","","15.0","","98.25","","","","","","NA"
"2000-06-16 01:00","2000","06","16","01:00","13.9","","12.1","","89","","15","","6","","15.0","","98.23","","","","","","NA"
"2000-06-16 02:00","2000","06","16","02:00","13.1","","11.0","","87","","14","","13","","15.0","","98.19","","","","","","NA"
"2000-06-16 03:00","2000","06","16","03:00","13.6","","11.5","","87","","19","","7","","15.0","","98.14","","","","","","NA"
"2000-06-16 04:00","2000","06","16","04:00","13.4","","11.6","","89","","14","","9","","15.0","","98.09","","","","","","NA"
"2000-06-16 05:00","2000","06","16","05:00","13.6","","11.8","","89","","6","","6","","15.0","","98.10","","","","","","NA"
"2000-06-16 06:00","2000","06","16","06:00","13.9","","11.8","","87","","8","","13","","15.0","","98.00","","","","","","NA"
"2000-06-16 07:00","2000","06","16","07:00","14.1","","12.0","","87","","11","","17","","15.0","","97.87","","","","","","NA"
"2000-06-16 08:00","2000","06","16","08:00","14.7","","11.7","","82","","14","","26","","15.0","","","M","","","","","NA"
"2000-06-16 09:00","2000","06","16","09:00","15.1","","11.9","","81","","14","","32","","15.0","","","M","","","","","NA"
"2000-06-16 10:00","2000","06","16","10:00","15.8","","12.6","","81","","14","","41","","15.0","","","M","","","","","NA"
"2000-06-16 11:00","2000","06","16","11:00","15.6","","12.7","","83","","14","","43","","15.0","","","M","","","","","NA"
"2000-06-16 12:00","2000","06","16","12:00","15.2","","13.2","","88","","14","","44","","9.7","","","M","","","","","NA"
"2000-06-16 13:00","2000","06","16","13:00","15.8","","14.0","","89","","15","","39","","11.3","","","M","","","","","NA"
"2000-06-16 14:00","2000","06","16","14:00","16.0","","14.7","","92","","20","","33","","9.7","","","M","","","","","NA"
"2000-06-16 15:00","2000","06","16","15:00","15.4","","14.1","","92","","18","","19","","9.7","","","M","","","","","NA"
"2000-06-16 16:00","2000","06","16","16:00","16.8","","12.6","","76","","18","","22","","15.0","","","M","","","","","NA"
"2000-06-16 17:00","2000","06","16","17:00","18.8","","10.9","","60","","23","","32","","15.0","","","M","","","","","NA"
"2000-06-16 18:00","2000","06","16","18:00","18.0","","10.9","","63","","23","","30","","15.0","","","M","","","","","NA"
"2000-06-16 19:00","2000","06","16","19:00","16.4","","9.4","","63","","23","","28","","15.0","","","M","","","","","NA"
"2000-06-16 20:00","2000","06","16","20:00","14.4","","9.4","","72","","23","","32","","15.0","","","M","","","","","NA"
"2000-06-16 21:00","2000","06","16","21:00","13.5","","10.3","","81","","23","","28","","15.0","","","M","","","","","NA"
"2000-06-16 22:00","2000","06","16","22:00","13.5","","10.1","","80","","25","","19","","15.0","","","M","","","","","NA"
"2000-06-16 23:00","2000","06","16","23:00","13.0","","9.1","","77","","25","","15","","15.0","","","M","","","","","NA"
"2000-06-17 00:00","2000","06","17","00:00","12.5","","5.4","","62","","27","","24","","15.0","","","M","","","","","NA"
"2000-06-17 01:00","2000","06","17","01:00","12.5","","6.1","","65","","24","","9","","15.0","","","M","","","","","NA"
"2000-06-17 02:00","2000","06","17","02:00","12.4","","4.9","","60","","25","","17","","15.0","","","M","","","","","NA"
"2000-06-17 03:00","2000","06","17","03:00","11.7","","4.2","","60","","26","","19","","15.0","","","M","","","","","NA"
"2000-06-17 04:00","2000","06","17","04:00","11.4","","5.9","","69","","23","","15","","15.0","","","M","","","","","NA"
"2000-06-17 05:00","2000","06","17","05:00","11.7","","5.6","","66","","23","","20","","15.0","","","M","","","","","NA"
"2000-06-17 06:00","2000","06","17","06:00","11.6","","6.7","","72","","23","","17","","15.0","","","M","","","","","NA"
"2000-06-17 07:00","2000","06","17","07:00","12.2","","4.2","","58","","24","","32","","15.0","","","M","","","","","NA"
"2000-06-17 08:00","2000","06","17","08:00","11.9","","3.7","","57","","23","","35","","15.0","","","M","","","","","NA"
"2000-06-17 09:00","2000","06","17","09:00","11.3","","3.6","","59","","23","","37","","15.0","","","M","","","","","NA"
"2000-06-17 10:00","2000","06","17","10:00","11.3","","4.3","","62","","23","","37","","15.0","","","M","","","","","NA"
"2000-06-17 11:00","2000","06","17","11:00","11.6","","3.9","","59","","23","","32","","15.0","","","M","","","","","NA"
"2000-06-17 12:00","2000","06","17","12:00","12.2","","3.7","","56","","23","","37","","15.0","","","M","","","","","NA"
"2000-06-17 13:00","2000","06","17","13:00","13.2","","4.1","","54","","23","","35","","15.0","","","M","","","","","NA"
"2000-06-17 14:00","2000","06","17","14:00","13.6","","3.1","","49","","23","","37","","15.0","","","M","","","","","NA"
"2000-06-17 15:00","2000","06","17","15:00","14.2","","2.8","","46","","23","","33","","15.0","","","M","","","","","NA"
"2000-06-17 16:00","2000","06","17","16:00","14.7","","3.2","","46","","24","","30","","15.0","","","M","","","","","NA"
"2000-06-17 17:00","2000","06","17","17:00","14.3","","2.9","","46","","23","","37","","15.0","","","M","","","","","NA"
"2000-06-17 18:00","2000","06","17","18:00","14.4","","3.3","","47","","24","","35","","15.0","","","M","","","","","NA"
"2000-06-17 19:00","2000","06","17","19:00","14.5","","3.3","","47","","23","","28","","15.0","","","M","","","","","NA"
"2000-06-17 20:00","2000","06","17","20:00","13.7","","3.2","","49","","23","","24","","15.0","","","M","","","","","NA"
"2000-06-17 21:00","2000","06","17","21:00","13.0","","3.7","","53","","25","","20","","15.0","","","M","","","","","NA"
"2000-06-17 22:00","2000","06","17","22:00","12.9","","4.9","","58","","26","","19","","15.0","","","M","","","","","NA"
"2000-06-17 23:00","2000","06","17","23:00","12.5","","5.7","","63","","26","","19","","15.0","","","M","","","","","NA"
"2000-06-18 00:00","2000","06","18","00:00","12.4","","6.5","","67","","26","","15","","15.0","","","M","","","","","NA"
"2000-06-18 01:00","2000","06","18","01:00","12.2","","6.7","","69","","27","","9","","15.0","","","M","","","","","NA"
"2000-06-18 02:00","2000","06","18","02:00","12.3","","4.8","","60","","25","","13","","15.0","","","M","","","","","NA"
"2000-06-18 03:00","2000","06","18","03:00","11.9","","3.9","","58","","27","","13","","15.0","","","M","","","","","NA"
"2000-06-18 04:00","2000","06","18","04:00","11.4","","4.2","","61","","27","","11","","15.0","","","M","","","","","NA"
"2000-06-18 05:00","2000","06","18","05:00","11.5","","4.3","","61","","27","","11","","15.0","","","M","","","","","NA"
"2000-06-18 06:00","2000","06","18","06:00","11.3","","3.6","","59","","23","","11","","15.0","","","M","","","","","NA"
"2000-06-18 07:00","2000","06","18","07:00","11.7","","3.5","","57","","33","","4","","15.0","","","M","","","","","NA"
"2000-06-18 08:00","2000","06","18","08:00","12.2","","2.9","","53","","24","","4","","15.0","","","M","","","","","NA"
"2000-06-18 09:00","2000","06","18","09:00","13.3","","3.1","","50","","26","","6","","15.0","","","M","","","","","NA"
"2000-06-18 10:00","2000","06","18","10:00","12.8","","4.0","","55","","13","","13","","15.0","","","M","","","","","NA"
"2000-06-18 11:00","2000","06","18","11:00","12.5","","4.7","","59","","14","","17","","15.0","","","M","","","","","NA"
"2000-06-18 12:00","2000","06","18","12:00","12.7","","4.9","","59","","14","","19","","15.0","","","M","","","","","NA"
"2000-06-18 13:00","2000","06","18","13:00","12.8","","5.0","","59","","14","","19","","15.0","","","M","","","","","NA"
"2000-06-18 14:00","2000","06","18","14:00","13.2","","5.4","","59","","14","","15","","15.0","","","M","","","","","NA"
"2000-06-18 15:00","2000","06","18","15:00","13.5","","5.7","","59","","14","","19","","15.0","","","M","","","","","NA"
"2000-06-18 16:00","2000","06","18","16:00","13.5","","5.9","","60","","14","","22","","15.0","","","M","","","","","NA"
"2000-06-18 17:00","2000","06","18","17:00","13.8","","6.4","","61","","16","","26","","15.0","","","M","","","","","NA"
"2000-06-18 18:00","2000","06","18","18:00","15.5","","4.3","","47","","18","","20","","15.0","","","M","","","","","NA"
"2000-06-18 19:00","2000","06","18","19:00","15.5","","2.7","","42","","18","","22","","15.0","","","M","","","","","NA"
"2000-06-18 20:00","2000","06","18","20:00","14.4","","5.5","","55","","15","","7","","15.0","","","M","","","","","NA"
"2000-06-18 21:00","2000","06","18","21:00","13.8","","6.2","","60","","22","","7","","15.0","","","M","","","","","NA"
"2000-06-18 22:00","2000","06","18","22:00","13.8","","4.9","","55","","19","","6","","15.0","","","M","","","","","NA"
"2000-06-18 23:00","2000","06","18","23:00","13.0","","5.7","","61","","14","","11","","15.0","","","M","","","","","NA"
"2000-06-19 00:00","2000","06","19","00:00","13.1","","6.5","","64","","14","","15","","15.0","","","M","","","","","NA"
"2000-06-19 01:00","2000","06","19","01:00","13.2","","7.0","","66","","17","","11","","15.0","","","M","","","","","NA"
"2000-06-19 02:00","2000","06","19","02:00","14.6","","6.2","","57","","19","","22","","15.0","","","M","","","","","NA"
"2000-06-19 03:00","2000","06","19","03:00","13.9","","7.9","","67","","22","","15","","15.0","","","M","","","","","NA"
"2000-06-19 04:00","2000","06","19","04:00","13.5","","9.8","","78","","23","","7","","15.0","","","M","","","","","NA"
"2000-06-19 05:00","2000","06","19","05:00","13.5","","11.2","","86","","22","","6","","15.0","","","M","","","","","NA"
"2000-06-19 06:00","2000","06","19","06:00","13.8","","10.2","","79","","23","","9","","15.0","","","M","","","","","NA"
"2000-06-19 07:00","2000","06","19","07:00","15.4","","8.9","","65","","23","","15","","15.0","","","M","","","","","NA"
"2000-06-19 08:00","2000","06","19","08:00","15.1","","9.0","","67","","26","","22","","15.0","","","M","","","","","NA"
"2000-06-19 09:00","2000","06","19","09:00","15.6","","9.3","","66","","23","","19","","15.0","","","M","","","","","NA"
"2000-06-19 10:00","2000","06","19","10:00","15.9","","9.1","","64","","23","","15","","15.0","","","M","","","","","NA"
"2000-06-19 11:00","2000","06","19","11:00","15.6","","9.5","","67","","18","","24","","15.0","","","M","","","","","NA"
"2000-06-19 12:00","2000","06","19","12:00","13.9","","11.6","","86","","14","","19","","15.0","","","M","","","","","NA"
"2000-06-19 13:00","2000","06","19","13:00","14.8","","11.6","","81","","14","","20","","15.0","","","M","","","","","NA"
"2000-06-19 14:00","2000","06","19","14:00","13.9","","10.7","","81","","14","","30","","15.0","","","M","","","","","NA"
"2000-06-19 15:00","2000","06","19","15:00","18.9","","10.2","","57","","21","","30","","15.0","","","M","","","","","NA"
"2000-06-19 16:00","2000","06","19","16:00","19.2","","10.0","","55","","21","","22","","15.0","","","M","","","","","NA"
"2000-06-19 17:00","2000","06","19","17:00","19.9","","8.3","","47","","23","","22","","15.0","","","M","","","","","NA"
"2000-06-19 18:00","2000","06","19","18:00","19.8","","7.5","","45","","23","","22","","15.0","","","M","","","","","NA"
"2000-06-19 19:00","2000","06","19","19:00","19.6","","7.7","","46","","23","","17","","15.0","","","M","","","","","NA"
"2000-06-19 20:00","2000","06","19","20:00","18.4","","8.1","","51","","25","","17","","15.0","","","M","","","","","NA"
"2000-06-19 21:00","2000","06","19","21:00","17.7","","9.4","","58","","27","","15","","15.0","","","M","","","","","NA"
"2000-06-19 22:00","2000","06","19","22:00","17.3","","9.0","","58","","27","","13","","15.0","","","M","","","","","NA"
"2000-06-19 23:00","2000","06","19","23:00","15.4","","11.0","","75","","21","","6","","15.0","","","M","","","","","NA"
"2000-06-20 00:00","2000","06","20","00:00","14.2","","12.6","","90","","23","","6","","15.0","","","M","","","","","NA"
"2000-06-20 01:00","2000","06","20","01:00","13.5","","12.2","","92","","26","","9","","15.0","","","M","","","","","NA"
"2000-06-20 02:00","2000","06","20","02:00","13.3","","11.9","","91","","24","","7","","15.0","","","M","","","","","NA"
"2000-06-20 03:00","2000","06","20","03:00","12.9","","11.8","","93","","24","","7","","15.0","","","M","","","","","NA"
"2000-06-20 04:00","2000","06","20","04:00","12.5","","11.4","","93","","24","","6","","15.0","","","M","","","","","NA"
"2000-06-20 05:00","2000","06","20","05:00","13.6","","12.5","","93","","5","","2","","15.0","","","M","","","","","NA"
"2000-06-20 06:00","2000","06","20","06:00","14.6","","10.2","","75","","","","0","","15.0","","","M","","","","","NA"
"2000-06-20 07:00","2000","06","20","07:00","13.9","","11.1","","83","","5","","9","","15.0","","","M","","","","","NA"
"2000-06-20 08:00","2000","06","20","08:00","14.1","","11.5","","84","","9","","15","","15.0","","","M","","","","","NA"
"2000-06-20 09:00","2000","06","20","09:00","13.7","","11.8","","88","","9","","17","","15.0","","","M","","","","","NA"
"2000-06-20 10:00","2000","06","20","10:00","13.9","","11.8","","87","","9","","17","","15.0","","","M","","","","","NA"
"2000-06-20 11:00","2000","06","20","11:00","14.3","","12.2","","87","","5","","17","","15.0","","","M","","","","","NA"
"2000-06-20 12:00","2000","06","20","12:00","14.4","","12.1","","86","","5","","19","","15.0","","","M","","","","","NA"
"2000-06-20 13:00","2000","06","20","13:00","14.4","","12.1","","86","","5","","19","","15.0","","","M","","","","","NA"
"2000-06-20 14:00","2000","06","20","14:00","15.4","","10.8","","74","","5","","9","","15.0","","","M","","","","","NA"
"2000-06-20 15:00","2000","06","20","15:00","15.9","","10.0","","68","","5","","9","","15.0","","","M","","","","","NA"
"2000-06-20 16:00","2000","06","20","16:00","16.5","","10.6","","68","","7","","22","","15.0","","","M","","","","","NA"
"2000-06-20 17:00","2000","06","20","17:00","16.9","","11.2","","69","","9","","22","","15.0","","","M","","","","","NA"
"2000-06-20 18:00","2000","06","20","18:00","17.1","","12.4","","74","","9","","37","","15.0","","","M","","","","","NA"
"2000-06-20 19:00","2000","06","20","19:00","16.0","","13.3","","84","","11","","24","","15.0","","","M","","","","","NA"
"2000-06-20 20:00","2000","06","20","20:00","14.6","","13.0","","90","","12","","9","","9.7","","","M","","","","","NA"
"2000-06-20 21:00","2000","06","20","21:00","14.8","","13.5","","92","","9","","24","","11.3","","","M","","","","","NA"
"2000-06-20 22:00","2000","06","20","22:00","14.7","","13.8","","94","","5","","28","","7.2","","","M","","","","","NA"
"2000-06-20 23:00","2000","06","20","23:00","14.8","","13.9","","94","","7","","33","","5.6","","","M","","","","","NA"
"2000-06-21 00:00","2000","06","21","00:00","14.6","","13.7","","94","","6","","20","","8.0","","","M","","","","","NA"
"2000-06-21 01:00","2000","06","21","01:00","14.2","","13.3","","94","","6","","19","","9.7","","","M","","","","","NA"
"2000-06-21 02:00","2000","06","21","02:00"
"2000-06-21 03:00","2000","06","21","03:00"
"2000-06-21 04:00","2000","06","21","04:00"
"2000-06-21 05:00","2000","06","21","05:00"
"2000-06-21 06:00","2000","06","21","06:00"
"2000-06-21 07:00","2000","06","21","07:00"
"2000-06-21 08:00","2000","06","21","08:00"
"2000-06-21 09:00","2000","06","21","09:00"
"2000-06-21 10:00","2000","06","21","10:00"
"2000-06-21 11:00","2000","06","21","11:00"
"2000-06-21 12:00","2000","06","21","12:00"
"2000-06-21 13:00","2000","06","21","13:00"
"2000-06-21 14:00","2000","06","21","14:00"
"2000-06-21 15:00","2000","06","21","15:00"
"2000-06-21 16:00","2000","06","21","16:00"
"2000-06-21 17:00","2000","06","21","17:00"
"2000-06-21 18:00","2000","06","21","18:00"
"2000-06-21 19:00","2000","06","21","19:00"
"2000-06-21 20:00","2000","06","21","20:00"
"2000-06-21 21:00","2000","06","21","21:00"
"2000-06-21 22:00","2000","06","21","22:00"
"2000-06-21 23:00","2000","06","21","23:00"
"2000-06-22 00:00","2000","06","22","00:00"
"2000-06-22 01:00","2000","06","22","01:00"
"2000-06-22 02:00","2000","06","22","02:00"
"2000-06-22 03:00","2000","06","22","03:00"
"2000-06-22 04:00","2000","06","22","04:00"
"2000-06-22 05:00","2000","06","22","05:00"
"2000-06-22 06:00","2000","06","22","06:00"
"2000-06-22 07:00","2000","06","22","07:00"
"2000-06-22 08:00","2000","06","22","08:00"
"2000-06-22 09:00","2000","06","22","09:00"
"2000-06-22 10:00","2000","06","22","10:00"
"2000-06-22 11:00","2000","06","22","11:00"
"2000-06-22 12:00","2000","06","22","12:00"
"2000-06-22 13:00","2000","06","22","13:00"
"2000-06-22 14:00","2000","06","22","14:00"
"2000-06-22 15:00","2000","06","22","15:00"
"2000-06-22 16:00","2000","06","22","16:00"
"2000-06-22 17:00","2000","06","22","17:00"
"2000-06-22 18:00","2000","06","22","18:00"
"2000-06-22 19:00","2000","06","22","19:00"
"2000-06-22 20:00","2000","06","22","20:00"
"2000-06-22 21:00","2000","06","22","21:00"
"2000-06-22 22:00","2000","06","22","22:00"
"2000-06-22 23:00","2000","06","22","23:00"
"2000-06-23 00:00","2000","06","23","00:00"
"2000-06-23 01:00","2000","06","23","01:00"
"2000-06-23 02:00","2000","06","23","02:00"
"2000-06-23 03:00","2000","06","23","03:00"
"2000-06-23 04:00","2000","06","23","04:00"
"2000-06-23 05:00","2000","06","23","05:00"
"2000-06-23 06:00","2000","06","23","06:00"
"2000-06-23 07:00","2000","06","23","07:00"
"2000-06-23 08:00","2000","06","23","08:00"
"2000-06-23 09:00","2000","06","23","09:00"
"2000-06-23 10:00","2000","06","23","10:00"
"2000-06-23 11:00","2000","06","23","11:00","14.2","","8.0","","66","","14","","9","","15.0","","","M","","","","","NA"
"2000-06-23 12:00","2000","06","23","12:00","14.5","","7.6","","63","","14","","7","","15.0","","","M","","","","","NA"
"2000-06-23 13:00","2000","06","23","13:00","14.8","","8.7","","67","","14","","9","","15.0","","","M","","","","","NA"
"2000-06-23 14:00","2000","06","23","14:00","15.1","","8.6","","65","","12","","11","","15.0","","","M","","","","","NA"
"2000-06-23 15:00","2000","06","23","15:00","15.4","","9.8","","69","","10","","11","","15.0","","","M","","","","","NA"
"2000-06-23 16:00","2000","06","23","16:00","15.6","","11.6","","77","","10","","7","","15.0","","","M","","","","","NA"
"2000-06-23 17:00","2000","06","23","17:00","15.7","","12.8","","83","","3","","7","","15.0","","","M","","","","","NA"
"2000-06-23 18:00","2000","06","23","18:00","15.6","","12.4","","81","","3","","4","","15.0","","","M","","","","","NA"
"2000-06-23 19:00","2000","06","23","19:00","15.0","","12.1","","83","","12","","7","","15.0","","","M","","","","","NA"
"2000-06-23 20:00","2000","06","23","20:00","15.0","","12.9","","87","","14","","4","","15.0","","","M","","","","","NA"
"2000-06-23 21:00","2000","06","23","21:00","14.9","","12.8","","87","","6","","4","","15.0","","","M","","","","","NA"
"2000-06-23 22:00","2000","06","23","22:00","15.1","","12.2","","83","","8","","4","","15.0","","","M","","","","","NA"
"2000-06-23 23:00","2000","06","23","23:00","15.1","","11.3","","78","","9","","9","","15.0","","","M","","","","","NA"
"2000-06-24 00:00","2000","06","24","00:00","14.8","","13.4","","91","","14","","7","","15.0","","","M","","","","","NA"
"2000-06-24 01:00","2000","06","24","01:00","14.4","","13.3","","93","","5","","7","","15.0","","","M","","","","","NA"
"2000-06-24 02:00","2000","06","24","02:00","14.8","","12.8","","88","","7","","15","","15.0","","","M","","","","","NA"
"2000-06-24 03:00","2000","06","24","03:00","15.0","","13.2","","89","","5","","15","","15.0","","","M","","","","","NA"
"2000-06-24 04:00","2000","06","24","04:00","15.8","","12.9","","83","","5","","13","","15.0","","","M","","","","","NA"
"2000-06-24 05:00","2000","06","24","05:00","15.7","","13.0","","84","","5","","13","","15.0","","","M","","","","","NA"
"2000-06-24 06:00","2000","06","24","06:00","15.3","","13.0","","86","","6","","6","","15.0","","","M","","","","","NA"
"2000-06-24 07:00","2000","06","24","07:00","15.3","","13.2","","87","","9","","7","","15.0","","","M","","","","","NA"
"2000-06-24 08:00","2000","06","24","08:00","15.4","","12.7","","84","","5","","11","","15.0","","","M","","","","","NA"
"2000-06-24 09:00","2000","06","24","09:00","17.3","","12.0","","71","","8","","7","","15.0","","","M","","","","","NA"
"2000-06-24 10:00","2000","06","24","10:00","15.6","","12.7","","83","","5","","17","","15.0","","","M","","","","","NA"
"2000-06-24 11:00","2000","06","24","11:00","16.0","","12.9","","82","","5","","15","","15.0","","","M","","","","","NA"
"2000-06-24 12:00","2000","06","24","12:00","16.2","","12.8","","80","","5","","17","","15.0","","","M","","","","","NA"
"2000-06-24 13:00","2000","06","24","13:00","16.3","","13.2","","82","","7","","17","","15.0","","","M","","","","","NA"
"2000-06-24 14:00","2000","06","24","14:00","16.9","","13.2","","79","","5","","11","","15.0","","","M","","","","","NA"
"2000-06-24 15:00","2000","06","24","15:00","17.4","","14.3","","82","","11","","19","","15.0","","","M","","","","","NA"
"2000-06-24 16:00","2000","06","24","16:00","17.0","","14.1","","83","","11","","24","","15.0","","","M","","","","","NA"
"2000-06-24 17:00","2000","06","24","17:00","16.6","","13.9","","84","","7","","13","","15.0","","","M","","","","","NA"
"2000-06-24 18:00","2000","06","24","18:00","16.8","","14.6","","87","","4","","9","","15.0","","","M","","","","","NA"
"2000-06-24 19:00","2000","06","24","19:00","16.4","","14.8","","90","","6","","13","","15.0","","","M","","","","","NA"
"2000-06-24 20:00","2000","06","24","20:00","16.3","","14.8","","91","","9","","9","","12.9","","","M","","","","","NA"
"2000-06-24 21:00","2000","06","24","21:00","16.2","","14.7","","91","","8","","9","","11.3","","","M","","","","","NA"
"2000-06-24 22:00","2000","06","24","22:00","16.3","","14.8","","91","","6","","6","","11.3","","","M","","","","","NA"
"2000-06-24 23:00","2000","06","24","23:00","16.3","","14.8","","91","","5","","7","","9.7","","","M","","","","","NA"
"2000-06-25 00:00","2000","06","25","00:00","16.1","","14.8","","92","","5","","11","","9.7","","","M","","","","","NA"
"2000-06-25 01:00","2000","06","25","01:00","16.3","","15.0","","92","","5","","13","","7.2","","","M","","","","","NA"
"2000-06-25 02:00","2000","06","25","02:00","16.4","","15.1","","92","","3","","9","","7.2","","","M","","","","","NA"
"2000-06-25 03:00","2000","06","25","03:00","16.1","","14.8","","92","","7","","4","","5.6","","","M","","","","","NA"
"2000-06-25 04:00","2000","06","25","04:00","15.7","","14.4","","92","","28","","2","","5.6","","","M","","","","","NA"
"2000-06-25 05:00","2000","06","25","05:00","15.9","","14.6","","92","","22","","2","","5.6","","","M","","","","","NA"
"2000-06-25 06:00","2000","06","25","06:00","16.6","","15.3","","92","","27","","11","","5.6","","","M","","","","","NA"
"2000-06-25 07:00","2000","06","25","07:00","18.3","","16.6","","90","","27","","11","","9.7","","","M","","","","","NA"
"2000-06-25 08:00","2000","06","25","08:00","19.3","","15.4","","78","","23","","15","","15.0","","","M","","","","","NA"
"2000-06-25 09:00","2000","06","25","09:00","21.2","","16.0","","72","","25","","19","","15.0","","","M","26","","","","NA"
"2000-06-25 10:00","2000","06","25","10:00","21.8","","14.9","","65","","23","","17","","15.0","","","M","26","","","","NA"
"2000-06-25 11:00","2000","06","25","11:00","23.0","","13.8","","56","","23","","17","","15.0","","","M","26","","","","NA"
"2000-06-25 12:00","2000","06","25","12:00","22.9","","13.9","","57","","23","","26","","15.0","","","M","26","","","","NA"
"2000-06-25 13:00","2000","06","25","13:00","23.6","","12.0","","48","","23","","26","","15.0","","","M","26","","","","NA"
"2000-06-25 14:00","2000","06","25","14:00","24.3","","12.0","","46","","23","","28","","15.0","","","M","27","","","","NA"
"2000-06-25 15:00","2000","06","25","15:00","24.6","","10.1","","40","","23","","30","","15.0","","","M","26","","","","NA"
"2000-06-25 16:00","2000","06","25","16:00","24.6","","9.0","","37","","23","","33","","15.0","","","M","25","","","","NA"
"2000-06-25 17:00","2000","06","25","17:00","24.1","","8.5","","37","","23","","37","","15.0","","","M","25","","","","NA"
"2000-06-25 18:00","2000","06","25","18:00","23.8","","8.7","","38","","23","","33","","15.0","","","M","25","","","","NA"
"2000-06-25 19:00","2000","06","25","19:00","23.2","","7.3","","36","","23","","24","","15.0","","","M","","","","","NA"
"2000-06-25 20:00","2000","06","25","20:00","21.8","","7.6","","40","","26","","17","","15.0","","","M","","","","","NA"
"2000-06-25 21:00","2000","06","25","21:00","20.4","","8.1","","45","","26","","17","","15.0","","","M","","","","","NA"
"2000-06-25 22:00","2000","06","25","22:00","20.3","","7.3","","43","","29","","13","","15.0","","","M","","","","","NA"
"2000-06-25 23:00","2000","06","25","23:00","18.7","","8.9","","53","","20","","15","","15.0","","","M","","","","","NA"
"2000-06-26 00:00","2000","06","26","00:00","17.9","","10.0","","60","","26","","13","","15.0","","","M","","","","","NA"
"2000-06-26 01:00","2000","06","26","01:00","17.4","","10.8","","65","","27","","9","","15.0","","","M","","","","","NA"
"2000-06-26 02:00","2000","06","26","02:00","17.0","","11.3","","69","","25","","7","","15.0","","","M","","","","","NA"
"2000-06-26 03:00","2000","06","26","03:00","16.2","","12.0","","76","","22","","4","","15.0","","","M","","","","","NA"
"2000-06-26 04:00","2000","06","26","04:00","16.9","","10.7","","67","","27","","6","","15.0","","","M","","","","","NA"
"2000-06-26 05:00","2000","06","26","05:00","15.8","","14.0","","89","","15","","6","","15.0","","","M","","","","","NA"
"2000-06-26 06:00","2000","06","26","06:00","16.8","","13.2","","79","","6","","2","","15.0","","","M","","","","","NA"
"2000-06-26 07:00","2000","06","26","07:00","16.4","","13.1","","81","","5","","7","","15.0","","","M","","","","","NA"
"2000-06-26 08:00","2000","06","26","08:00","16.6","","12.8","","78","","5","","7","","15.0","","","M","","","","","NA"
"2000-06-26 09:00","2000","06","26","09:00"
"2000-06-26 10:00","2000","06","26","10:00"
"2000-06-26 11:00","2000","06","26","11:00"
"2000-06-26 12:00","2000","06","26","12:00","17.7","","15.3","","86","","14","","30","","15.0","","","M","","","","","NA"
"2000-06-26 13:00","2000","06","26","13:00","17.7","","15.3","","86","","14","","30","","15.0","","","M","","","","","NA"
"2000-06-26 14:00","2000","06","26","14:00","17.1","","16.1","","94","","17","","37","","6.4","","","M","","","","","NA"
"2000-06-26 15:00","2000","06","26","15:00","16.3","","15.3","","94","","18","","20","","15.0","","","M","","","","","NA"
"2000-06-26 16:00","2000","06","26","16:00","16.8","","15.0","","89","","19","","20","","15.0","","","M","","","","","NA"
"2000-06-26 17:00","2000","06","26","17:00","17.1","","14.4","","84","","22","","17","","15.0","","","M","","","","","NA"
"2000-06-26 18:00","2000","06","26","18:00","17.1","","14.4","","84","","22","","17","","15.0","","","M","","","","","NA"
"2000-06-26 19:00","2000","06","26","19:00","16.6","","11.8","","73","","23","","35","","15.0","","","M","","","","","NA"
"2000-06-26 20:00","2000","06","26","20:00","16.3","","12.5","","78","","23","","26","","15.0","","","M","","","","","NA"
"2000-06-26 21:00","2000","06","26","21:00","15.6","","10.2","","70","","27","","19","","15.0","","","M","","","","","NA"
"2000-06-26 22:00","2000","06","26","22:00","15.2","","11.2","","77","","24","","9","","15.0","","","M","","","","","NA"
"2000-06-26 23:00","2000","06","26","23:00","14.4","","11.7","","84","","22","","13","","15.0","","","M","","","","","NA"
"2000-06-27 00:00","2000","06","27","00:00","14.5","","12.0","","85","","23","","19","","15.0","","","M","","","","","NA"
"2000-06-27 01:00","2000","06","27","01:00","14.0","","11.9","","87","","22","","15","","15.0","","","M","","","","","NA"
"2000-06-27 02:00","2000","06","27","02:00","14.1","","12.7","","91","","22","","11","","15.0","","","M","","","","","NA"
"2000-06-27 03:00","2000","06","27","03:00","14.6","","13.2","","91","","22","","13","","15.0","","","M","","","","","NA"
"2000-06-27 04:00","2000","06","27","04:00","14.4","","13.0","","91","","22","","15","","15.0","","","M","","","","","NA"
"2000-06-27 05:00","2000","06","27","05:00","14.8","","12.8","","88","","22","","13","","15.0","","","M","","","","","NA"
"2000-06-27 06:00","2000","06","27","06:00","15.1","","10.9","","76","","21","","17","","15.0","","","M","","","","","NA"
"2000-06-27 07:00","2000","06","27","07:00","15.4","","8.6","","64","","24","","26","","15.0","","","M","","","","","NA"
"2000-06-27 08:00","2000","06","27","08:00","15.6","","7.4","","58","","23","","28","","15.0","","","M","","","","","NA"
"2000-06-27 09:00","2000","06","27","09:00","15.5","","8.0","","61","","23","","32","","15.0","","","M","","","","","NA"
"2000-06-27 10:00","2000","06","27","10:00","15.5","","8.5","","63","","23","","28","","15.0","","","M","","","","","NA"
"2000-06-27 11:00","2000","06","27","11:00","16.0","","8.3","","60","","23","","32","","15.0","","","M","","","","","NA"
"2000-06-27 12:00","2000","06","27","12:00","16.6","","7.3","","54","","24","","33","","15.0","","","M","","","","","NA"
"2000-06-27 13:00","2000","06","27","13:00","17.2","","6.7","","50","","23","","35","","15.0","","","M","","","","","NA"
"2000-06-27 14:00","2000","06","27","14:00","17.6","","6.2","","47","","24","","32","","15.0","","","M","","","","","NA"
"2000-06-27 15:00","2000","06","27","15:00","17.8","","5.4","","44","","24","","33","","15.0","","","M","","","","","NA"
"2000-06-27 16:00","2000","06","27","16:00","17.7","","4.6","","42","","23","","39","","15.0","","","M","","","","","NA"
"2000-06-27 17:00","2000","06","27","17:00","17.4","","3.7","","40","","23","","41","","15.0","","","M","","","","","NA"
"2000-06-27 18:00","2000","06","27","18:00","17.3","","4.3","","42","","23","","35","","15.0","","","M","","","","","NA"
"2000-06-27 19:00","2000","06","27","19:00","16.9","","4.3","","43","","23","","33","","15.0","","","M","","","","","NA"
"2000-06-27 20:00","2000","06","27","20:00","15.9","","4.6","","47","","23","","26","","15.0","","","M","","","","","NA"
"2000-06-27 21:00","2000","06","27","21:00","15.2","","6.2","","55","","23","","28","","15.0","","","M","","","","","NA"
"2000-06-27 22:00","2000","06","27","22:00","14.8","","7.8","","63","","24","","22","","15.0","","","M","","","","","NA"
"2000-06-27 23:00","2000","06","27","23:00","14.3","","8.7","","69","","24","","15","","15.0","","","M","","","","","NA"
"2000-06-28 00:00","2000","06","28","00:00","13.6","","6.7","","63","","27","","11","","15.0","","","M","","","","","NA"
"2000-06-28 01:00","2000","06","28","01:00","13.3","","5.5","","59","","27","","19","","15.0","","","M","","","","","NA"
"2000-06-28 02:00","2000","06","28","02:00","12.5","","5.7","","63","","27","","7","","15.0","","","M","","","","","NA"
"2000-06-28 03:00","2000","06","28","03:00","12.4","","6.7","","68","","23","","6","","15.0","","","M","","","","","NA"
"2000-06-28 04:00","2000","06","28","04:00","12.0","","7.9","","76","","23","","7","","15.0","","","M","","","","","NA"
"2000-06-28 05:00","2000","06","28","05:00","12.2","","8.7","","79","","23","","9","","15.0","","","M","","","","","NA"
"2000-06-28 06:00","2000","06","28","06:00","13.3","","7.1","","66","","20","","7","","15.0","","","M","","","","","NA"
"2000-06-28 07:00","2000","06","28","07:00","13.1","","7.8","","70","","18","","15","","15.0","","","M","","","","","NA"
"2000-06-28 08:00","2000","06","28","08:00","13.7","","6.8","","63","","18","","13","","15.0","","","M","","","","","NA"
"2000-06-28 09:00","2000","06","28","09:00","14.1","","7.2","","63","","14","","15","","15.0","","","M","","","","","NA"
"2000-06-28 10:00","2000","06","28","10:00","14.5","","6.6","","59","","14","","20","","15.0","","","M","","","","","NA"
"2000-06-28 11:00","2000","06","28","11:00","14.7","","8.4","","66","","14","","22","","15.0","","","M","","","","","NA"
"2000-06-28 12:00","2000","06","28","12:00","14.8","","8.7","","67","","14","","24","","15.0","","","M","","","","","NA"
"2000-06-28 13:00","2000","06","28","13:00","14.9","","9.9","","72","","11","","19","","15.0","","","M","","","","","NA"
"2000-06-28 14:00","2000","06","28","14:00","15.0","","12.0","","82","","14","","20","","15.0","","","M","","","","","NA"
"2000-06-28 15:00","2000","06","28","15:00","17.1","","10.3","","64","","14","","15","","15.0","","","M","","","","","NA"
"2000-06-28 16:00","2000","06","28","16:00","19.2","","4.9","","39","","20","","24","","15.0","","","M","","","","","NA"
"2000-06-28 17:00","2000","06","28","17:00","19.1","","5.6","","41","","22","","24","","15.0","","","M","","","","","NA"
"2000-06-28 18:00","2000","06","28","18:00","17.3","","7.6","","53","","18","","22","","15.0","","","M","","","","","NA"
"2000-06-28 19:00","2000","06","28","19:00","17.0","","8.7","","58","","18","","19","","15.0","","","M","","","","","NA"
"2000-06-28 20:00","2000","06","28","20:00","17.0","","8.7","","58","","19","","17","","15.0","","","M","","","","","NA"
"2000-06-28 21:00","2000","06","28","21:00","15.9","","10.2","","69","","21","","9","","15.0","","","M","","","","","NA"
"2000-06-28 22:00","2000","06","28","22:00","14.7","","11.3","","80","","25","","6","","15.0","","","M","","","","","NA"
"2000-06-28 23:00","2000","06","28","23:00","13.7","","11.2","","85","","22","","7","","15.0","","","M","","","","","NA"
"2000-06-29 00:00","2000","06","29","00:00","13.9","","12.3","","90","","23","","6","","15.0","","","M","","","","","NA"
"2000-06-29 01:00","2000","06","29","01:00","13.0","","10.9","","87","","17","","4","","15.0","","","M","","","","","NA"
"2000-06-29 02:00","2000","06","29","02:00","13.6","","12.0","","90","","22","","4","","15.0","","","M","","","","","NA"
"2000-06-29 03:00","2000","06","29","03:00","13.2","","11.3","","88","","26","","4","","15.0","","","M","","","","","NA"
"2000-06-29 04:00","2000","06","29","04:00","13.2","","11.9","","92","","5","","4","","15.0","","","M","","","","","NA"
"2000-06-29 05:00","2000","06","29","05:00","12.7","","11.4","","92","","27","","6","","15.0","","","M","","","","","NA"
"2000-06-29 06:00","2000","06","29","06:00","13.5","","11.6","","88","","16","","4","","15.0","","","M","","","","","NA"
"2000-06-29 07:00","2000","06","29","07:00","14.6","","12.3","","86","","11","","2","","15.0","","","M","","","","","NA"
"2000-06-29 08:00","2000","06","29","08:00","","M","","M","","M","","M","","M","15.0","","","M","","","","","NA"
"2000-06-29 09:00","2000","06","29","09:00","14.9","","11.5","","80","","14","","11","","15.0","","","M","","","","","NA"
"2000-06-29 10:00","2000","06","29","10:00","15.0","","12.3","","84","","18","","11","","15.0","","","M","","","","","NA"
"2000-06-29 11:00","2000","06","29","11:00","15.3","","10.3","","72","","18","","13","","15.0","","","M","","","","","NA"
"2000-06-29 12:00","2000","06","29","12:00","15.4","","9.5","","68","","17","","13","","15.0","","","M","","","","","NA"
"2000-06-29 13:00","2000","06","29","13:00","15.5","","11.3","","76","","14","","17","","15.0","","","M","","","","","NA"
"2000-06-29 14:00","2000","06","29","14:00","15.7","","12.1","","79","","16","","20","","15.0","","","M","","","","","NA"
"2000-06-29 15:00","2000","06","29","15:00","16.1","","11.1","","72","","18","","19","","15.0","","","M","","","","","NA"
"2000-06-29 16:00","2000","06","29","16:00","16.0","","12.0","","77","","18","","15","","15.0","","","M","","","","","NA"
"2000-06-29 17:00","2000","06","29","17:00","16.8","","11.5","","71","","15","","15","","15.0","","","M","","","","","NA"
"2000-06-29 18:00","2000","06","29","18:00","17.6","","12.3","","71","","18","","15","","15.0","","","M","","","","","NA"
"2000-06-29 19:00","2000","06","29","19:00","17.8","","11.6","","67","","21","","20","","15.0","","","M","","","","","NA"
"2000-06-29 20:00","2000","06","29","20:00","16.5","","12.5","","77","","22","","19","","15.0","","","M","","","","","NA"
"2000-06-29 21:00","2000","06","29","21:00","15.8","","13.1","","84","","23","","17","","15.0","","","M","","","","","NA"
"2000-06-29 22:00","2000","06","29","22:00","15.3","","13.3","","88","","25","","13","","15.0","","","M","","","","","NA"
"2000-06-29 23:00","2000","06","29","23:00","15.2","","12.9","","86","","25","","15","","15.0","","","M","","","","","NA"
"2000-06-30 00:00","2000","06","30","00:00","15.1","","12.1","","82","","24","","24","","15.0","","","M","","","","","NA"
"2000-06-30 01:00","2000","06","30","01:00","14.6","","11.6","","82","","24","","22","","15.0","","","M","","","","","NA"
"2000-06-30 02:00","2000","06","30","02:00","14.2","","11.2","","82","","26","","20","","15.0","","","M","","","","","NA"
"2000-06-30 03:00","2000","06","30","03:00","14.0","","10.8","","81","","26","","24","","15.0","","","M","","","","","NA"
"2000-06-30 04:00","2000","06","30","04:00","13.3","","9.2","","76","","27","","15","","15.0","","","M","","","","","NA"
"2000-06-30 05:00","2000","06","30","05:00","13.5","","8.6","","72","","25","","17","","15.0","","","M","","","","","NA"
"2000-06-30 06:00","2000","06","30","06:00","13.8","","6.9","","63","","25","","17","","15.0","","","M","","","","","NA"
"2000-06-30 07:00","2000","06","30","07:00","14.3","","6.7","","60","","26","","20","","15.0","","","M","","","","","NA"
"2000-06-30 08:00","2000","06","30","08:00","15.1","","5.9","","54","","23","","19","","15.0","","","M","","","","","NA"
"2000-06-30 09:00","2000","06","30","09:00","15.8","","5.4","","50","","24","","13","","15.0","","","M","","","","","NA"
"2000-06-30 10:00","2000","06","30","10:00","15.0","","8.5","","65","","15","","11","","15.0","","","M","","","","","NA"
"2000-06-30 11:00","2000","06","30","11:00","15.2","","9.8","","70","","15","","7","","15.0","","","M","","","","","NA"
"2000-06-30 12:00","2000","06","30","12:00","15.5","","9.2","","66","","21","","19","","15.0","","","M","","","","","NA"
"2000-06-30 13:00","2000","06","30","13:00","14.9","","10.9","","77","","17","","7","","15.0","","","M","","","","","NA"
"2000-06-30 14:00","2000","06","30","14:00","14.8","","11.6","","81","","14","","17","","15.0","","","M","","","","","NA"
"2000-06-30 15:00","2000","06","30","15:00","15.0","","12.3","","84","","14","","17","","15.0","","","M","","","","","NA"
"2000-06-30 16:00","2000","06","30","16:00","15.8","","13.1","","84","","13","","11","","15.0","","","M","","","","","NA"
"2000-06-30 17:00","2000","06","30","17:00","16.4","","13.1","","81","","4","","9","","15.0","","","M","","","","","NA"
"2000-06-30 18:00","2000","06","30","18:00","18.3","","12.1","","67","","5","","6","","15.0","","","M","","","","","NA"
"2000-06-30 19:00","2000","06","30","19:00","20.4","","11.6","","57","","21","","20","","15.0","","","M","","","","","NA"
"2000-06-30 20:00","2000","06","30","20:00","18.3","","12.7","","70","","21","","9","","15.0","","","M","","","","","NA"
"2000-06-30 21:00","2000","06","30","21:00","17.8","","13.5","","76","","23","","7","","15.0","","","M","","","","","NA"
"2000-06-30 22:00","2000","06","30","22:00","18.2","","12.7","","70","","25","","15","","15.0","","","M","","","","","NA"
"2000-06-30 23:00","2000","06","30","23:00","16.9","","12.5","","75","","24","","9","","15.0","","","M","","","","","NA"
