"Station Name","OTTAWA MACDONALD-CARTIER INT'L A"
"Province","ONTARIO"
"Latitude","45.32"
"Longitude","-75.67"
"Elevation","114.00"
"Climate Identifier","6106000"
"WMO Identifier","71628"
"TC Identifier","YOW"
"All times are specified in Local Standard Time (LST). Add 1 hour to adjust for Daylight Saving Time where and when it is observed."

"Legend"
"E","Estimated"
"M","Missing"
"NA","Not Available"

"Date/Time","Year","Month","Day","Time","Temp (°C)","Temp Flag","Dew Point Temp (°C)","Dew Point Temp Flag","Rel Hum (%)","Rel Hum Flag","Wind Dir (10s deg)","Wind Dir Flag","Wind Spd (km/h)","Wind Spd Flag","Visibility (km)","Visibility Flag","Stn Press (kPa)","Stn Press Flag","Hmdx","Hmdx Flag","Wind Chill","Wind Chill Flag","Weather"
"2006-05-01 00:00","2006","05","01","00:00","12.2","","-4.0","","32","","5","","15","","25.0","","101.70","","","","","","Clear"
"2006-05-01 01:00","2006","05","01","01:00","11.0","","-4.0","","35","","7","","15","","25.0","","101.67","","","","","","Clear"
"2006-05-01 02:00","2006","05","01","02:00","11.3","","-4.2","","33","","6","","17","","25.0","","101.64","","","","","","Clear"
"2006-05-01 03:00","2006","05","01","03:00","11.0","","-4.3","","34","","6","","17","","25.0","","101.63","","","","","","Clear"
"2006-05-01 04:00","2006","05","01","04:00","10.7","","-4.2","","35","","6","","19","","25.0","","101.64","","","","","","Clear"
"2006-05-01 05:00","2006","05","01","05:00","9.1","","-3.6","","41","","7","","15","","24.1","","101.66","","","","","","Clear"
"2006-05-01 06:00","2006","05","01","06:00","9.9","","-2.8","","41","","7","","15","","24.1","","101.70","","","","","","Clear"
"2006-05-01 07:00","2006","05","01","07:00","11.8","","-1.3","","40","","7","","11","","24.1","","101.72","","","","","","Clear"
"2006-05-01 08:00","2006","05","01","08:00","14.1","","-0.1","","38","","7","","11","","24.1","","101.73","","","","","","Clear"
"2006-05-01 09:00","2006","05","01","09:00","16.6","","1.2","","35","","7","","9","","24.1","","101.73","","","","","","Clear"
"2006-05-01 10:00","2006","05","01","10:00","18.8","","1.3","","31","","14","","4","","24.1","","101.69","","","","","","Mainly Clear"
"2006-05-01 11:00","2006","05","01","11:00","20.0","","1.8","","30","","","","0","","24.1","","101.63","","","","","","Clear"
"2006-05-01 12:00","2006","05","01","12:00","21.3","","0.8","","26","","13","","6","","24.1","","101.52","","","","","","Mainly Clear"
"2006-05-01 13:00","2006","05","01","13:00","22.9","","1.8","","25","","9","","15","","24.1","","101.45","","","","","","Mainly Clear"
"2006-05-01 14:00","2006","05","01","14:00","23.2","","0.3","","22","","9","","9","","24.1","","101.34","","","","","","Mainly Clear"
"2006-05-01 15:00","2006","05","01","15:00","23.3","","-0.2","","21","","7","","17","","24.1","","101.26","","","","","","Clear"
"2006-05-01 16:00","2006","05","01","16:00","23.1","","-1.7","","19","","9","","22","","24.1","","101.22","","","","","","Mainly Clear"
"2006-05-01 17:00","2006","05","01","17:00","22.4","","-2.5","","19","","10","","19","","24.1","","101.19","","","","","","Mainly Clear"
"2006-05-01 18:00","2006","05","01","18:00","20.8","","-1.6","","22","","9","","20","","24.1","","101.16","","","","","","Mainly Clear"
"2006-05-01 19:00","2006","05","01","19:00","17.3","","0.3","","32","","9","","11","","24.1","","101.14","","","","","","Mainly Clear"
"2006-05-01 20:00","2006","05","01","20:00","17.0","","0.5","","33","","7","","11","","25.0","","101.12","","","","","","Clear"
"2006-05-01 21:00","2006","05","01","21:00","15.1","","0.6","","37","","8","","13","","25.0","","101.12","","","","","","Clear"
"2006-05-01 22:00","2006","05","01","22:00","14.6","","-0.2","","36","","8","","15","","25.0","","101.07","","","","","","Clear"
"2006-05-01 23:00","2006","05","01","23:00","14.2","","-0.7","","36","","7","","17","","25.0","","101.05","","","","","","Clear"
"2006-05-02 00:00","2006","05","02","00:00","12.4","","-0.9","","40","","4","","13","","25.0","","101.03","","","","","","Clear"
"2006-05-02 01:00","2006","05","02","01:00","11.2","","-1.0","","43","","7","","17","","25.0","","100.99","","","","","","Mainly Clear"
"2006-05-02 02:00","2006","05","02","02:00","11.5","","-1.7","","40","","8","","19","","25.0","","100.95","","","","","","Mainly Clear"
"2006-05-02 03:00","2006","05","02","03:00","11.6","","-1.1","","41","","6","","13","","25.0","","100.92","","","","","","Mostly Cloudy"
"2006-05-02 04:00","2006","05","02","04:00","10.2","","-1.2","","45","","7","","13","","25.0","","100.88","","","","","","Mostly Cloudy"
"2006-05-02 05:00","2006","05","02","05:00","11.5","","0.0","","45","","6","","13","","24.1","","100.84","","","","","","Mostly Cloudy"
"2006-05-02 06:00","2006","05","02","06:00","11.7","","0.6","","46","","5","","13","","24.1","","100.82","","","","","","Mostly Cloudy"
"2006-05-02 07:00","2006","05","02","07:00","14.8","","0.8","","38","","6","","20","","24.1","","100.77","","","","","","Mainly Clear"
"2006-05-02 08:00","2006","05","02","08:00","14.9","","2.0","","42","","7","","22","","24.1","","100.70","","","","","","Mainly Clear"
"2006-05-02 09:00","2006","05","02","09:00","16.2","","2.0","","38","","8","","26","","24.1","","100.62","","","","","","Mostly Cloudy"
"2006-05-02 10:00","2006","05","02","10:00","16.3","","2.0","","38","","6","","26","","24.1","","100.54","","","","","","Mostly Cloudy"
"2006-05-02 11:00","2006","05","02","11:00","16.7","","1.7","","36","","7","","22","","24.1","","100.47","","","","","","Cloudy"
"2006-05-02 12:00","2006","05","02","12:00","16.6","","3.3","","41","","9","","24","","24.1","","100.41","","","","","","Cloudy"
"2006-05-02 13:00","2006","05","02","13:00","16.0","","4.6","","47","","11","","20","","24.1","","100.36","","","","","","Cloudy"
"2006-05-02 14:00","2006","05","02","14:00","16.0","","6.3","","53","","10","","26","","24.1","","100.31","","","","","","Cloudy"
"2006-05-02 15:00","2006","05","02","15:00","14.2","","5.4","","55","","11","","24","","24.1","","100.26","","","","","","Cloudy"
"2006-05-02 16:00","2006","05","02","16:00","13.9","","5.8","","58","","10","","28","","24.1","","100.24","","","","","","Cloudy"
"2006-05-02 17:00","2006","05","02","17:00","12.1","","5.9","","66","","10","","22","","24.1","","100.27","","","","","","Cloudy"
"2006-05-02 18:00","2006","05","02","18:00","10.6","","5.9","","73","","10","","20","","24.1","","100.26","","","","","","Cloudy"
"2006-05-02 19:00","2006","05","02","19:00","9.4","","5.7","","78","","9","","17","","24.1","","100.25","","","","","","Cloudy"
"2006-05-02 20:00","2006","05","02","20:00","8.6","","5.1","","79","","8","","17","","25.0","","100.22","","","","","","Cloudy"
"2006-05-02 21:00","2006","05","02","21:00","8.4","","5.2","","80","","8","","17","","25.0","","100.22","","","","","","Cloudy"
"2006-05-02 22:00","2006","05","02","22:00","8.0","","6.0","","87","","6","","9","","9.7","","100.18","","","","","","Rain"
"2006-05-02 23:00","2006","05","02","23:00","7.4","","6.4","","93","","5","","11","","16.1","","100.11","","","","","","Rain"
"2006-05-03 00:00","2006","05","03","00:00","7.7","","6.2","","90","","5","","7","","25.0","","100.09","","","","","","Cloudy"
"2006-05-03 01:00","2006","05","03","01:00","7.8","","6.2","","90","","5","","9","","25.0","","100.04","","","","","","Cloudy"
"2006-05-03 02:00","2006","05","03","02:00","7.6","","6.3","","91","","4","","9","","25.0","","100.02","","","","","","Cloudy"
"2006-05-03 03:00","2006","05","03","03:00","7.6","","6.3","","91","","5","","9","","12.9","","99.90","","","","","","Cloudy"
"2006-05-03 04:00","2006","05","03","04:00","7.9","","6.3","","90","","4","","7","","12.9","","100.00","","","","","","Cloudy"
"2006-05-03 05:00","2006","05","03","05:00","7.9","","6.5","","91","","4","","7","","24.1","","100.02","","","","","","Cloudy"
"2006-05-03 06:00","2006","05","03","06:00","8.3","","6.6","","89","","4","","6","","24.1","","100.04","","","","","","Cloudy"
"2006-05-03 07:00","2006","05","03","07:00","8.8","","6.8","","87","","","","0","","24.1","","100.08","","","","","","Cloudy"
"2006-05-03 08:00","2006","05","03","08:00","9.1","","5.9","","80","","4","","6","","24.1","","100.10","","","","","","Cloudy"
"2006-05-03 09:00","2006","05","03","09:00","9.5","","6.6","","82","","7","","6","","24.1","","100.10","","","","","","Cloudy"
"2006-05-03 10:00","2006","05","03","10:00","10.4","","6.9","","79","","3","","4","","24.1","","100.08","","","","","","Cloudy"
"2006-05-03 11:00","2006","05","03","11:00","11.6","","6.8","","72","","33","","6","","24.1","","100.09","","","","","","Cloudy"
"2006-05-03 12:00","2006","05","03","12:00","12.1","","7.1","","71","","36","","6","","24.1","","100.08","","","","","","Cloudy"
"2006-05-03 13:00","2006","05","03","13:00","13.2","","7.2","","67","","8","","7","","24.1","","100.06","","","","","","Mostly Cloudy"
"2006-05-03 14:00","2006","05","03","14:00","13.9","","7.2","","64","","9","","6","","24.1","","100.00","","","","","","Mostly Cloudy"
"2006-05-03 15:00","2006","05","03","15:00","14.6","","7.7","","63","","10","","7","","24.1","","99.96","","","","","","Mostly Cloudy"
"2006-05-03 16:00","2006","05","03","16:00","15.0","","7.7","","62","","15","","4","","24.1","","99.95","","","","","","Mostly Cloudy"
"2006-05-03 17:00","2006","05","03","17:00","15.7","","8.0","","60","","","","0","","24.1","","99.94","","","","","","Mainly Clear"
"2006-05-03 18:00","2006","05","03","18:00","15.1","","7.9","","62","","12","","7","","24.1","","99.94","","","","","","Mostly Cloudy"
"2006-05-03 19:00","2006","05","03","19:00","13.1","","7.7","","70","","10","","15","","24.1","","99.88","","","","","","Mostly Cloudy"
"2006-05-03 20:00","2006","05","03","20:00","10.7","","7.1","","78","","13","","7","","25.0","","99.93","","","","","","Mainly Clear"
"2006-05-03 21:00","2006","05","03","21:00","9.6","","7.0","","84","","10","","9","","25.0","","99.92","","","","","","Clear"
"2006-05-03 22:00","2006","05","03","22:00","8.6","","7.0","","90","","12","","7","","25.0","","99.94","","","","","","Clear"
"2006-05-03 23:00","2006","05","03","23:00","7.7","","6.2","","90","","11","","7","","25.0","","99.88","","","","","","Clear"
"2006-05-04 00:00","2006","05","04","00:00","8.5","","7.2","","92","","","","0","","25.0","","99.86","","","","","","Clear"
"2006-05-04 01:00","2006","05","04","01:00","8.1","","7.1","","93","","8","","6","","25.0","","99.83","","","","","","Clear"
"2006-05-04 02:00","2006","05","04","02:00","6.2","","5.6","","96","","11","","7","","12.9","","99.77","","","","","","Clear"
"2006-05-04 03:00","2006","05","04","03:00","6.2","","5.9","","98","","11","","6","","9.7","","99.77","","","","","","Fog"
"2006-05-04 04:00","2006","05","04","04:00","5.4","","5.2","","99","","15","","15","","0.8","","99.74","","","","","","Fog"
"2006-05-04 05:00","2006","05","04","05:00","6.4","","5.9","","97","","17","","7","","8.0","","99.73","","","","","","Fog"
"2006-05-04 06:00","2006","05","04","06:00","7.8","","6.9","","94","","16","","7","","12.9","","99.73","","","","","","Clear"
"2006-05-04 07:00","2006","05","04","07:00","10.4","","7.6","","83","","20","","13","","24.1","","99.72","","","","","","Clear"
"2006-05-04 08:00","2006","05","04","08:00","13.5","","8.6","","72","","22","","7","","24.1","","99.66","","","","","","Clear"
"2006-05-04 09:00","2006","05","04","09:00","17.3","","9.0","","58","","16","","6","","24.1","","99.56","","","","","","Clear"
"2006-05-04 10:00","2006","05","04","10:00","20.4","","8.8","","47","","20","","17","","24.1","","99.46","","","","","","Mainly Clear"
"2006-05-04 11:00","2006","05","04","11:00","23.0","","9.9","","43","","19","","17","","24.1","","99.36","","","","","","Mainly Clear"
"2006-05-04 12:00","2006","05","04","12:00","23.6","","10.6","","44","","22","","22","","24.1","","99.26","","25","","","","Mostly Cloudy"
"2006-05-04 13:00","2006","05","04","13:00","22.9","","11.2","","48","","21","","22","","24.1","","99.14","","25","","","","Mostly Cloudy"
"2006-05-04 14:00","2006","05","04","14:00","23.1","","11.2","","47","","19","","24","","16.1","","99.06","","25","","","","Cloudy"
"2006-05-04 15:00","2006","05","04","15:00","16.2","","14.1","","87","","27","","24","","16.1","","99.21","","","","","","Thunderstorms,Rain Showers"
"2006-05-04 16:00","2006","05","04","16:00","16.2","","14.5","","90","","21","","11","","24.1","","99.11","","","","","","Cloudy"
"2006-05-04 17:00","2006","05","04","17:00","17.8","","15.2","","85","","21","","13","","24.1","","99.00","","","","","","Mostly Cloudy"
"2006-05-04 18:00","2006","05","04","18:00","18.9","","14.4","","75","","22","","20","","24.1","","98.99","","","","","","Mainly Clear"
"2006-05-04 19:00","2006","05","04","19:00","18.3","","13.0","","71","","22","","19","","24.1","","99.01","","","","","","Clear"
"2006-05-04 20:00","2006","05","04","20:00","16.9","","11.7","","71","","23","","15","","25.0","","99.06","","","","","","Clear"
"2006-05-04 21:00","2006","05","04","21:00","15.1","","7.2","","59","","26","","17","","25.0","","99.12","","","","","","Clear"
"2006-05-04 22:00","2006","05","04","22:00","14.4","","3.1","","47","","28","","19","","25.0","","99.17","","","","","","Clear"
"2006-05-04 23:00","2006","05","04","23:00","13.1","","3.1","","51","","27","","13","","25.0","","99.21","","","","","","Clear"
"2006-05-05 00:00","2006","05","05","00:00","11.5","","3.3","","57","","25","","9","","25.0","","99.22","","","","","","Clear"
"2006-05-05 01:00","2006","05","05","01:00","10.3","","3.7","","64","","23","","9","","25.0","","99.25","","","","","","Clear"
"2006-05-05 02:00","2006","05","05","02:00","9.3","","3.8","","68","","25","","9","","25.0","","99.27","","","","","","Clear"
"2006-05-05 03:00","2006","05","05","03:00","8.4","","3.6","","72","","25","","11","","25.0","","99.30","","","","","","Clear"
"2006-05-05 04:00","2006","05","05","04:00","7.6","","3.3","","74","","26","","11","","25.0","","99.33","","","","","","Clear"
"2006-05-05 05:00","2006","05","05","05:00","7.8","","3.8","","76","","27","","11","","24.1","","99.36","","","","","","Clear"
"2006-05-05 06:00","2006","05","05","06:00","9.0","","4.7","","74","","28","","13","","24.1","","99.42","","","","","","Clear"
"2006-05-05 07:00","2006","05","05","07:00","10.6","","5.3","","70","","28","","20","","24.1","","99.47","","","","","","Clear"
"2006-05-05 08:00","2006","05","05","08:00","11.9","","5.8","","66","","28","","19","","24.1","","99.47","","","","","","Mainly Clear"
"2006-05-05 09:00","2006","05","05","09:00","13.4","","6.4","","63","","27","","11","","24.1","","99.46","","","","","","Mainly Clear"
"2006-05-05 10:00","2006","05","05","10:00","14.7","","6.8","","59","","27","","11","","24.1","","99.44","","","","","","Mainly Clear"
"2006-05-05 11:00","2006","05","05","11:00","15.1","","6.5","","56","","29","","15","","24.1","","99.42","","","","","","Mainly Clear"
"2006-05-05 12:00","2006","05","05","12:00","16.4","","5.7","","49","","28","","15","","24.1","","99.40","","","","","","Mainly Clear"
"2006-05-05 13:00","2006","05","05","13:00","16.7","","6.6","","51","","27","","11","","24.1","","99.36","","","","","","Mostly Cloudy"
"2006-05-05 14:00","2006","05","05","14:00","18.5","","7.0","","47","","25","","17","","32.2","","99.36","","","","","","Mostly Cloudy"
"2006-05-05 15:00","2006","05","05","15:00","16.9","","6.6","","51","","31","","11","","32.2","","99.36","","","","","","Cloudy"
"2006-05-05 16:00","2006","05","05","16:00","16.8","","5.7","","48","","30","","9","","32.2","","99.36","","","","","","Mostly Cloudy"
"2006-05-05 17:00","2006","05","05","17:00","16.5","","5.4","","48","","31","","7","","32.2","","99.33","","","","","","Mostly Cloudy"
"2006-05-05 18:00","2006","05","05","18:00","16.1","","5.6","","50","","","","0","","32.2","","99.32","","","","","","Mostly Cloudy"
"2006-05-05 19:00","2006","05","05","19:00","13.4","","6.0","","61","","29","","24","","24.1","","99.43","","","","","","Mostly Cloudy"
"2006-05-05 20:00","2006","05","05","20:00","12.7","","6.5","","66","","34","","20","","25.0","","99.52","","","","","","Mostly Cloudy"
"2006-05-05 21:00","2006","05","05","21:00","11.6","","5.3","","65","","31","","13","","25.0","","99.56","","","","","","Mainly Clear"
"2006-05-05 22:00","2006","05","05","22:00","10.2","","5.2","","71","","29","","9","","25.0","","99.58","","","","","","Mainly Clear"
"2006-05-05 23:00","2006","05","05","23:00","8.9","","5.2","","78","","27","","4","","25.0","","99.58","","","","","","Mainly Clear"
"2006-05-06 00:00","2006","05","06","00:00","8.3","","5.2","","81","","30","","7","","25.0","","99.56","","","","","","Clear"
"2006-05-06 01:00","2006","05","06","01:00","6.9","","4.3","","83","","35","","9","","25.0","","99.56","","","","","","Mainly Clear"
"2006-05-06 02:00","2006","05","06","02:00","7.4","","4.6","","82","","36","","7","","25.0","","99.54","","","","","","Mostly Cloudy"
"2006-05-06 03:00","2006","05","06","03:00","6.9","","4.3","","83","","34","","9","","25.0","","99.52","","","","","","Mostly Cloudy"
"2006-05-06 04:00","2006","05","06","04:00","6.7","","4.2","","84","","36","","7","","25.0","","99.51","","","","","","Mostly Cloudy"
"2006-05-06 05:00","2006","05","06","05:00","7.3","","4.7","","84","","36","","6","","24.1","","99.53","","","","","","Rain"
"2006-05-06 06:00","2006","05","06","06:00","6.7","","5.8","","94","","29","","6","","16.1","","99.56","","","","","","Rain"
"2006-05-06 07:00","2006","05","06","07:00","7.1","","5.8","","91","","34","","9","","16.1","","99.56","","","","","","Rain"
"2006-05-06 08:00","2006","05","06","08:00","7.3","","6.3","","93","","35","","6","","9.7","","99.59","","","","","","Rain,Fog"
"2006-05-06 09:00","2006","05","06","09:00","7.3","","5.9","","91","","33","","9","","8.0","","99.60","","","","","","Rain,Fog"
"2006-05-06 10:00","2006","05","06","10:00","6.8","","5.9","","94","","30","","11","","6.4","","99.63","","","","","","Rain,Fog"
"2006-05-06 11:00","2006","05","06","11:00","6.0","","4.3","","89","","29","","17","","8.0","","99.68","","","","","","Rain,Fog"
"2006-05-06 12:00","2006","05","06","12:00","5.9","","3.9","","87","","30","","19","","24.1","","99.69","","","","","","Rain"
"2006-05-06 13:00","2006","05","06","13:00","6.9","","4.8","","86","","30","","15","","24.1","","99.77","","","","","","Cloudy"
"2006-05-06 14:00","2006","05","06","14:00","9.7","","5.2","","74","","29","","20","","24.1","","99.80","","","","","","Mostly Cloudy"
"2006-05-06 15:00","2006","05","06","15:00","8.3","","4.2","","75","","35","","19","","24.1","","99.85","","","","","","Mostly Cloudy"
"2006-05-06 16:00","2006","05","06","16:00","8.4","","3.2","","70","","30","","26","","24.1","","99.95","","","","","","Rain Showers"
"2006-05-06 17:00","2006","05","06","17:00","7.1","","1.9","","69","","34","","22","","24.1","","99.99","","","","","","Mainly Clear"
"2006-05-06 18:00","2006","05","06","18:00","8.0","","1.7","","64","","32","","17","","24.1","","100.03","","","","","","Mainly Clear"
"2006-05-06 19:00","2006","05","06","19:00","6.6","","0.1","","63","","34","","11","","24.1","","100.10","","","","","","Mainly Clear"
"2006-05-06 20:00","2006","05","06","20:00","4.6","","-1.4","","65","","33","","9","","24.1","","100.19","","","","","","Clear"
"2006-05-06 21:00","2006","05","06","21:00","3.9","","-1.6","","67","","32","","13","","25.0","","100.27","","","","","","Clear"
"2006-05-06 22:00","2006","05","06","22:00","3.2","","-2.8","","65","","33","","13","","25.0","","100.33","","","","","","Clear"
"2006-05-06 23:00","2006","05","06","23:00","2.7","","-3.1","","66","","34","","11","","25.0","","100.40","","","","","","Clear"
"2006-05-07 00:00","2006","05","07","00:00","2.1","","-4.4","","62","","36","","6","","25.0","","100.46","","","","","","Clear"
"2006-05-07 01:00","2006","05","07","01:00","1.7","","-5.1","","61","","35","","7","","25.0","","100.50","","","","","","Clear"
"2006-05-07 02:00","2006","05","07","02:00","0.5","","-4.8","","68","","33","","6","","25.0","","100.50","","","","","","Clear"
"2006-05-07 03:00","2006","05","07","03:00","0.3","","-3.2","","77","","27","","6","","25.0","","100.56","","","","","","Clear"
"2006-05-07 04:00","2006","05","07","04:00","-1.3","","-4.0","","82","","33","","7","","25.0","","100.58","","","","-4","","Clear"
"2006-05-07 05:00","2006","05","07","05:00","-1.9","","-5.9","","74","","35","","9","","24.1","","100.60","","","","-5","","Clear"
"2006-05-07 06:00","2006","05","07","06:00","1.4","","-3.6","","69","","2","","4","","32.2","","100.66","","","","","","Clear"
"2006-05-07 07:00","2006","05","07","07:00","2.7","","-4.0","","61","","","","0","","32.2","","100.70","","","","","","Clear"
"2006-05-07 08:00","2006","05","07","08:00","4.6","","-3.4","","56","","21","","6","","32.2","","100.74","","","","","","Clear"
"2006-05-07 09:00","2006","05","07","09:00","6.4","","-3.6","","49","","22","","4","","32.2","","100.75","","","","","","Mainly Clear"
"2006-05-07 10:00","2006","05","07","10:00","8.3","","-2.8","","45","","21","","9","","32.2","","100.73","","","","","","Mainly Clear"
"2006-05-07 11:00","2006","05","07","11:00","9.2","","-1.4","","47","","26","","9","","32.2","","100.70","","","","","","Mostly Cloudy"
"2006-05-07 12:00","2006","05","07","12:00","10.6","","-1.5","","43","","26","","15","","32.2","","100.64","","","","","","Mostly Cloudy"
"2006-05-07 13:00","2006","05","07","13:00","11.7","","-1.0","","41","","24","","20","","32.2","","100.61","","","","","","Mostly Cloudy"
"2006-05-07 14:00","2006","05","07","14:00","11.8","","-2.2","","38","","22","","20","","32.2","","100.58","","","","","","Mostly Cloudy"
"2006-05-07 15:00","2006","05","07","15:00","12.2","","-1.4","","39","","25","","17","","32.2","","100.54","","","","","","Cloudy"
"2006-05-07 16:00","2006","05","07","16:00","11.4","","-1.6","","40","","24","","11","","32.2","","100.54","","","","","","Cloudy"
"2006-05-07 17:00","2006","05","07","17:00","11.6","","-1.7","","40","","24","","17","","32.2","","100.54","","","","","","Cloudy"
"2006-05-07 18:00","2006","05","07","18:00","11.0","","-2.4","","39","","24","","15","","24.1","","100.58","","","","","","Cloudy"
"2006-05-07 19:00","2006","05","07","19:00","10.1","","-3.1","","39","","22","","4","","24.1","","100.56","","","","","","Mostly Cloudy"
"2006-05-07 20:00","2006","05","07","20:00","9.7","","-3.3","","40","","22","","6","","24.1","","100.58","","","","","","Mostly Cloudy"
"2006-05-07 21:00","2006","05","07","21:00","9.0","","-3.6","","41","","21","","4","","25.0","","100.59","","","","","","Mainly Clear"
"2006-05-07 22:00","2006","05","07","22:00","8.1","","-3.4","","44","","17","","4","","25.0","","100.61","","","","","","Mostly Cloudy"
"2006-05-07 23:00","2006","05","07","23:00","6.3","","-2.4","","54","","16","","6","","25.0","","100.61","","","","","","Mostly Cloudy"
"2006-05-08 00:00","2006","05","08","00:00","6.5","","-1.2","","58","","14","","6","","25.0","","100.61","","","","","","Mostly Cloudy"
"2006-05-08 01:00","2006","05","08","01:00","7.2","","-0.7","","57","","11","","6","","25.0","","100.59","","","","","","Mostly Cloudy"
"2006-05-08 02:00","2006","05","08","02:00","5.8","","0.3","","68","","12","","9","","25.0","","100.55","","","","","","Mostly Cloudy"
"2006-05-08 03:00","2006","05","08","03:00","5.8","","-0.2","","65","","8","","6","","25.0","","100.55","","","","","","Mostly Cloudy"
"2006-05-08 04:00","2006","05","08","04:00","5.2","","-0.2","","68","","7","","7","","25.0","","100.58","","","","","","Mainly Clear"
"2006-05-08 05:00","2006","05","08","05:00","4.5","","0.2","","74","","6","","9","","24.1","","100.66","","","","","","Mainly Clear"
"2006-05-08 06:00","2006","05","08","06:00","5.7","","1.0","","72","","8","","9","","19.3","","100.68","","","","","","Mainly Clear"
"2006-05-08 07:00","2006","05","08","07:00","8.3","","2.2","","65","","8","","7","","19.3","","100.68","","","","","","Mostly Cloudy"
"2006-05-08 08:00","2006","05","08","08:00","10.9","","2.8","","57","","10","","7","","19.3","","100.74","","","","","","Mostly Cloudy"
"2006-05-08 09:00","2006","05","08","09:00","13.4","","2.9","","49","","9","","6","","19.3","","100.72","","","","","","Mainly Clear"
"2006-05-08 10:00","2006","05","08","10:00","16.2","","1.6","","37","","12","","7","","24.1","","100.68","","","","","","Mainly Clear"
"2006-05-08 11:00","2006","05","08","11:00","18.5","","2.9","","35","","16","","7","","24.1","","100.62","","","","","","Mainly Clear"
"2006-05-08 12:00","2006","05","08","12:00","19.8","","3.7","","34","","17","","11","","24.1","","100.54","","","","","","Mainly Clear"
"2006-05-08 13:00","2006","05","08","13:00","21.0","","3.4","","31","","23","","17","","24.1","","100.44","","","","","","Mainly Clear"
"2006-05-08 14:00","2006","05","08","14:00","21.6","","4.2","","32","","22","","9","","24.1","","100.41","","","","","","Mainly Clear"
"2006-05-08 15:00","2006","05","08","15:00","22.5","","3.2","","28","","18","","13","","24.1","","100.35","","","","","","Mainly Clear"
"2006-05-08 16:00","2006","05","08","16:00","22.6","","2.7","","27","","24","","9","","24.1","","100.33","","","","","","Mainly Clear"
"2006-05-08 17:00","2006","05","08","17:00","21.7","","2.1","","27","","21","","11","","24.1","","100.34","","","","","","Mainly Clear"
"2006-05-08 18:00","2006","05","08","18:00","21.1","","1.9","","28","","20","","11","","24.1","","100.34","","","","","","Clear"
"2006-05-08 19:00","2006","05","08","19:00","19.3","","2.0","","32","","19","","6","","24.1","","100.36","","","","","","Clear"
"2006-05-08 20:00","2006","05","08","20:00","18.3","","1.5","","32","","23","","4","","25.0","","100.38","","","","","","Clear"
"2006-05-08 21:00","2006","05","08","21:00","14.9","","2.1","","42","","12","","7","","25.0","","100.42","","","","","","Clear"
"2006-05-08 22:00","2006","05","08","22:00","14.0","","1.7","","43","","14","","6","","25.0","","100.43","","","","","","Clear"
"2006-05-08 23:00","2006","05","08","23:00","13.0","","1.6","","46","","15","","6","","25.0","","100.43","","","","","","Clear"
"2006-05-09 00:00","2006","05","09","00:00","10.2","","2.6","","59","","10","","7","","25.0","","100.42","","","","","","Clear"
"2006-05-09 01:00","2006","05","09","01:00","13.5","","1.3","","43","","9","","4","","25.0","","100.40","","","","","","Clear"
"2006-05-09 02:00","2006","05","09","02:00","11.1","","2.9","","57","","2","","7","","25.0","","100.40","","","","","","Clear"
"2006-05-09 03:00","2006","05","09","03:00","10.6","","3.3","","61","","5","","9","","25.0","","100.40","","","","","","Clear"
"2006-05-09 04:00","2006","05","09","04:00","9.0","","4.0","","71","","36","","6","","25.0","","100.43","","","","","","Mainly Clear"
"2006-05-09 05:00","2006","05","09","05:00","10.9","","4.2","","63","","4","","11","","24.1","","100.45","","","","","","Mostly Cloudy"
"2006-05-09 06:00","2006","05","09","06:00","11.8","","5.1","","63","","5","","11","","24.1","","100.48","","","","","","Mostly Cloudy"
"2006-05-09 07:00","2006","05","09","07:00","13.8","","5.4","","57","","7","","11","","24.1","","100.50","","","","","","Mostly Cloudy"
"2006-05-09 08:00","2006","05","09","08:00","16.1","","6.7","","54","","7","","7","","24.1","","100.52","","","","","","Mostly Cloudy"
"2006-05-09 09:00","2006","05","09","09:00","18.1","","7.2","","49","","3","","9","","24.1","","100.51","","","","","","Mostly Cloudy"
"2006-05-09 10:00","2006","05","09","10:00","19.3","","7.3","","46","","5","","7","","24.1","","100.52","","","","","","Mostly Cloudy"
"2006-05-09 11:00","2006","05","09","11:00","20.8","","7.2","","41","","3","","7","","24.1","","100.48","","","","","","Mostly Cloudy"
"2006-05-09 12:00","2006","05","09","12:00","22.4","","6.5","","36","","4","","13","","24.1","","100.37","","","","","","Mostly Cloudy"
"2006-05-09 13:00","2006","05","09","13:00","23.0","","6.4","","34","","9","","15","","24.1","","100.29","","","","","","Mostly Cloudy"
"2006-05-09 14:00","2006","05","09","14:00"
"2006-05-09 15:00","2006","05","09","15:00","23.5","","5.6","","31","","9","","11","","24.1","","100.16","","","","","","Mostly Cloudy"
"2006-05-09 16:00","2006","05","09","16:00","23.6","","6.6","","33","","11","","19","","24.1","","100.13","","","","","","Mostly Cloudy"
"2006-05-09 17:00","2006","05","09","17:00","22.9","","5.8","","33","","11","","22","","24.1","","100.11","","","","","","Mostly Cloudy"
"2006-05-09 18:00","2006","05","09","18:00","21.8","","5.7","","35","","11","","19","","24.1","","100.10","","","","","","Mostly Cloudy"
"2006-05-09 19:00","2006","05","09","19:00","19.3","","5.8","","41","","10","","15","","24.1","","100.08","","","","","","Mostly Cloudy"
"2006-05-09 20:00","2006","05","09","20:00","16.4","","6.1","","50","","10","","11","","25.0","","100.12","","","","","","Mostly Cloudy"
"2006-05-09 21:00","2006","05","09","21:00","16.2","","6.3","","52","","8","","9","","25.0","","100.16","","","","","","Mainly Clear"
"2006-05-09 22:00","2006","05","09","22:00","15.3","","6.2","","55","","8","","11","","25.0","","100.17","","","","","","Mainly Clear"
"2006-05-09 23:00","2006","05","09","23:00","14.6","","5.6","","55","","7","","9","","25.0","","100.11","","","","","","Mainly Clear"
"2006-05-10 00:00","2006","05","10","00:00","13.6","","5.8","","59","","2","","9","","25.0","","100.10","","","","","","Mostly Cloudy"
"2006-05-10 01:00","2006","05","10","01:00","13.7","","6.3","","61","","3","","11","","25.0","","100.07","","","","","","Mostly Cloudy"
"2006-05-10 02:00","2006","05","10","02:00","14.1","","6.0","","58","","5","","13","","25.0","","100.02","","","","","","Mostly Cloudy"
"2006-05-10 03:00","2006","05","10","03:00","13.9","","5.4","","56","","7","","15","","25.0","","100.00","","","","","","Cloudy"
"2006-05-10 04:00","2006","05","10","04:00","12.4","","5.4","","62","","7","","15","","25.0","","100.00","","","","","","Mainly Clear"
"2006-05-10 05:00","2006","05","10","05:00","12.3","","4.8","","60","","7","","17","","24.1","","100.02","","","","","","Mostly Cloudy"
"2006-05-10 06:00","2006","05","10","06:00","13.8","","4.7","","54","","7","","20","","24.1","","100.04","","","","","","Mainly Clear"
"2006-05-10 07:00","2006","05","10","07:00","15.3","","4.2","","47","","7","","26","","24.1","","100.05","","","","","","Mainly Clear"
"2006-05-10 08:00","2006","05","10","08:00","16.9","","5.3","","46","","8","","22","","24.1","","100.06","","","","","","Mainly Clear"
"2006-05-10 09:00","2006","05","10","09:00","17.9","","5.7","","45","","9","","20","","24.1","","100.07","","","","","","Mostly Cloudy"
"2006-05-10 10:00","2006","05","10","10:00","18.4","","6.6","","46","","8","","24","","24.1","","100.03","","","","","","Mostly Cloudy"
"2006-05-10 11:00","2006","05","10","11:00","19.1","","7.0","","45","","10","","19","","24.1","","100.02","","","","","","Mostly Cloudy"
"2006-05-10 12:00","2006","05","10","12:00","19.0","","7.9","","48","","17","","20","","24.1","","99.94","","","","","","Mostly Cloudy"
"2006-05-10 13:00","2006","05","10","13:00","20.0","","8.6","","48","","11","","17","","24.1","","99.92","","","","","","Mostly Cloudy"
"2006-05-10 14:00","2006","05","10","14:00","20.6","","10.0","","51","","9","","15","","24.1","","99.88","","","","","","Mostly Cloudy"
"2006-05-10 15:00","2006","05","10","15:00","20.8","","10.1","","50","","11","","17","","24.1","","99.83","","","","","","Mainly Clear"
"2006-05-10 16:00","2006","05","10","16:00","21.3","","10.5","","50","","10","","13","","24.1","","99.79","","","","","","Mainly Clear"
"2006-05-10 17:00","2006","05","10","17:00","20.4","","10.6","","53","","10","","19","","24.1","","99.78","","","","","","Mainly Clear"
"2006-05-10 18:00","2006","05","10","18:00","19.6","","10.9","","57","","8","","19","","24.1","","99.76","","","","","","Mainly Clear"
"2006-05-10 19:00","2006","05","10","19:00","18.4","","10.9","","62","","7","","15","","24.1","","99.73","","","","","","Mostly Cloudy"
"2006-05-10 20:00","2006","05","10","20:00","17.0","","10.9","","67","","6","","15","","25.0","","99.76","","","","","","Mainly Clear"
"2006-05-10 21:00","2006","05","10","21:00","15.8","","10.9","","73","","8","","6","","25.0","","99.78","","","","","","Mainly Clear"
"2006-05-10 22:00","2006","05","10","22:00","14.5","","9.9","","74","","8","","19","","25.0","","99.80","","","","","","Mostly Cloudy"
"2006-05-10 23:00","2006","05","10","23:00","13.3","","9.3","","77","","8","","24","","25.0","","99.78","","","","","","Mostly Cloudy"
"2006-05-11 00:00","2006","05","11","00:00","12.1","","9.2","","82","","9","","20","","25.0","","99.78","","","","","","Mainly Clear"
"2006-05-11 01:00","2006","05","11","01:00","11.2","","9.0","","86","","8","","22","","25.0","","99.75","","","","","","Mainly Clear"
"2006-05-11 02:00","2006","05","11","02:00","11.6","","9.3","","86","","8","","15","","25.0","","99.78","","","","","","Cloudy"
"2006-05-11 03:00","2006","05","11","03:00","10.8","","9.2","","90","","8","","22","","25.0","","99.72","","","","","","Mainly Clear"
"2006-05-11 04:00","2006","05","11","04:00","10.6","","9.3","","92","","8","","19","","25.0","","99.65","","","","","","Mostly Cloudy"
"2006-05-11 05:00","2006","05","11","05:00","11.1","","9.8","","92","","8","","24","","19.3","","99.65","","","","","","Cloudy"
"2006-05-11 06:00","2006","05","11","06:00","12.0","","10.4","","90","","8","","17","","24.1","","99.67","","","","","","Cloudy"
"2006-05-11 07:00","2006","05","11","07:00","13.3","","10.8","","85","","9","","22","","24.1","","99.67","","","","","","Mostly Cloudy"
"2006-05-11 08:00","2006","05","11","08:00","15.6","","11.9","","79","","9","","19","","24.1","","99.70","","","","","","Mostly Cloudy"
"2006-05-11 09:00","2006","05","11","09:00","18.0","","12.6","","71","","9","","24","","24.1","","99.61","","","","","","Mostly Cloudy"
"2006-05-11 10:00","2006","05","11","10:00","18.2","","12.6","","70","","8","","26","","24.1","","99.55","","","","","","Cloudy"
"2006-05-11 11:00","2006","05","11","11:00","19.5","","12.5","","64","","11","","28","","24.1","","99.50","","","","","","Cloudy"
"2006-05-11 12:00","2006","05","11","12:00","20.2","","13.2","","64","","10","","28","","24.1","","99.41","","","","","","Cloudy"
"2006-05-11 13:00","2006","05","11","13:00","22.5","","13.2","","56","","10","","26","","24.1","","99.32","","25","","","","Mostly Cloudy"
"2006-05-11 14:00","2006","05","11","14:00","23.7","","12.4","","49","","11","","26","","24.1","","99.23","","26","","","","Mostly Cloudy"
"2006-05-11 15:00","2006","05","11","15:00","23.4","","10.6","","44","","14","","30","","24.1","","99.17","","25","","","","Mostly Cloudy"
"2006-05-11 16:00","2006","05","11","16:00","22.6","","10.7","","47","","15","","24","","24.1","","99.17","","","","","","Mostly Cloudy"
"2006-05-11 17:00","2006","05","11","17:00","22.4","","10.0","","45","","13","","24","","24.1","","99.18","","","","","","Mostly Cloudy"
"2006-05-11 18:00","2006","05","11","18:00","21.5","","10.4","","49","","10","","30","","24.1","","99.20","","","","","","Mostly Cloudy"
"2006-05-11 19:00","2006","05","11","19:00","20.0","","10.0","","53","","10","","24","","24.1","","99.24","","","","","","Mostly Cloudy"
"2006-05-11 20:00","2006","05","11","20:00","18.9","","10.0","","56","","10","","26","","24.1","","99.24","","","","","","Mostly Cloudy"
"2006-05-11 21:00","2006","05","11","21:00","17.7","","10.0","","61","","9","","32","","25.0","","99.27","","","","","","Mostly Cloudy"
"2006-05-11 22:00","2006","05","11","22:00","17.1","","10.2","","64","","9","","35","","25.0","","99.31","","","","","","Mostly Cloudy"
"2006-05-11 23:00","2006","05","11","23:00","16.6","","10.1","","65","","9","","30","","25.0","","99.32","","","","","","Cloudy"
"2006-05-12 00:00","2006","05","12","00:00","16.1","","10.1","","68","","9","","30","","25.0","","99.27","","","","","","Cloudy"
"2006-05-12 01:00","2006","05","12","01:00","15.8","","10.0","","68","","9","","35","","25.0","","99.22","","","","","","Cloudy"
"2006-05-12 02:00","2006","05","12","02:00","15.8","","10.4","","70","","9","","30","","25.0","","99.17","","","","","","Cloudy"
"2006-05-12 03:00","2006","05","12","03:00","15.7","","10.4","","71","","9","","33","","25.0","","99.07","","","","","","Cloudy"
"2006-05-12 04:00","2006","05","12","04:00","15.3","","10.4","","73","","9","","41","","25.0","","99.03","","","","","","Cloudy"
"2006-05-12 05:00","2006","05","12","05:00","14.4","","11.0","","80","","9","","41","","24.1","","99.04","","","","","","Rain"
"2006-05-12 06:00","2006","05","12","06:00","13.5","","11.2","","86","","9","","41","","24.1","","99.14","","","","","","Rain"
"2006-05-12 07:00","2006","05","12","07:00","13.2","","11.5","","89","","10","","26","","19.3","","99.24","","","","","","Rain"
"2006-05-12 08:00","2006","05","12","08:00","12.9","","11.7","","92","","9","","24","","16.1","","99.31","","","","","","Rain"
"2006-05-12 09:00","2006","05","12","09:00","13.1","","11.9","","92","","9","","35","","9.7","","99.35","","","","","","Rain,Fog"
"2006-05-12 10:00","2006","05","12","10:00","12.9","","11.9","","94","","9","","33","","9.7","","99.40","","","","","","Rain,Fog"
"2006-05-12 11:00","2006","05","12","11:00","13.6","","12.5","","93","","9","","30","","24.1","","99.45","","","","","","Rain"
"2006-05-12 12:00","2006","05","12","12:00","13.7","","12.5","","92","","9","","32","","24.1","","99.50","","","","","","Rain"
"2006-05-12 13:00","2006","05","12","13:00","13.8","","12.8","","94","","9","","28","","19.3","","99.54","","","","","","Rain"
"2006-05-12 14:00","2006","05","12","14:00","14.0","","12.9","","93","","9","","24","","19.3","","99.53","","","","","","Rain"
"2006-05-12 15:00","2006","05","12","15:00","14.3","","13.0","","92","","9","","26","","24.1","","99.53","","","","","","Cloudy"
"2006-05-12 16:00","2006","05","12","16:00","14.6","","13.2","","91","","9","","33","","24.1","","99.56","","","","","","Cloudy"
"2006-05-12 17:00","2006","05","12","17:00","14.8","","13.1","","90","","9","","30","","24.1","","99.60","","","","","","Cloudy"
"2006-05-12 18:00","2006","05","12","18:00","14.4","","13.0","","91","","9","","30","","19.3","","99.65","","","","","","Rain"
"2006-05-12 19:00","2006","05","12","19:00","13.7","","13.0","","96","","9","","30","","6.4","","99.71","","","","","","Rain,Fog"
"2006-05-12 20:00","2006","05","12","20:00","13.7","","12.9","","95","","9","","26","","16.1","","99.76","","","","","","Rain"
"2006-05-12 21:00","2006","05","12","21:00","13.6","","12.7","","94","","9","","24","","12.9","","99.81","","","","","","Moderate Rain"
"2006-05-12 22:00","2006","05","12","22:00","13.5","","12.8","","96","","9","","26","","8.0","","99.84","","","","","","Moderate Rain,Fog"
"2006-05-12 23:00","2006","05","12","23:00","12.8","","11.8","","94","","9","","30","","8.0","","99.84","","","","","","Moderate Rain,Fog"
"2006-05-13 00:00","2006","05","13","00:00","12.1","","11.3","","95","","8","","32","","12.9","","99.85","","","","","","Rain"
"2006-05-13 01:00","2006","05","13","01:00","11.8","","11.0","","95","","9","","32","","16.1","","99.82","","","","","","Rain"
"2006-05-13 02:00","2006","05","13","02:00","11.7","","10.8","","94","","8","","26","","16.1","","99.82","","","","","","Rain"
"2006-05-13 03:00","2006","05","13","03:00","11.5","","10.6","","94","","8","","32","","16.1","","99.82","","","","","","Rain"
"2006-05-13 04:00","2006","05","13","04:00","11.4","","10.6","","95","","8","","32","","19.3","","99.85","","","","","","Rain"
"2006-05-13 05:00","2006","05","13","05:00","11.4","","10.5","","94","","8","","28","","24.1","","99.89","","","","","","Rain"
"2006-05-13 06:00","2006","05","13","06:00","11.4","","10.6","","95","","9","","28","","8.0","","99.96","","","","","","Rain,Fog"
"2006-05-13 07:00","2006","05","13","07:00","11.7","","10.7","","94","","9","","24","","19.3","","100.00","","","","","","Cloudy"
"2006-05-13 08:00","2006","05","13","08:00","11.8","","10.7","","93","","9","","33","","19.3","","100.07","","","","","","Rain"
"2006-05-13 09:00","2006","05","13","09:00","12.2","","10.6","","90","","8","","33","","19.3","","100.10","","","","","","Rain"
"2006-05-13 10:00","2006","05","13","10:00","13.5","","11.0","","85","","9","","32","","19.3","","100.14","","","","","","Cloudy"
"2006-05-13 11:00","2006","05","13","11:00","13.9","","11.0","","83","","8","","24","","19.3","","100.16","","","","","","Cloudy"
"2006-05-13 12:00","2006","05","13","12:00","13.8","","10.7","","82","","8","","33","","24.1","","100.21","","","","","","Cloudy"
"2006-05-13 13:00","2006","05","13","13:00","13.7","","10.2","","79","","8","","30","","19.3","","100.23","","","","","","Cloudy"
"2006-05-13 14:00","2006","05","13","14:00","12.5","","9.4","","81","","8","","43","","24.1","","100.29","","","","","","Cloudy"
"2006-05-13 15:00","2006","05","13","15:00","11.7","","9.2","","85","","8","","30","","19.3","","100.30","","","","","","Cloudy"
"2006-05-13 16:00","2006","05","13","16:00","11.4","","8.6","","83","","8","","32","","19.3","","100.32","","","","","","Cloudy"
"2006-05-13 17:00","2006","05","13","17:00","11.1","","8.3","","83","","9","","35","","24.1","","100.37","","","","","","Cloudy"
"2006-05-13 18:00","2006","05","13","18:00","11.5","","7.9","","79","","9","","35","","19.3","","100.38","","","","","","Cloudy"
"2006-05-13 19:00","2006","05","13","19:00","11.4","","7.4","","76","","8","","26","","24.1","","100.45","","","","","","Mostly Cloudy"
"2006-05-13 20:00","2006","05","13","20:00","11.5","","7.1","","74","","9","","30","","24.1","","100.48","","","","","","Cloudy"
"2006-05-13 21:00","2006","05","13","21:00","11.7","","6.9","","72","","8","","35","","19.3","","100.48","","","","","","Cloudy"
"2006-05-13 22:00","2006","05","13","22:00","11.2","","6.6","","73","","8","","32","","19.3","","100.49","","","","","","Mainly Clear"
"2006-05-13 23:00","2006","05","13","23:00","11.0","","6.7","","75","","9","","28","","19.3","","100.51","","","","","","Mostly Cloudy"
"2006-05-14 00:00","2006","05","14","00:00","11.4","","6.0","","69","","9","","20","","19.3","","100.52","","","","","","Cloudy"
"2006-05-14 01:00","2006","05","14","01:00","10.8","","6.6","","75","","8","","24","","19.3","","100.50","","","","","","Mostly Cloudy"
"2006-05-14 02:00","2006","05","14","02:00","10.1","","7.0","","81","","8","","17","","19.3","","100.49","","","","","","Mostly Cloudy"
"2006-05-14 03:00","2006","05","14","03:00","9.7","","6.9","","83","","7","","15","","19.3","","100.49","","","","","","Mostly Cloudy"
"2006-05-14 04:00","2006","05","14","04:00","11.2","","6.9","","75","","8","","20","","24.1","","100.48","","","","","","Cloudy"
"2006-05-14 05:00","2006","05","14","05:00","11.5","","7.3","","75","","8","","20","","24.1","","100.51","","","","","","Cloudy"
"2006-05-14 06:00","2006","05","14","06:00","11.3","","7.9","","80","","7","","22","","24.1","","100.52","","","","","","Cloudy"
"2006-05-14 07:00","2006","05","14","07:00","11.4","","8.1","","80","","8","","20","","19.3","","100.58","","","","","","Cloudy"
"2006-05-14 08:00","2006","05","14","08:00","12.3","","8.7","","79","","9","","26","","19.3","","100.56","","","","","","Cloudy"
"2006-05-14 09:00","2006","05","14","09:00","12.5","","8.9","","79","","9","","28","","19.3","","100.59","","","","","","Cloudy"
"2006-05-14 10:00","2006","05","14","10:00","12.6","","9.8","","83","","8","","24","","16.1","","100.61","","","","","","Rain Showers"
"2006-05-14 11:00","2006","05","14","11:00","12.2","","10.9","","92","","7","","22","","8.0","","100.65","","","","","","Rain,Fog"
"2006-05-14 12:00","2006","05","14","12:00","12.3","","10.7","","90","","8","","30","","6.4","","100.66","","","","","","Rain,Fog"
"2006-05-14 13:00","2006","05","14","13:00","12.4","","11.4","","94","","7","","20","","8.0","","100.66","","","","","","Rain,Fog"
"2006-05-14 14:00","2006","05","14","14:00","12.5","","11.0","","91","","7","","24","","9.7","","100.64","","","","","","Rain,Fog"
"2006-05-14 15:00","2006","05","14","15:00","13.2","","11.3","","88","","8","","20","","9.7","","100.64","","","","","","Rain,Fog"
"2006-05-14 16:00","2006","05","14","16:00","13.3","","11.9","","91","","9","","11","","9.7","","100.64","","","","","","Rain,Fog"
"2006-05-14 17:00","2006","05","14","17:00","13.8","","12.3","","91","","10","","7","","19.3","","100.59","","","","","","Rain"
"2006-05-14 18:00","2006","05","14","18:00","14.0","","12.9","","93","","8","","13","","12.9","","100.58","","","","","","Rain"
"2006-05-14 19:00","2006","05","14","19:00","13.6","","11.3","","86","","10","","22","","16.1","","100.62","","","","","","Rain"
"2006-05-14 20:00","2006","05","14","20:00","12.7","","9.7","","82","","9","","19","","19.3","","100.59","","","","","","Cloudy"
"2006-05-14 21:00","2006","05","14","21:00","12.5","","9.4","","81","","7","","15","","24.1","","100.59","","","","","","Cloudy"
"2006-05-14 22:00","2006","05","14","22:00","12.3","","9.4","","82","","7","","15","","24.1","","100.57","","","","","","Cloudy"
"2006-05-14 23:00","2006","05","14","23:00","12.4","","9.0","","80","","7","","13","","24.1","","100.54","","","","","","Cloudy"
"2006-05-15 00:00","2006","05","15","00:00","12.5","","8.7","","78","","6","","17","","24.1","","100.53","","","","","","Cloudy"
"2006-05-15 01:00","2006","05","15","01:00","11.8","","8.8","","82","","8","","19","","19.3","","100.52","","","","","","Cloudy"
"2006-05-15 02:00","2006","05","15","02:00","11.4","","9.2","","86","","8","","17","","19.3","","100.47","","","","","","Rain"
"2006-05-15 03:00","2006","05","15","03:00","11.1","","9.0","","87","","6","","17","","19.3","","100.43","","","","","","Rain"
"2006-05-15 04:00","2006","05","15","04:00","10.8","","8.9","","88","","7","","15","","16.1","","100.39","","","","","","Rain"
"2006-05-15 05:00","2006","05","15","05:00","10.6","","8.6","","87","","8","","17","","16.1","","100.39","","","","","","Rain"
"2006-05-15 06:00","2006","05","15","06:00","10.8","","8.6","","86","","7","","20","","16.1","","100.39","","","","","","Cloudy"
"2006-05-15 07:00","2006","05","15","07:00","11.1","","8.9","","86","","8","","24","","16.1","","100.41","","","","","","Cloudy"
"2006-05-15 08:00","2006","05","15","08:00","11.4","","8.7","","83","","8","","20","","24.1","","100.41","","","","","","Cloudy"
"2006-05-15 09:00","2006","05","15","09:00","12.0","","9.2","","83","","8","","28","","24.1","","100.40","","","","","","Cloudy"
"2006-05-15 10:00","2006","05","15","10:00","12.9","","10.1","","83","","9","","24","","24.1","","100.35","","","","","","Cloudy"
"2006-05-15 11:00","2006","05","15","11:00","14.1","","10.7","","80","","8","","24","","24.1","","100.32","","","","","","Cloudy"
"2006-05-15 12:00","2006","05","15","12:00","14.6","","10.5","","76","","6","","24","","24.1","","100.27","","","","","","Cloudy"
"2006-05-15 13:00","2006","05","15","13:00","17.6","","11.7","","68","","10","","26","","24.1","","100.20","","","","","","Mostly Cloudy"
"2006-05-15 14:00","2006","05","15","14:00","18.2","","11.7","","66","","8","","30","","32.2","","100.09","","","","","","Mostly Cloudy"
"2006-05-15 15:00","2006","05","15","15:00","18.8","","11.9","","64","","7","","33","","32.2","","100.01","","","","","","Mostly Cloudy"
"2006-05-15 16:00","2006","05","15","16:00","17.0","","10.8","","67","","9","","28","","32.2","","99.95","","","","","","Mostly Cloudy"
"2006-05-15 17:00","2006","05","15","17:00","16.1","","11.0","","72","","9","","28","","24.1","","99.91","","","","","","Mostly Cloudy"
"2006-05-15 18:00","2006","05","15","18:00","15.2","","10.5","","74","","7","","22","","32.2","","99.87","","","","","","Cloudy"
"2006-05-15 19:00","2006","05","15","19:00","14.6","","10.6","","77","","7","","22","","32.2","","99.82","","","","","","Mostly Cloudy"
"2006-05-15 20:00","2006","05","15","20:00","13.8","","10.8","","82","","7","","22","","25.0","","99.78","","","","","","Mostly Cloudy"
"2006-05-15 21:00","2006","05","15","21:00","13.2","","10.8","","85","","8","","17","","25.0","","99.79","","","","","","Mostly Cloudy"
"2006-05-15 22:00","2006","05","15","22:00","12.6","","11.1","","91","","9","","17","","19.3","","99.72","","","","","","Rain"
"2006-05-15 23:00","2006","05","15","23:00","12.4","","11.5","","94","","8","","20","","19.3","","99.66","","","","","","Rain"
"2006-05-16 00:00","2006","05","16","00:00","12.3","","11.6","","95","","7","","15","","16.1","","99.57","","","","","","Rain"
"2006-05-16 01:00","2006","05","16","01:00","12.2","","11.5","","95","","8","","17","","16.1","","99.49","","","","","","Cloudy"
"2006-05-16 02:00","2006","05","16","02:00","12.1","","11.4","","95","","9","","19","","16.1","","99.43","","","","","","Cloudy"
"2006-05-16 03:00","2006","05","16","03:00","11.8","","11.3","","97","","9","","13","","16.1","","99.37","","","","","","Cloudy"
"2006-05-16 04:00","2006","05","16","04:00","11.8","","11.2","","96","","9","","13","","16.1","","99.34","","","","","","Cloudy"
"2006-05-16 05:00","2006","05","16","05:00","11.6","","10.9","","95","","9","","17","","16.1","","99.32","","","","","","Cloudy"
"2006-05-16 06:00","2006","05","16","06:00","11.6","","11.0","","96","","9","","15","","19.3","","99.27","","","","","","Cloudy"
"2006-05-16 07:00","2006","05","16","07:00","13.0","","11.8","","92","","9","","15","","24.1","","99.18","","","","","","Mostly Cloudy"
"2006-05-16 08:00","2006","05","16","08:00","14.0","","11.4","","84","","7","","11","","24.1","","99.22","","","","","","Mostly Cloudy"
"2006-05-16 09:00","2006","05","16","09:00","15.6","","11.7","","78","","10","","9","","24.1","","99.17","","","","","","Mostly Cloudy"
"2006-05-16 10:00","2006","05","16","10:00","16.3","","10.9","","70","","13","","9","","24.1","","99.11","","","","","","Mostly Cloudy"
"2006-05-16 11:00","2006","05","16","11:00","16.6","","10.2","","66","","16","","6","","24.1","","99.02","","","","","","Cloudy"
"2006-05-16 12:00","2006","05","16","12:00","16.7","","10.2","","65","","6","","9","","24.1","","98.96","","","","","","Mostly Cloudy"
"2006-05-16 13:00","2006","05","16","13:00","17.8","","10.2","","61","","6","","9","","24.1","","98.88","","","","","","Mostly Cloudy"
"2006-05-16 14:00","2006","05","16","14:00","18.1","","9.7","","58","","11","","7","","24.1","","98.79","","","","","","Mostly Cloudy"
"2006-05-16 15:00","2006","05","16","15:00","18.7","","9.7","","56","","13","","6","","24.1","","98.70","","","","","","Mostly Cloudy"
"2006-05-16 16:00","2006","05","16","16:00","19.1","","9.5","","54","","36","","9","","24.1","","98.64","","","","","","Mostly Cloudy"
"2006-05-16 17:00","2006","05","16","17:00","17.4","","8.2","","55","","36","","13","","24.1","","98.62","","","","","","Mostly Cloudy"
"2006-05-16 18:00","2006","05","16","18:00","16.8","","8.5","","58","","36","","9","","24.1","","98.60","","","","","","Cloudy"
"2006-05-16 19:00","2006","05","16","19:00","16.0","","9.1","","64","","24","","7","","24.1","","98.57","","","","","","Cloudy"
"2006-05-16 20:00","2006","05","16","20:00","14.7","","9.8","","72","","25","","7","","24.1","","98.56","","","","","","Cloudy"
"2006-05-16 21:00","2006","05","16","21:00","14.4","","10.6","","78","","22","","9","","25.0","","98.52","","","","","","Cloudy"
"2006-05-16 22:00","2006","05","16","22:00","13.8","","10.4","","80","","23","","9","","25.0","","98.48","","","","","","Cloudy"
"2006-05-16 23:00","2006","05","16","23:00","13.1","","10.8","","86","","26","","9","","25.0","","98.45","","","","","","Rain"
"2006-05-17 00:00","2006","05","17","00:00","12.8","","10.9","","88","","26","","11","","19.3","","98.40","","","","","","Rain"
"2006-05-17 01:00","2006","05","17","01:00","12.1","","11.1","","94","","26","","11","","12.9","","98.37","","","","","","Rain"
"2006-05-17 02:00","2006","05","17","02:00","11.8","","11.2","","96","","25","","13","","9.7","","98.33","","","","","","Moderate Rain"
"2006-05-17 03:00","2006","05","17","03:00","11.7","","11.0","","95","","23","","13","","9.7","","98.27","","","","","","Rain"
"2006-05-17 04:00","2006","05","17","04:00","11.7","","10.9","","95","","25","","13","","12.9","","98.25","","","","","","Cloudy"
"2006-05-17 05:00","2006","05","17","05:00","11.6","","10.9","","95","","24","","13","","8.0","","98.25","","","","","","Fog"
"2006-05-17 06:00","2006","05","17","06:00","11.8","","11.0","","95","","24","","11","","12.9","","98.25","","","","","","Rain"
"2006-05-17 07:00","2006","05","17","07:00","12.4","","11.3","","93","","23","","11","","16.1","","98.23","","","","","","Cloudy"
"2006-05-17 08:00","2006","05","17","08:00","12.8","","11.5","","92","","24","","17","","16.1","","98.22","","","","","","Cloudy"
"2006-05-17 09:00","2006","05","17","09:00","12.9","","11.7","","92","","24","","11","","9.7","","98.24","","","","","","Rain,Drizzle,Fog"
"2006-05-17 10:00","2006","05","17","10:00","13.4","","11.9","","91","","23","","13","","9.7","","98.22","","","","","","Drizzle,Fog"
"2006-05-17 11:00","2006","05","17","11:00","14.2","","11.7","","85","","23","","13","","19.3","","98.20","","","","","","Drizzle"
"2006-05-17 12:00","2006","05","17","12:00","14.4","","12.9","","91","","21","","6","","16.1","","98.19","","","","","","Drizzle"
"2006-05-17 13:00","2006","05","17","13:00","15.9","","12.5","","80","","22","","11","","24.1","","98.14","","","","","","Cloudy"
"2006-05-17 14:00","2006","05","17","14:00","16.3","","12.0","","76","","22","","11","","24.1","","98.13","","","","","","Cloudy"
"2006-05-17 15:00","2006","05","17","15:00","16.8","","12.5","","76","","23","","9","","24.1","","98.11","","","","","","Cloudy"
"2006-05-17 16:00","2006","05","17","16:00","16.9","","12.6","","76","","18","","9","","24.1","","98.09","","","","","","Cloudy"
"2006-05-17 17:00","2006","05","17","17:00","15.7","","13.9","","89","","16","","9","","24.1","","98.10","","","","","","Mostly Cloudy"
"2006-05-17 18:00","2006","05","17","18:00","15.1","","13.3","","89","","18","","13","","24.1","","98.11","","","","","","Cloudy"
"2006-05-17 19:00","2006","05","17","19:00","14.1","","13.0","","93","","17","","9","","19.3","","98.14","","","","","","Rain Showers"
"2006-05-17 20:00","2006","05","17","20:00","13.5","","12.8","","96","","16","","11","","8.0","","98.16","","","","","","Rain,Fog"
"2006-05-17 21:00","2006","05","17","21:00","13.1","","12.5","","96","","12","","9","","8.0","","98.16","","","","","","Rain,Fog"
"2006-05-17 22:00","2006","05","17","22:00","12.9","","12.5","","97","","15","","7","","6.4","","98.16","","","","","","Rain,Fog"
"2006-05-17 23:00","2006","05","17","23:00","12.9","","12.5","","97","","14","","6","","3.2","","98.13","","","","","","Rain,Fog"
"2006-05-18 00:00","2006","05","18","00:00","13.0","","12.7","","98","","15","","4","","3.2","","98.10","","","","","","Rain,Fog"
"2006-05-18 01:00","2006","05","18","01:00","13.0","","12.5","","97","","24","","4","","12.9","","98.08","","","","","","Rain"
"2006-05-18 02:00","2006","05","18","02:00","12.9","","12.4","","97","","21","","4","","9.7","","98.07","","","","","","Rain"
"2006-05-18 03:00","2006","05","18","03:00","12.7","","12.4","","98","","20","","4","","12.9","","98.07","","","","","","Cloudy"
"2006-05-18 04:00","2006","05","18","04:00","12.5","","12.2","","98","","12","","4","","2.4","","98.09","","","","","","Fog"
"2006-05-18 05:00","2006","05","18","05:00","12.4","","12.3","","99","","20","","4","","1.2","","98.12","","","","","","Fog"
"2006-05-18 06:00","2006","05","18","06:00","12.8","","12.5","","98","","13","","4","","4.8","","98.14","","","","","","Drizzle,Fog"
"2006-05-18 07:00","2006","05","18","07:00","13.2","","12.6","","96","","9","","6","","9.7","","98.19","","","","","","Fog"
"2006-05-18 08:00","2006","05","18","08:00","12.8","","12.2","","96","","13","","7","","4.8","","98.21","","","","","","Fog"
"2006-05-18 09:00","2006","05","18","09:00","12.4","","11.9","","97","","9","","13","","1.2","","98.23","","","","","","Fog"
"2006-05-18 10:00","2006","05","18","10:00","13.1","","12.4","","96","","9","","15","","4.8","","98.24","","","","","","Fog"
"2006-05-18 11:00","2006","05","18","11:00","13.4","","12.3","","93","","9","","11","","9.7","","98.28","","","","","","Fog"
"2006-05-18 12:00","2006","05","18","12:00","15.2","","12.8","","86","","8","","17","","24.1","","98.26","","","","","","Mostly Cloudy"
"2006-05-18 13:00","2006","05","18","13:00","16.7","","13.3","","80","","6","","19","","24.1","","98.25","","","","","","Mostly Cloudy"
"2006-05-18 14:00","2006","05","18","14:00","16.5","","12.8","","79","","7","","22","","19.3","","98.25","","","","","","Mostly Cloudy"
"2006-05-18 15:00","2006","05","18","15:00","16.6","","12.9","","79","","6","","22","","19.3","","98.21","","","","","","Mostly Cloudy"
"2006-05-18 16:00","2006","05","18","16:00","15.8","","12.2","","79","","7","","22","","16.1","","98.23","","","","","","Mostly Cloudy"
"2006-05-18 17:00","2006","05","18","17:00","14.6","","11.4","","81","","8","","22","","19.3","","98.36","","","","","","Cloudy"
"2006-05-18 18:00","2006","05","18","18:00","13.2","","11.8","","91","","9","","15","","16.1","","98.48","","","","","","Thunderstorms,Moderate Rain Showers"
"2006-05-18 19:00","2006","05","18","19:00","13.0","","11.9","","93","","4","","28","","6.4","","98.39","","","","","","Thunderstorms,Heavy Rain Showers"
"2006-05-18 20:00","2006","05","18","20:00","12.8","","11.8","","94","","13","","9","","12.9","","98.47","","","","","","Rain"
"2006-05-18 21:00","2006","05","18","21:00","12.9","","11.9","","94","","10","","15","","12.9","","98.53","","","","","","Cloudy"
"2006-05-18 22:00","2006","05","18","22:00","12.8","","12.0","","95","","9","","11","","12.9","","98.54","","","","","","Cloudy"
"2006-05-18 23:00","2006","05","18","23:00","12.7","","11.8","","94","","11","","11","","9.7","","98.53","","","","","","Rain"
"2006-05-19 00:00","2006","05","19","00:00","12.4","","11.8","","96","","12","","11","","12.9","","98.51","","","","","","Rain"
"2006-05-19 01:00","2006","05","19","01:00","12.4","","11.8","","96","","16","","11","","8.0","","98.51","","","","","","Rain,Fog"
"2006-05-19 02:00","2006","05","19","02:00","12.1","","11.4","","95","","17","","9","","12.9","","98.52","","","","","","Cloudy"
"2006-05-19 03:00","2006","05","19","03:00","11.4","","10.7","","95","","18","","9","","16.1","","98.59","","","","","","Cloudy"
"2006-05-19 04:00","2006","05","19","04:00","11.1","","10.2","","94","","18","","9","","16.1","","98.61","","","","","","Cloudy"
"2006-05-19 05:00","2006","05","19","05:00","10.8","","10.1","","95","","18","","7","","16.1","","98.64","","","","","","Cloudy"
"2006-05-19 06:00","2006","05","19","06:00","11.4","","9.9","","90","","20","","9","","24.1","","98.64","","","","","","Mainly Clear"
"2006-05-19 07:00","2006","05","19","07:00","11.8","","9.3","","85","","21","","7","","24.1","","98.69","","","","","","Cloudy"
"2006-05-19 08:00","2006","05","19","08:00","11.8","","9.7","","87","","22","","9","","24.1","","98.71","","","","","","Cloudy"
"2006-05-19 09:00","2006","05","19","09:00","12.8","","8.5","","75","","23","","9","","24.1","","98.69","","","","","","Cloudy"
"2006-05-19 10:00","2006","05","19","10:00","12.5","","8.6","","77","","18","","6","","24.1","","98.69","","","","","","Cloudy"
"2006-05-19 11:00","2006","05","19","11:00","12.9","","8.2","","73","","","","0","","24.1","","98.66","","","","","","Cloudy"
"2006-05-19 12:00","2006","05","19","12:00","13.9","","8.3","","69","","36","","4","","24.1","","98.62","","","","","","Cloudy"
"2006-05-19 13:00","2006","05","19","13:00","14.4","","8.7","","69","","34","","6","","24.1","","98.58","","","","","","Cloudy"
"2006-05-19 14:00","2006","05","19","14:00","14.5","","9.2","","70","","29","","9","","24.1","","98.52","","","","","","Cloudy"
"2006-05-19 15:00","2006","05","19","15:00","14.9","","8.2","","64","","30","","9","","24.1","","98.43","","","","","","Cloudy"
"2006-05-19 16:00","2006","05","19","16:00","14.7","","8.3","","65","","31","","11","","24.1","","98.43","","","","","","Cloudy"
"2006-05-19 17:00","2006","05","19","17:00","14.4","","8.8","","69","","27","","7","","24.1","","98.37","","","","","","Cloudy"
"2006-05-19 18:00","2006","05","19","18:00","14.1","","9.4","","73","","29","","9","","24.1","","98.32","","","","","","Mostly Cloudy"
"2006-05-19 19:00","2006","05","19","19:00","13.0","","11.0","","88","","3","","9","","19.3","","98.32","","","","","","Mostly Cloudy"
"2006-05-19 20:00","2006","05","19","20:00","12.5","","11.1","","91","","34","","11","","16.1","","98.28","","","","","","Rain"
"2006-05-19 21:00","2006","05","19","21:00","11.6","","9.6","","88","","29","","11","","16.1","","98.24","","","","","","Rain"
"2006-05-19 22:00","2006","05","19","22:00","11.4","","10.2","","92","","27","","9","","16.1","","98.21","","","","","","Rain"
"2006-05-19 23:00","2006","05","19","23:00","11.6","","10.6","","94","","27","","13","","16.1","","98.18","","","","","","Rain"
"2006-05-20 00:00","2006","05","20","00:00","11.6","","10.4","","92","","27","","22","","16.1","","98.15","","","","","","Rain"
"2006-05-20 01:00","2006","05","20","01:00","11.0","","9.7","","92","","27","","19","","16.1","","98.11","","","","","","Rain"
"2006-05-20 02:00","2006","05","20","02:00","10.4","","9.2","","92","","27","","22","","16.1","","98.08","","","","","","Rain"
"2006-05-20 03:00","2006","05","20","03:00","9.9","","8.7","","92","","27","","24","","16.1","","98.06","","","","","","Rain"
"2006-05-20 04:00","2006","05","20","04:00","9.5","","8.5","","93","","27","","20","","16.1","","98.08","","","","","","Rain"
"2006-05-20 05:00","2006","05","20","05:00","8.8","","7.8","","93","","27","","24","","16.1","","98.10","","","","","","Rain"
"2006-05-20 06:00","2006","05","20","06:00","8.3","","7.3","","93","","27","","24","","12.9","","98.17","","","","","","Rain"
"2006-05-20 07:00","2006","05","20","07:00","8.2","","7.2","","93","","27","","26","","9.7","","98.23","","","","","","Rain,Fog"
"2006-05-20 08:00","2006","05","20","08:00","8.2","","7.3","","94","","27","","20","","16.1","","98.27","","","","","","Rain"
"2006-05-20 09:00","2006","05","20","09:00","8.1","","7.3","","95","","27","","24","","8.0","","98.30","","","","","","Rain,Fog"
"2006-05-20 10:00","2006","05","20","10:00","8.0","","7.0","","93","","27","","24","","6.4","","98.37","","","","","","Rain,Fog"
"2006-05-20 11:00","2006","05","20","11:00","8.4","","6.8","","90","","28","","24","","16.1","","98.40","","","","","","Rain"
"2006-05-20 12:00","2006","05","20","12:00","8.4","","6.7","","89","","28","","22","","16.1","","98.43","","","","","","Rain"
"2006-05-20 13:00","2006","05","20","13:00","9.0","","7.2","","88","","28","","24","","16.1","","98.49","","","","","","Rain"
"2006-05-20 14:00","2006","05","20","14:00","9.1","","7.4","","89","","28","","37","","16.1","","98.53","","","","","","Rain"
"2006-05-20 15:00","2006","05","20","15:00","9.1","","7.1","","87","","29","","26","","19.3","","98.58","","","","","","Rain"
"2006-05-20 16:00","2006","05","20","16:00","9.1","","6.7","","85","","29","","28","","24.1","","98.62","","","","","","Rain"
"2006-05-20 17:00","2006","05","20","17:00","9.3","","6.5","","83","","29","","20","","24.1","","98.68","","","","","","Cloudy"
"2006-05-20 18:00","2006","05","20","18:00","9.0","","5.9","","81","","29","","20","","24.1","","98.76","","","","","","Cloudy"
"2006-05-20 19:00","2006","05","20","19:00","9.0","","5.8","","80","","28","","32","","24.1","","98.80","","","","","","Cloudy"
"2006-05-20 20:00","2006","05","20","20:00","8.7","","5.4","","80","","27","","20","","25.0","","98.85","","","","","","Cloudy"
"2006-05-20 21:00","2006","05","20","21:00","8.3","","6.1","","86","","27","","19","","24.1","","98.88","","","","","","Rain"
"2006-05-20 22:00","2006","05","20","22:00","8.1","","6.4","","89","","27","","17","","24.1","","98.89","","","","","","Rain"
"2006-05-20 23:00","2006","05","20","23:00","8.3","","5.9","","85","","27","","15","","25.0","","98.88","","","","","","Cloudy"
"2006-05-21 00:00","2006","05","21","00:00","7.8","","5.9","","88","","24","","6","","25.0","","98.85","","","","","","Mostly Cloudy"
"2006-05-21 01:00","2006","05","21","01:00","7.5","","5.8","","89","","19","","7","","25.0","","98.83","","","","","","Mainly Clear"
"2006-05-21 02:00","2006","05","21","02:00","6.8","","5.3","","90","","21","","9","","24.1","","98.79","","","","","","Mainly Clear"
"2006-05-21 03:00","2006","05","21","03:00","5.2","","4.4","","95","","15","","6","","19.3","","98.66","","","","","","Mainly Clear"
"2006-05-21 04:00","2006","05","21","04:00","6.1","","5.0","","93","","17","","7","","19.3","","98.60","","","","","","Mostly Cloudy"
"2006-05-21 05:00","2006","05","21","05:00","6.7","","5.3","","91","","16","","7","","16.1","","98.53","","","","","","Rain"
"2006-05-21 06:00","2006","05","21","06:00","7.2","","5.8","","91","","16","","11","","19.3","","98.48","","","","","","Cloudy"
"2006-05-21 07:00","2006","05","21","07:00","8.0","","6.5","","90","","20","","9","","8.0","","98.44","","","","","","Rain,Fog"
"2006-05-21 08:00","2006","05","21","08:00","8.2","","7.3","","94","","20","","15","","4.8","","98.40","","","","","","Moderate Rain,Fog"
"2006-05-21 09:00","2006","05","21","09:00","9.0","","8.2","","95","","22","","7","","16.1","","98.36","","","","","","Cloudy"
"2006-05-21 10:00","2006","05","21","10:00","10.3","","8.1","","86","","21","","26","","24.1","","98.35","","","","","","Mostly Cloudy"
"2006-05-21 11:00","2006","05","21","11:00","10.6","","6.8","","77","","30","","24","","32.2","","98.40","","","","","","Mostly Cloudy"
"2006-05-21 12:00","2006","05","21","12:00","10.0","","5.8","","75","","30","","15","","32.2","","98.45","","","","","","Mostly Cloudy"
"2006-05-21 13:00","2006","05","21","13:00","10.7","","4.6","","66","","22","","26","","32.2","","98.47","","","","","","Rain Showers"
"2006-05-21 14:00","2006","05","21","14:00","10.8","","1.6","","53","","26","","15","","32.2","","98.48","","","","","","Mostly Cloudy"
"2006-05-21 15:00","2006","05","21","15:00","10.9","","1.8","","53","","25","","22","","32.2","","98.51","","","","","","Mostly Cloudy"
"2006-05-21 16:00","2006","05","21","16:00","10.8","","2.5","","56","","28","","17","","32.2","","98.59","","","","","","Mostly Cloudy"
"2006-05-21 17:00","2006","05","21","17:00","10.7","","2.3","","56","","30","","19","","24.1","","98.66","","","","","","Mostly Cloudy"
"2006-05-21 18:00","2006","05","21","18:00","9.0","","3.6","","69","","34","","17","","24.1","","98.77","","","","","","Mostly Cloudy"
"2006-05-21 19:00","2006","05","21","19:00","8.2","","4.2","","76","","30","","28","","32.2","","98.91","","","","","","Mostly Cloudy"
"2006-05-21 20:00","2006","05","21","20:00","6.9","","3.9","","81","","29","","30","","24.1","","99.00","","","","","","Rain"
"2006-05-21 21:00","2006","05","21","21:00","6.2","","2.2","","76","","30","","33","","25.0","","99.13","","","","","","Cloudy"
"2006-05-21 22:00","2006","05","21","22:00","5.9","","2.7","","80","","30","","28","","25.0","","99.16","","","","","","Mostly Cloudy"
"2006-05-21 23:00","2006","05","21","23:00","5.6","","1.1","","73","","31","","20","","25.0","","99.24","","","","","","Cloudy"
"2006-05-22 00:00","2006","05","22","00:00","4.8","","0.0","","71","","31","","26","","25.0","","99.34","","","","","","Cloudy"
"2006-05-22 01:00","2006","05","22","01:00","4.2","","-0.7","","70","","31","","24","","25.0","","99.43","","","","","","Cloudy"
"2006-05-22 02:00","2006","05","22","02:00","3.8","","-0.7","","72","","31","","24","","25.0","","99.49","","","","","","Cloudy"
"2006-05-22 03:00","2006","05","22","03:00","3.8","","-0.3","","75","","31","","22","","25.0","","99.52","","","","","","Mostly Cloudy"
"2006-05-22 04:00","2006","05","22","04:00","3.8","","-0.4","","74","","32","","17","","32.2","","99.59","","","","","","Cloudy"
"2006-05-22 05:00","2006","05","22","05:00","3.7","","-0.9","","72","","30","","20","","32.2","","99.67","","","","","","Mostly Cloudy"
"2006-05-22 06:00","2006","05","22","06:00","4.1","","-0.4","","72","","31","","22","","32.2","","99.75","","","","","","Mostly Cloudy"
"2006-05-22 07:00","2006","05","22","07:00","4.6","","0.0","","72","","31","","22","","32.2","","99.77","","","","","","Mostly Cloudy"
"2006-05-22 08:00","2006","05","22","08:00","5.6","","0.1","","68","","29","","26","","32.2","","99.81","","","","","","Cloudy"
"2006-05-22 09:00","2006","05","22","09:00","7.0","","0.5","","63","","29","","22","","32.2","","99.81","","","","","","Mostly Cloudy"
"2006-05-22 10:00","2006","05","22","10:00","7.3","","0.8","","63","","27","","24","","32.2","","99.85","","","","","","Cloudy"
"2006-05-22 11:00","2006","05","22","11:00","8.2","","1.1","","61","","29","","20","","32.2","","99.83","","","","","","Cloudy"
"2006-05-22 12:00","2006","05","22","12:00","7.8","","1.5","","64","","27","","28","","24.1","","99.85","","","","","","Cloudy"
"2006-05-22 13:00","2006","05","22","13:00","9.6","","2.2","","60","","30","","26","","24.1","","99.84","","","","","","Mostly Cloudy"
"2006-05-22 14:00","2006","05","22","14:00","9.9","","1.7","","57","","29","","30","","24.1","","99.82","","","","","","Mostly Cloudy"
"2006-05-22 15:00","2006","05","22","15:00","10.5","","1.6","","54","","29","","28","","24.1","","99.83","","","","","","Mostly Cloudy"
"2006-05-22 16:00","2006","05","22","16:00","10.7","","1.7","","54","","29","","22","","24.1","","99.84","","","","","","Mostly Cloudy"
"2006-05-22 17:00","2006","05","22","17:00","9.7","","1.0","","55","","30","","22","","24.1","","99.89","","","","","","Cloudy"
"2006-05-22 18:00","2006","05","22","18:00","7.9","","2.9","","71","","35","","24","","24.1","","99.97","","","","","","Rain Showers"
"2006-05-22 19:00","2006","05","22","19:00","7.9","","2.3","","68","","32","","17","","32.2","","100.00","","","","","","Mostly Cloudy"
"2006-05-22 20:00","2006","05","22","20:00","7.8","","1.8","","66","","30","","20","","32.2","","100.02","","","","","","Cloudy"
"2006-05-22 21:00","2006","05","22","21:00","7.6","","2.0","","68","","30","","11","","25.0","","100.06","","","","","","Cloudy"
"2006-05-22 22:00","2006","05","22","22:00","7.9","","1.5","","64","","31","","22","","25.0","","100.04","","","","","","Cloudy"
"2006-05-22 23:00","2006","05","22","23:00","7.0","","2.3","","72","","30","","19","","25.0","","100.04","","","","","","Mostly Cloudy"
"2006-05-23 00:00","2006","05","23","00:00","7.3","","2.8","","73","","28","","13","","25.0","","100.03","","","","","","Cloudy"
"2006-05-23 01:00","2006","05","23","01:00","6.8","","2.8","","76","","26","","9","","25.0","","100.02","","","","","","Mostly Cloudy"
"2006-05-23 02:00","2006","05","23","02:00","6.4","","3.2","","80","","27","","11","","25.0","","100.01","","","","","","Cloudy"
"2006-05-23 03:00","2006","05","23","03:00","6.7","","2.8","","76","","27","","9","","25.0","","99.99","","","","","","Cloudy"
"2006-05-23 04:00","2006","05","23","04:00","6.7","","2.6","","75","","31","","13","","25.0","","100.00","","","","","","Mostly Cloudy"
"2006-05-23 05:00","2006","05","23","05:00","6.4","","2.3","","75","","31","","13","","32.2","","100.02","","","","","","Mostly Cloudy"
"2006-05-23 06:00","2006","05","23","06:00","7.0","","2.3","","72","","32","","20","","24.1","","100.08","","","","","","Cloudy"
"2006-05-23 07:00","2006","05","23","07:00","7.6","","2.3","","69","","32","","20","","24.1","","100.12","","","","","","Mostly Cloudy"
"2006-05-23 08:00","2006","05","23","08:00","8.2","","2.7","","68","","32","","22","","24.1","","100.19","","","","","","Cloudy"
"2006-05-23 09:00","2006","05","23","09:00","9.8","","3.0","","63","","32","","22","","24.1","","100.19","","","","","","Mostly Cloudy"
"2006-05-23 10:00","2006","05","23","10:00","10.4","","4.3","","66","","32","","19","","24.1","","100.19","","","","","","Mostly Cloudy"
"2006-05-23 11:00","2006","05","23","11:00","11.0","","4.2","","63","","30","","20","","24.1","","100.20","","","","","","Cloudy"
"2006-05-23 12:00","2006","05","23","12:00","11.5","","4.6","","63","","29","","17","","24.1","","100.15","","","","","","Mostly Cloudy"
"2006-05-23 13:00","2006","05","23","13:00","13.0","","4.9","","58","","28","","24","","24.1","","100.12","","","","","","Mainly Clear"
"2006-05-23 14:00","2006","05","23","14:00","14.6","","5.6","","55","","27","","20","","24.1","","100.06","","","","","","Mainly Clear"
"2006-05-23 15:00","2006","05","23","15:00","15.0","","5.9","","54","","29","","24","","24.1","","100.03","","","","","","Cloudy"
"2006-05-23 16:00","2006","05","23","16:00","15.6","","7.5","","58","","28","","26","","24.1","","100.04","","","","","","Mostly Cloudy"
"2006-05-23 17:00","2006","05","23","17:00","14.9","","6.9","","59","","29","","32","","24.1","","100.08","","","","","","Mostly Cloudy"
"2006-05-23 18:00","2006","05","23","18:00","14.8","","6.8","","59","","31","","26","","24.1","","100.11","","","","","","Mostly Cloudy"
"2006-05-23 19:00","2006","05","23","19:00","14.0","","5.8","","58","","32","","24","","24.1","","100.15","","","","","","Mostly Cloudy"
"2006-05-23 20:00","2006","05","23","20:00","13.2","","5.3","","59","","31","","17","","24.1","","100.18","","","","","","Mostly Cloudy"
"2006-05-23 21:00","2006","05","23","21:00","12.7","","5.1","","60","","32","","15","","25.0","","100.23","","","","","","Cloudy"
"2006-05-23 22:00","2006","05","23","22:00","12.3","","5.6","","64","","32","","11","","25.0","","100.22","","","","","","Mostly Cloudy"
"2006-05-23 23:00","2006","05","23","23:00","11.3","","5.5","","67","","29","","7","","25.0","","100.21","","","","","","Mostly Cloudy"
"2006-05-24 00:00","2006","05","24","00:00","10.3","","6.0","","75","","29","","7","","25.0","","100.18","","","","","","Mainly Clear"
"2006-05-24 01:00","2006","05","24","01:00","8.7","","5.4","","80","","29","","9","","25.0","","100.16","","","","","","Mainly Clear"
"2006-05-24 02:00","2006","05","24","02:00","8.1","","5.9","","86","","27","","9","","25.0","","100.15","","","","","","Clear"
"2006-05-24 03:00","2006","05","24","03:00","8.1","","6.6","","90","","27","","6","","25.0","","100.15","","","","","","Clear"
"2006-05-24 04:00","2006","05","24","04:00","7.2","","6.1","","93","","27","","4","","25.0","","100.18","","","","","","Mainly Clear"
"2006-05-24 05:00","2006","05","24","05:00","6.9","","5.8","","93","","","","0","","24.1","","100.21","","","","","","Clear"
"2006-05-24 06:00","2006","05","24","06:00","8.2","","6.5","","89","","","","0","","24.1","","100.26","","","","","","Clear"
"2006-05-24 07:00","2006","05","24","07:00","11.1","","7.4","","78","","28","","6","","24.1","","100.28","","","","","","Clear"
"2006-05-24 08:00","2006","05","24","08:00","13.5","","7.2","","66","","","","0","","24.1","","100.26","","","","","","Clear"
"2006-05-24 09:00","2006","05","24","09:00","14.2","","6.3","","59","","25","","6","","24.1","","100.24","","","","","","Clear"
"2006-05-24 10:00","2006","05","24","10:00","16.0","","7.3","","56","","28","","6","","24.1","","100.20","","","","","","Clear"
"2006-05-24 11:00","2006","05","24","11:00","17.3","","4.9","","44","","29","","9","","24.1","","100.15","","","","","","Clear"
"2006-05-24 12:00","2006","05","24","12:00","18.5","","4.9","","41","","28","","13","","24.1","","100.08","","","","","","Clear"
"2006-05-24 13:00","2006","05","24","13:00","19.6","","3.3","","34","","30","","13","","24.1","","99.99","","","","","","Clear"
"2006-05-24 14:00","2006","05","24","14:00","20.0","","3.6","","34","","28","","13","","24.1","","99.94","","","","","","Mainly Clear"
"2006-05-24 15:00","2006","05","24","15:00","20.0","","3.7","","34","","30","","13","","24.1","","99.88","","","","","","Mainly Clear"
"2006-05-24 16:00","2006","05","24","16:00","20.5","","2.6","","31","","30","","11","","24.1","","99.85","","","","","","Mainly Clear"
"2006-05-24 17:00","2006","05","24","17:00","19.7","","3.8","","35","","30","","7","","24.1","","99.78","","","","","","Mostly Cloudy"
"2006-05-24 18:00","2006","05","24","18:00","20.2","","3.9","","34","","20","","4","","24.1","","99.78","","","","","","Mostly Cloudy"
"2006-05-24 19:00","2006","05","24","19:00","18.2","","7.0","","48","","21","","9","","24.1","","99.78","","","","","","Mostly Cloudy"
"2006-05-24 20:00","2006","05","24","20:00","16.7","","6.6","","51","","18","","9","","24.1","","99.74","","","","","","Mostly Cloudy"
"2006-05-24 21:00","2006","05","24","21:00","15.6","","6.1","","53","","19","","9","","25.0","","99.74","","","","","","Mostly Cloudy"
"2006-05-24 22:00","2006","05","24","22:00","13.7","","5.6","","58","","18","","7","","25.0","","99.71","","","","","","Mainly Clear"
"2006-05-24 23:00","2006","05","24","23:00","13.1","","5.3","","59","","18","","9","","25.0","","99.67","","","","","","Clear"
"2006-05-25 00:00","2006","05","25","00:00","12.1","","5.4","","64","","19","","13","","25.0","","99.66","","","","","","Clear"
"2006-05-25 01:00","2006","05","25","01:00","11.1","","5.5","","68","","21","","7","","25.0","","99.65","","","","","","Clear"
"2006-05-25 02:00","2006","05","25","02:00","10.7","","5.8","","72","","19","","11","","25.0","","99.63","","","","","","Clear"
"2006-05-25 03:00","2006","05","25","03:00","10.0","","6.2","","77","","21","","11","","25.0","","99.59","","","","","","Mostly Cloudy"
"2006-05-25 04:00","2006","05","25","04:00","10.0","","6.2","","77","","19","","6","","24.1","","99.53","","","","","","Mostly Cloudy"
"2006-05-25 05:00","2006","05","25","05:00","9.1","","6.3","","83","","20","","11","","24.1","","99.59","","","","","","Mostly Cloudy"
"2006-05-25 06:00","2006","05","25","06:00","10.1","","7.6","","84","","21","","11","","24.1","","99.62","","","","","","Mainly Clear"
"2006-05-25 07:00","2006","05","25","07:00","12.5","","8.1","","75","","20","","11","","24.1","","99.61","","","","","","Mostly Cloudy"
"2006-05-25 08:00","2006","05","25","08:00","14.6","","8.8","","68","","20","","11","","24.1","","99.58","","","","","","Mainly Clear"
"2006-05-25 09:00","2006","05","25","09:00","18.1","","9.4","","57","","20","","13","","24.1","","99.50","","","","","","Mainly Clear"
"2006-05-25 10:00","2006","05","25","10:00","21.4","","9.7","","47","","22","","20","","24.1","","99.44","","","","","","Mainly Clear"
"2006-05-25 11:00","2006","05","25","11:00","22.7","","8.9","","41","","24","","20","","24.1","","99.40","","","","","","Mainly Clear"
"2006-05-25 12:00","2006","05","25","12:00","24.0","","9.4","","40","","24","","15","","24.1","","99.33","","25","","","","Mainly Clear"
"2006-05-25 13:00","2006","05","25","13:00","24.4","","9.8","","40","","22","","20","","24.1","","99.26","","26","","","","Mostly Cloudy"
"2006-05-25 14:00","2006","05","25","14:00","25.1","","9.3","","37","","22","","19","","24.1","","99.21","","26","","","","Mostly Cloudy"
"2006-05-25 15:00","2006","05","25","15:00","25.7","","9.4","","36","","21","","19","","24.1","","99.15","","27","","","","Mostly Cloudy"
"2006-05-25 16:00","2006","05","25","16:00","24.9","","9.2","","37","","21","","17","","24.1","","99.11","","26","","","","Mostly Cloudy"
"2006-05-25 17:00","2006","05","25","17:00","24.8","","9.3","","37","","19","","20","","24.1","","99.08","","26","","","","Mostly Cloudy"
"2006-05-25 18:00","2006","05","25","18:00","24.0","","9.8","","41","","20","","19","","24.1","","99.04","","25","","","","Cloudy"
"2006-05-25 19:00","2006","05","25","19:00","22.5","","9.4","","43","","20","","13","","24.1","","99.02","","","","","","Cloudy"
"2006-05-25 20:00","2006","05","25","20:00","21.1","","8.9","","46","","20","","9","","24.1","","99.04","","","","","","Mostly Cloudy"
"2006-05-25 21:00","2006","05","25","21:00","19.8","","9.9","","53","","21","","11","","25.0","","99.09","","","","","","Cloudy"
"2006-05-25 22:00","2006","05","25","22:00","18.6","","10.4","","59","","20","","7","","25.0","","99.11","","","","","","Mostly Cloudy"
"2006-05-25 23:00","2006","05","25","23:00","18.1","","10.5","","61","","22","","7","","25.0","","99.12","","","","","","Mostly Cloudy"
"2006-05-26 00:00","2006","05","26","00:00","17.2","","10.6","","65","","18","","7","","25.0","","99.10","","","","","","Cloudy"
"2006-05-26 01:00","2006","05","26","01:00","17.1","","10.4","","65","","18","","4","","25.0","","99.05","","","","","","Cloudy"
"2006-05-26 02:00","2006","05","26","02:00","16.0","","10.2","","68","","16","","7","","25.0","","98.99","","","","","","Cloudy"
"2006-05-26 03:00","2006","05","26","03:00","15.7","","10.1","","69","","18","","7","","25.0","","98.96","","","","","","Cloudy"
"2006-05-26 04:00","2006","05","26","04:00","15.9","","9.8","","67","","19","","6","","24.1","","98.94","","","","","","Mostly Cloudy"
"2006-05-26 05:00","2006","05","26","05:00","15.7","","10.1","","69","","18","","7","","24.1","","98.96","","","","","","Cloudy"
"2006-05-26 06:00","2006","05","26","06:00","15.8","","10.5","","71","","18","","7","","24.1","","98.96","","","","","","Mostly Cloudy"
"2006-05-26 07:00","2006","05","26","07:00","18.0","","11.7","","67","","18","","6","","19.3","","98.95","","","","","","Mostly Cloudy"
"2006-05-26 08:00","2006","05","26","08:00","18.5","","12.0","","66","","21","","11","","19.3","","98.97","","","","","","Mostly Cloudy"
"2006-05-26 09:00","2006","05","26","09:00","19.7","","12.6","","64","","20","","11","","19.3","","98.94","","","","","","Mostly Cloudy"
"2006-05-26 10:00","2006","05","26","10:00","20.9","","13.4","","62","","21","","9","","19.3","","98.92","","","","","","Cloudy"
"2006-05-26 11:00","2006","05","26","11:00","20.3","","13.8","","66","","19","","9","","19.3","","98.90","","","","","","Cloudy"
"2006-05-26 12:00","2006","05","26","12:00","20.3","","14.9","","71","","19","","7","","19.3","","98.87","","","","","","Rain"
"2006-05-26 13:00","2006","05","26","13:00","19.4","","15.5","","78","","16","","7","","16.1","","98.85","","","","","","Rain"
"2006-05-26 14:00","2006","05","26","14:00","18.6","","15.8","","84","","20","","13","","9.7","","98.87","","","","","","Rain,Haze"
"2006-05-26 15:00","2006","05","26","15:00","18.7","","16.4","","86","","20","","11","","8.0","","98.86","","","","","","Rain,Haze"
"2006-05-26 16:00","2006","05","26","16:00","18.7","","16.6","","88","","19","","7","","9.7","","98.85","","","","","","Haze"
"2006-05-26 17:00","2006","05","26","17:00","18.8","","16.4","","86","","21","","6","","9.7","","98.85","","","","","","Haze"
"2006-05-26 18:00","2006","05","26","18:00","18.8","","16.9","","89","","24","","6","","9.7","","98.88","","","","","","Rain,Haze"
"2006-05-26 19:00","2006","05","26","19:00","18.6","","17.0","","90","","23","","6","","8.0","","98.90","","","","","","Haze"
"2006-05-26 20:00","2006","05","26","20:00","17.6","","16.6","","94","","26","","7","","8.0","","98.91","","","","","","Fog"
"2006-05-26 21:00","2006","05","26","21:00","17.3","","16.3","","94","","27","","6","","9.7","","98.96","","","","","","Fog"
"2006-05-26 22:00","2006","05","26","22:00","16.5","","15.3","","93","","26","","6","","25.0","","98.96","","","","","","Cloudy"
"2006-05-26 23:00","2006","05","26","23:00","16.3","","15.3","","94","","28","","7","","25.0","","99.02","","","","","","Cloudy"
"2006-05-27 00:00","2006","05","27","00:00","16.6","","15.4","","93","","26","","7","","19.3","","99.06","","","","","","Cloudy"
"2006-05-27 01:00","2006","05","27","01:00","17.0","","15.3","","90","","34","","17","","12.9","","99.11","","","","","","Rain"
"2006-05-27 02:00","2006","05","27","02:00","16.1","","13.8","","86","","33","","17","","25.0","","99.16","","","","","","Cloudy"
"2006-05-27 03:00","2006","05","27","03:00","14.5","","12.1","","86","","32","","15","","25.0","","99.25","","","","","","Cloudy"
"2006-05-27 04:00","2006","05","27","04:00","13.8","","11.2","","84","","33","","20","","24.1","","99.34","","","","","","Cloudy"
"2006-05-27 05:00","2006","05","27","05:00","13.7","","11.1","","84","","34","","17","","24.1","","99.43","","","","","","Cloudy"
"2006-05-27 06:00","2006","05","27","06:00","13.9","","10.6","","80","","1","","20","","24.1","","99.54","","","","","","Cloudy"
"2006-05-27 07:00","2006","05","27","07:00","13.9","","10.4","","79","","34","","17","","24.1","","99.66","","","","","","Cloudy"
"2006-05-27 08:00","2006","05","27","08:00","14.1","","10.2","","77","","32","","19","","24.1","","99.75","","","","","","Cloudy"
"2006-05-27 09:00","2006","05","27","09:00","14.9","","10.7","","76","","32","","15","","24.1","","99.81","","","","","","Mostly Cloudy"
"2006-05-27 10:00","2006","05","27","10:00","16.3","","11.3","","72","","35","","9","","32.2","","99.86","","","","","","Mainly Clear"
"2006-05-27 11:00","2006","05","27","11:00","18.1","","11.5","","65","","29","","7","","32.2","","99.86","","","","","","Mainly Clear"
"2006-05-27 12:00","2006","05","27","12:00","19.7","","10.9","","57","","35","","9","","32.2","","99.89","","","","","","Mainly Clear"
"2006-05-27 13:00","2006","05","27","13:00","22.0","","11.0","","50","","33","","9","","32.2","","99.91","","","","","","Mostly Cloudy"
"2006-05-27 14:00","2006","05","27","14:00","22.8","","10.3","","45","","34","","7","","32.2","","99.93","","","","","","Mostly Cloudy"
"2006-05-27 15:00","2006","05","27","15:00","23.0","","7.8","","38","","32","","17","","32.2","","99.96","","","","","","Mainly Clear"
"2006-05-27 16:00","2006","05","27","16:00","23.1","","7.2","","36","","33","","17","","32.2","","99.95","","","","","","Mainly Clear"
"2006-05-27 17:00","2006","05","27","17:00","23.3","","8.0","","37","","34","","11","","32.2","","99.98","","","","","","Clear"
"2006-05-27 18:00","2006","05","27","18:00","22.7","","8.2","","39","","32","","11","","32.2","","100.05","","","","","","Clear"
"2006-05-27 19:00","2006","05","27","19:00","21.8","","8.9","","44","","25","","7","","32.2","","100.05","","","","","","Mainly Clear"
"2006-05-27 20:00","2006","05","27","20:00","19.5","","7.9","","47","","28","","9","","32.2","","100.13","","","","","","Mainly Clear"
"2006-05-27 21:00","2006","05","27","21:00","18.7","","7.8","","49","","27","","4","","25.0","","100.21","","","","","","Mainly Clear"
"2006-05-27 22:00","2006","05","27","22:00","17.9","","7.9","","52","","25","","11","","25.0","","100.31","","","","","","Clear"
"2006-05-27 23:00","2006","05","27","23:00","16.1","","8.6","","61","","18","","6","","25.0","","100.33","","","","","","Clear"
"2006-05-28 00:00","2006","05","28","00:00","15.9","","8.1","","60","","23","","6","","25.0","","100.37","","","","","","Clear"
"2006-05-28 01:00","2006","05","28","01:00","14.1","","8.3","","68","","25","","4","","25.0","","100.43","","","","","","Clear"
"2006-05-28 02:00","2006","05","28","02:00","13.2","","8.2","","72","","17","","11","","25.0","","100.45","","","","","","Clear"
"2006-05-28 03:00","2006","05","28","03:00","12.2","","8.9","","80","","19","","4","","25.0","","100.44","","","","","","Clear"
"2006-05-28 04:00","2006","05","28","04:00","10.4","","8.8","","90","","","","0","","32.2","","100.50","","","","","","Mainly Clear"
"2006-05-28 05:00","2006","05","28","05:00","10.3","","8.8","","90","","","","0","","32.2","","100.58","","","","","","Mainly Clear"
"2006-05-28 06:00","2006","05","28","06:00","13.0","","10.8","","86","","","","0","","32.2","","100.58","","","","","","Mainly Clear"
"2006-05-28 07:00","2006","05","28","07:00","15.1","","11.8","","81","","18","","4","","24.1","","100.70","","","","","","Mainly Clear"
"2006-05-28 08:00","2006","05","28","08:00","18.6","","12.4","","67","","21","","6","","24.1","","100.72","","","","","","Mainly Clear"
"2006-05-28 09:00","2006","05","28","09:00","21.1","","12.6","","58","","21","","7","","24.1","","100.69","","","","","","Mostly Cloudy"
"2006-05-28 10:00","2006","05","28","10:00","23.3","","13.5","","54","","24","","6","","24.1","","100.70","","26","","","","Mostly Cloudy"
"2006-05-28 11:00","2006","05","28","11:00","24.6","","11.2","","43","","21","","9","","24.1","","100.70","","26","","","","Mostly Cloudy"
"2006-05-28 12:00","2006","05","28","12:00","24.8","","11.2","","42","","23","","13","","24.1","","100.67","","27","","","","Mostly Cloudy"
"2006-05-28 13:00","2006","05","28","13:00","25.1","","13.7","","49","","22","","15","","24.1","","100.61","","28","","","","Mostly Cloudy"
"2006-05-28 14:00","2006","05","28","14:00","26.1","","12.5","","43","","19","","13","","24.1","","100.55","","29","","","","Mostly Cloudy"
"2006-05-28 15:00","2006","05","28","15:00","25.4","","13.8","","49","","21","","17","","24.1","","100.53","","29","","","","Mostly Cloudy"
"2006-05-28 16:00","2006","05","28","16:00","24.0","","14.2","","54","","22","","13","","24.1","","100.43","","27","","","","Mostly Cloudy"
"2006-05-28 17:00","2006","05","28","17:00","23.2","","14.2","","57","","20","","15","","24.1","","100.39","","27","","","","Cloudy"
"2006-05-28 18:00","2006","05","28","18:00","22.3","","14.2","","60","","23","","13","","32.2","","100.47","","26","","","","Cloudy"
"2006-05-28 19:00","2006","05","28","19:00","21.9","","14.5","","63","","23","","7","","32.2","","100.46","","26","","","","Cloudy"
"2006-05-28 20:00","2006","05","28","20:00","21.1","","14.1","","64","","21","","7","","24.1","","100.46","","25","","","","Cloudy"
"2006-05-28 21:00","2006","05","28","21:00","20.3","","13.7","","66","","20","","7","","24.1","","100.48","","","","","","Rain"
"2006-05-28 22:00","2006","05","28","22:00","19.6","","13.3","","67","","23","","7","","24.1","","100.48","","","","","","Rain"
"2006-05-28 23:00","2006","05","28","23:00","19.3","","13.2","","68","","21","","4","","24.1","","100.44","","","","","","Cloudy"
"2006-05-29 00:00","2006","05","29","00:00","18.0","","14.1","","78","","21","","7","","19.3","","100.44","","","","","","Rain"
"2006-05-29 01:00","2006","05","29","01:00","16.2","","14.6","","90","","23","","9","","9.7","","100.45","","","","","","Moderate Rain,Fog"
"2006-05-29 02:00","2006","05","29","02:00","15.9","","15.3","","96","","","","0","","9.7","","100.40","","","","","","Fog"
"2006-05-29 03:00","2006","05","29","03:00","16.3","","15.6","","96","","","","0","","8.0","","100.41","","","","","","Rain,Fog"
"2006-05-29 04:00","2006","05","29","04:00","16.3","","15.6","","96","","19","","6","","8.0","","100.39","","","","","","Fog"
"2006-05-29 05:00","2006","05","29","05:00","16.6","","15.4","","93","","20","","7","","19.3","","100.40","","","","","","Mostly Cloudy"
"2006-05-29 06:00","2006","05","29","06:00","16.8","","15.4","","91","","21","","4","","19.3","","100.42","","","","","","Mostly Cloudy"
"2006-05-29 07:00","2006","05","29","07:00","18.3","","16.1","","87","","23","","4","","9.7","","100.45","","","","","","Haze"
"2006-05-29 08:00","2006","05","29","08:00","19.4","","16.4","","83","","29","","7","","9.7","","100.46","","","","","","Haze"
"2006-05-29 09:00","2006","05","29","09:00","21.2","","17.0","","77","","32","","7","","16.1","","100.46","","26","","","","Mainly Clear"
"2006-05-29 10:00","2006","05","29","10:00","22.8","","17.7","","73","","","","0","","16.1","","100.47","","29","","","","Mainly Clear"
"2006-05-29 11:00","2006","05","29","11:00","24.0","","18.2","","70","","","","0","","16.1","","100.44","","30","","","","Mainly Clear"
"2006-05-29 12:00","2006","05","29","12:00","24.8","","18.9","","70","","","","0","","16.1","","100.44","","31","","","","Mostly Cloudy"
"2006-05-29 13:00","2006","05","29","13:00","26.0","","18.5","","63","","30","","9","","19.3","","100.41","","32","","","","Mostly Cloudy"
"2006-05-29 14:00","2006","05","29","14:00","27.0","","19.1","","62","","29","","17","","19.3","","100.37","","34","","","","Mostly Cloudy"
"2006-05-29 15:00","2006","05","29","15:00","27.4","","19.3","","61","","29","","6","","19.3","","100.36","","34","","","","Mainly Clear"
"2006-05-29 16:00","2006","05","29","16:00","27.6","","19.5","","61","","28","","4","","19.3","","100.31","","35","","","","Mainly Clear"
"2006-05-29 17:00","2006","05","29","17:00","28.1","","17.8","","54","","23","","4","","19.3","","100.30","","34","","","","Mainly Clear"
"2006-05-29 18:00","2006","05","29","18:00","27.9","","17.9","","55","","","","0","","19.3","","100.30","","34","","","","Mainly Clear"
"2006-05-29 19:00","2006","05","29","19:00","26.8","","17.4","","56","","23","","4","","19.3","","100.32","","32","","","","Mainly Clear"
"2006-05-29 20:00","2006","05","29","20:00","25.3","","17.0","","60","","","","0","","19.3","","100.32","","31","","","","Mainly Clear"
"2006-05-29 21:00","2006","05","29","21:00","24.5","","16.4","","61","","","","0","","19.3","","100.37","","29","","","","Mainly Clear"
"2006-05-29 22:00","2006","05","29","22:00","24.6","","17.6","","65","","22","","4","","19.3","","100.36","","30","","","","Thunderstorms"
"2006-05-29 23:00","2006","05","29","23:00","21.9","","17.8","","78","","28","","6","","19.3","","100.43","","28","","","","Mostly Cloudy"
"2006-05-30 00:00","2006","05","30","00:00","21.8","","19.2","","85","","20","","4","","16.1","","100.41","","29","","","","Cloudy"
"2006-05-30 01:00","2006","05","30","01:00","19.8","","18.6","","93","","32","","11","","16.1","","100.41","","","","","","Cloudy"
"2006-05-30 02:00","2006","05","30","02:00","20.5","","19.0","","91","","","","0","","16.1","","100.38","","27","","","","Mostly Cloudy"
"2006-05-30 03:00","2006","05","30","03:00","20.5","","19.2","","92","","24","","6","","16.1","","100.45","","27","","","","Cloudy"
"2006-05-30 04:00","2006","05","30","04:00","19.9","","18.9","","94","","","","0","","16.1","","100.48","","","","","","Mostly Cloudy"
"2006-05-30 05:00","2006","05","30","05:00","18.4","","17.5","","94","","10","","6","","8.0","","100.46","","","","","","Fog"
"2006-05-30 06:00","2006","05","30","06:00","20.2","","19.0","","93","","36","","20","","8.0","","100.66","","27","","","","Fog"
"2006-05-30 07:00","2006","05","30","07:00","20.3","","18.3","","88","","9","","15","","16.1","","100.53","","27","","","","Mostly Cloudy"
"2006-05-30 08:00","2006","05","30","08:00","21.9","","18.6","","82","","3","","6","","24.1","","100.61","","28","","","","Mostly Cloudy"
"2006-05-30 09:00","2006","05","30","09:00","23.7","","19.6","","78","","10","","6","","24.1","","100.55","","31","","","","Mostly Cloudy"
"2006-05-30 10:00","2006","05","30","10:00","25.2","","19.4","","70","","8","","9","","24.1","","100.53","","32","","","","Mostly Cloudy"
"2006-05-30 11:00","2006","05","30","11:00","26.7","","20.3","","68","","10","","6","","24.1","","100.53","","35","","","","Mostly Cloudy"
"2006-05-30 12:00","2006","05","30","12:00","27.2","","19.9","","64","","8","","4","","24.1","","100.52","","35","","","","Mostly Cloudy"
"2006-05-30 13:00","2006","05","30","13:00","28.3","","20.6","","63","","15","","7","","24.1","","100.46","","36","","","","Mainly Clear"
"2006-05-30 14:00","2006","05","30","14:00","29.0","","19.5","","57","","","","0","","24.1","","100.42","","36","","","","Mainly Clear"
"2006-05-30 15:00","2006","05","30","15:00","29.9","","19.7","","54","","26","","4","","24.1","","100.36","","37","","","","Mainly Clear"
"2006-05-30 16:00","2006","05","30","16:00","30.4","","20.3","","55","","13","","9","","24.1","","100.33","","38","","","","Mainly Clear"
"2006-05-30 17:00","2006","05","30","17:00","29.8","","19.7","","55","","12","","15","","24.1","","100.31","","37","","","","Mainly Clear"
"2006-05-30 18:00","2006","05","30","18:00","27.4","","20.3","","65","","12","","11","","24.1","","100.31","","35","","","","Mainly Clear"
"2006-05-30 19:00","2006","05","30","19:00","26.0","","19.6","","68","","11","","15","","24.1","","100.35","","33","","","","Mostly Cloudy"
"2006-05-30 20:00","2006","05","30","20:00","24.2","","19.3","","74","","12","","11","","24.1","","100.34","","31","","","","Mostly Cloudy"
"2006-05-30 21:00","2006","05","30","21:00","24.4","","19.3","","73","","17","","7","","19.3","","100.45","","31","","","","Thunderstorms"
"2006-05-30 22:00","2006","05","30","22:00","23.3","","19.1","","77","","14","","13","","25.0","","100.39","","30","","","","Mostly Cloudy"
"2006-05-30 23:00","2006","05","30","23:00","22.9","","19.2","","80","","2","","9","","25.0","","100.35","","30","","","","Thunderstorms"
"2006-05-31 00:00","2006","05","31","00:00","21.5","","18.9","","85","","7","","9","","19.3","","100.33","","28","","","","Cloudy"
"2006-05-31 01:00","2006","05","31","01:00","19.9","","17.4","","86","","7","","11","","19.3","","100.43","","","","","","Clear"
"2006-05-31 02:00","2006","05","31","02:00","18.1","","16.3","","89","","9","","9","","19.3","","100.41","","","","","","Clear"
"2006-05-31 03:00","2006","05","31","03:00","17.4","","15.8","","90","","","","0","","12.9","","100.43","","","","","","Clear"
"2006-05-31 04:00","2006","05","31","04:00","16.8","","15.5","","92","","9","","6","","9.7","","100.41","","","","","","Fog"
"2006-05-31 05:00","2006","05","31","05:00","17.3","","15.9","","91","","10","","4","","9.7","","100.44","","","","","","Fog"
"2006-05-31 06:00","2006","05","31","06:00","19.2","","17.5","","90","","13","","6","","9.7","","100.45","","","","","","Fog"
"2006-05-31 07:00","2006","05","31","07:00","21.4","","18.4","","83","","20","","9","","16.1","","100.44","","28","","","","Mainly Clear"
"2006-05-31 08:00","2006","05","31","08:00","22.9","","18.9","","78","","20","","9","","16.1","","100.41","","30","","","","Mainly Clear"
"2006-05-31 09:00","2006","05","31","09:00","24.5","","19.8","","75","","20","","7","","19.3","","100.37","","32","","","","Mostly Cloudy"
"2006-05-31 10:00","2006","05","31","10:00","26.5","","20.9","","71","","17","","7","","16.1","","100.33","","35","","","","Mainly Clear"
"2006-05-31 11:00","2006","05","31","11:00","27.9","","21.1","","67","","26","","13","","16.1","","100.30","","36","","","","Mostly Cloudy"
"2006-05-31 12:00","2006","05","31","12:00","28.5","","21.3","","65","","23","","15","","16.1","","100.25","","37","","","","Mostly Cloudy"
"2006-05-31 13:00","2006","05","31","13:00","28.6","","20.9","","63","","24","","19","","16.1","","100.25","","37","","","","Mostly Cloudy"
"2006-05-31 14:00","2006","05","31","14:00","28.2","","21.1","","65","","24","","28","","16.1","","100.20","","37","","","","Mostly Cloudy"
"2006-05-31 15:00","2006","05","31","15:00","29.1","","21.0","","62","","24","","15","","16.1","","100.15","","38","","","","Mostly Cloudy"
"2006-05-31 16:00","2006","05","31","16:00","29.2","","20.7","","60","","22","","19","","19.3","","100.13","","37","","","","Mostly Cloudy"
"2006-05-31 17:00","2006","05","31","17:00","28.1","","18.4","","56","","26","","20","","16.1","","100.08","","34","","","","Mostly Cloudy"
"2006-05-31 18:00","2006","05","31","18:00","27.3","","19.8","","64","","27","","9","","24.1","","100.07","","35","","","","Mostly Cloudy"
"2006-05-31 19:00","2006","05","31","19:00","22.5","","20.4","","88","","25","","15","","24.1","","100.15","","30","","","","Thunderstorms,Rain Showers"
"2006-05-31 20:00","2006","05","31","20:00","21.9","","20.4","","91","","","","0","","24.1","","100.18","","30","","","","Mostly Cloudy"
"2006-05-31 21:00","2006","05","31","21:00","22.0","","20.5","","91","","24","","6","","25.0","","100.19","","30","","","","Cloudy"
"2006-05-31 22:00","2006","05","31","22:00","22.3","","20.6","","90","","24","","6","","25.0","","100.22","","30","","","","Cloudy"
"2006-05-31 23:00","2006","05","31","23:00","21.8","","20.2","","91","","26","","4","","25.0","","100.22","","30","","","","Cloudy"
